63.0000000,5.8121090,-0.1556679,2.5448025,0.2212230,-1.3436672,0.2534357
64.0000000,5.5820317,-0.1691384,2.4809717,0.2903287,-1.3462317,0.1617132
65.0000000,5.4921740,-0.1805593,2.4599612,0.3281852,-1.3678050,0.0878601
66.0000000,5.4063931,-0.1843683,2.4401747,0.3395850,-1.3471357,0.0886873
67.0000000,5.3152413,-0.1769923,2.4204332,0.3424988,-1.3178090,0.0756772
68.0000000,5.2230343,-0.1586803,2.3923321,0.3513194,-1.3147272,0.0560227
69.0000000,5.1256500,-0.1432505,2.3642013,0.3303703,-1.3157980,0.0516618
70.0000000,5.0250987,-0.1325059,2.3321346,0.2590277,-1.3453258,0.0054150
71.0000000,4.9307473,-0.1180331,2.3023838,0.3339131,-1.3872776,-0.0506057
72.0000000,4.8355634,-0.1194388,2.2774094,0.3714225,-1.4279821,-0.0919581
73.0000000,4.7029183,-0.1365092,2.2418197,0.4205236,-1.5240747,-0.1221404
74.0000000,4.6128228,-0.1506354,2.2219319,0.4398364,-1.5802230,-0.1045619
75.0000000,4.5176654,-0.1576829,2.2028331,0.4600415,-1.5703790,-0.0682427
76.0000000,4.4236295,-0.1524212,2.1905771,0.4740857,-1.5953387,-0.0594851
77.0000000,4.3743867,-0.1475354,2.1841013,0.4594767,-1.5907535,-0.0607134
78.0000000,4.3277994,-0.1377447,2.1814156,0.4889880,-1.6079829,-0.0935677
79.0000000,4.2244002,-0.1262813,2.1678642,0.4571636,-1.6143404,-0.0791577
80.0000000,4.1221461,-0.1223232,2.1625783,0.4482626,-1.6568861,-0.0867842
81.0000000,4.0687673,-0.1228193,2.1637088,0.4692113,-1.6723179,-0.0976113
82.0000000,4.0169252,-0.1274320,2.1621057,0.4727993,-1.6846371,-0.1086447
83.0000000,3.9680767,-0.1358883,2.1620414,0.4751588,-1.6932194,-0.1187928
84.0000000,3.9190331,-0.1487268,2.1630846,0.4504775,-1.6888023,-0.1352893
96.0000000,0.6545739,-0.5507112,2.6482553,-0.0207982,-3.0245466,-0.1164123
97.0000000,0.6601636,-0.5596375,2.6549581,-0.0357557,-3.0297034,-0.0993718
98.0000000,0.6648755,-0.5674448,2.6623030,-0.0414206,-3.0294520,-0.1111334
99.0000000,0.6688640,-0.5755210,2.6702617,-0.0322308,-3.0415581,-0.0856467
100.0000000,0.6730664,-0.5843217,2.6774905,-0.0163005,-3.0382614,-0.0631449
101.0000000,0.6793785,-0.5974050,2.6850600,-0.0526309,-3.0408614,-0.0609587
102.0000000,0.6827495,-0.6064842,2.6916922,-0.0490878,-3.0397759,-0.0257196
103.0000000,0.6867032,-0.6171072,2.6971483,-0.0776292,-3.0253083,-0.0257564
104.0000000,0.6889944,-0.6222296,2.7032259,-0.0574524,-3.0238833,-0.0079925
105.0000000,0.6915576,-0.6273465,2.7085729,-0.0470029,-3.0210875,-0.0064928
106.0000000,0.6932874,-0.6303353,2.7125311,-0.0320844,-3.0123674,-0.0159576
107.0000000,0.6941330,-0.6327693,2.7164979,-0.0188043,-3.0099682,-0.0206611
108.0000000,0.6970050,-0.6361009,2.7209691,-0.0328294,-3.0147706,-0.0527426
109.0000000,0.6983414,-0.6386470,2.7254454,-0.0326750,-3.0257401,-0.0442165
110.0000000,0.7006629,-0.6412839,2.7292483,-0.0311731,-3.0353071,-0.0446009
111.0000000,0.7014225,-0.6427771,2.7318376,-0.0295299,-3.0243947,-0.0610479
112.0000000,0.7012475,-0.6430225,2.7343090,-0.0161994,-3.0244405,-0.0510893
113.0000000,0.7026269,-0.6442695,2.7362348,-0.0098211,-3.0228551,-0.0536423
114.0000000,0.7031078,-0.6453604,2.7387451,-0.0111030,-3.0133635,-0.0568177
115.0000000,0.7034798,-0.6452118,2.7411724,-0.0090086,-3.0097169,-0.0631605
116.0000000,0.7036960,-0.6443456,2.7440168,-0.0005491,-3.0170933,-0.0593265
117.0000000,0.7028368,-0.6415153,2.7473903,0.0273753,-3.0280863,-0.0501048
118.0000000,0.7042561,-0.6446438,2.7493763,-0.0120999,-3.0201729,-0.0618558
119.0000000,0.7038293,-0.6447878,2.7515849,-0.0111464,-3.0247106,-0.0538997
120.0000000,0.7028787,-0.6442115,2.7535883,0.0012488,-3.0307408,-0.0277098
121.0000000,0.7030561,-0.6449246,2.7556984,0.0051510,-3.0316760,-0.0086941
122.0000000,0.7034357,-0.6458818,2.7573690,0.0044653,-3.0293959,-0.0004042
123.0000000,0.7037747,-0.6462549,2.7585032,0.0088023,-3.0281751,0.0074242
124.0000000,0.7049730,-0.6471469,2.7588683,-0.0035394,-3.0143605,-0.0006585
125.0000000,0.7051938,-0.6464907,2.7597876,0.0012400,-3.0150072,-0.0042883
126.0000000,0.7048695,-0.6451972,2.7612419,0.0096392,-3.0219092,-0.0074240
127.0000000,0.7053261,-0.6440029,2.7620065,0.0140624,-3.0329426,-0.0176714
128.0000000,0.7069349,-0.6442397,2.7629192,-0.0030969,-3.0290115,-0.0463121
129.0000000,0.7073152,-0.6433952,2.7640300,0.0056950,-3.0279144,-0.0490046
130.0000000,0.7083573,-0.6440331,2.7654225,-0.0051765,-3.0258932,-0.0598810
131.0000000,0.7076542,-0.6435198,2.7672479,-0.0011887,-3.0228076,-0.0636346
132.0000000,0.7065651,-0.6428782,2.7684562,-0.0049550,-3.0084914,-0.0738341
133.0000000,0.7053819,-0.6427782,2.7698474,-0.0200488,-2.9931420,-0.0885400
134.0000000,0.7037246,-0.6427231,2.7722199,-0.0290123,-2.9955479,-0.0706079
135.0000000,0.7024417,-0.6421661,2.7742720,-0.0299802,-3.0108834,-0.0459020
136.0000000,0.7016373,-0.6408335,2.7746205,-0.0137980,-3.0217665,-0.0286102
137.0000000,0.7019825,-0.6400592,2.7748126,-0.0145023,-3.0280785,-0.0331400
138.0000000,0.7039289,-0.6407276,2.7751706,-0.0334493,-3.0377043,-0.0696683
139.0000000,0.7052002,-0.6407923,2.7770132,-0.0508551,-3.0689649,-0.0932808
140.0000000,0.7059202,-0.6412857,2.7777606,-0.0586150,-3.0894043,-0.0957522
141.0000000,0.7070007,-0.6412982,2.7784922,-0.0575812,-3.1104489,-0.1022685
142.0000000,0.7082281,-0.6408173,2.7785699,-0.0491162,-3.1321781,-0.0958928
143.0000000,0.7090404,-0.6394191,2.7782116,-0.0318330,-3.1434649,-0.0930917
144.0000000,0.7090631,-0.6393837,2.7784131,-0.0303236,-3.1609381,-0.0891058
145.0000000,0.7082503,-0.6397235,2.7776525,-0.0329661,-3.1648126,-0.0671077
146.0000000,0.7063456,-0.6401068,2.7755541,-0.0332468,-3.1553983,-0.0430681
147.0000000,0.7026772,-0.6408855,2.7727262,-0.0251813,-3.1430712,-0.0186420
148.0000000,0.6949701,-0.6414256,2.7690281,0.0045562,-3.1143271,0.0186553
149.0000000,0.6833861,-0.6420002,2.7625598,0.0477017,-3.0572180,0.0499404
150.0000000,0.6660888,-0.6486138,2.7558788,0.0491592,-3.0087221,0.0859644
151.0000000,0.6427717,-0.6607921,2.7501462,0.0094101,-2.9668485,0.1012897
152.0000000,0.6128533,-0.6742464,2.7455385,-0.0211037,-2.9194058,0.1036207
153.0000000,0.5756965,-0.6890256,2.7406080,-0.0386428,-2.8724417,0.1514211
154.0000000,0.5306079,-0.7049426,2.7357985,-0.0724829,-2.7917733,0.2007036
155.0000000,0.4775643,-0.7230107,2.7307945,-0.1448362,-2.6774174,0.2503959
156.0000000,0.4188342,-0.7341293,2.7318509,-0.1745407,-2.5782054,0.2671562
157.0000000,0.3578200,-0.7474866,2.7358222,-0.2434206,-2.4623551,0.2917177
158.0000000,0.2940984,-0.7624160,2.7470235,-0.3508806,-2.3372688,0.3232747
159.0000000,0.2332711,-0.7686486,2.7656569,-0.4033119,-2.2662825,0.3316978
160.0000000,0.1733232,-0.7733618,2.7907450,-0.4715770,-2.2062900,0.3723551
161.0000000,0.1218071,-0.7735183,2.8237587,-0.5355752,-2.2272271,0.3987521
162.0000000,0.0785890,-0.7866529,2.8691014,-0.7851386,-2.2262796,0.5666803
163.0000000,0.0444474,-0.7869537,2.9226462,-0.9865531,-2.2517542,0.7696929
167.0000000,0.4507246,-0.7928183,2.6639767,-0.7441924,-2.4125913,0.2713928
168.0000000,0.5161138,-0.7480099,2.6941792,-0.3365695,-2.9972947,0.2022849
169.0000000,0.5467560,-0.7366955,2.6989965,-0.2900287,-3.0503812,0.1893863
170.0000000,0.5733099,-0.7268248,2.7039005,-0.2530636,-3.0890526,0.1820710
171.0000000,0.5946255,-0.7181742,2.7109663,-0.2167645,-3.1161823,0.1617231
172.0000000,0.6141238,-0.7108815,2.7162064,-0.1943679,-3.1509444,0.1435722
173.0000000,0.6295977,-0.7039341,2.7236940,-0.1616264,-3.1862448,0.1488145
174.0000000,0.6426215,-0.6976533,2.7309849,-0.1461946,-3.2145464,0.1226245
175.0000000,0.6528907,-0.6913224,2.7390062,-0.1322728,-3.2423532,0.1104696
176.0000000,0.6613774,-0.6856166,2.7452375,-0.1235472,-3.2620542,0.1069025
177.0000000,0.6681314,-0.6810457,2.7509265,-0.1179928,-3.2734101,0.0880941
178.0000000,0.6730201,-0.6773611,2.7572889,-0.1082921,-3.2784673,0.0765870
179.0000000,0.6774781,-0.6740365,2.7585458,-0.0973828,-3.2823498,0.0812358
180.0000000,0.6811433,-0.6726986,2.7614201,-0.1049143,-3.2870467,0.0625384
181.0000000,0.6843894,-0.6713786,2.7646263,-0.1066070,-3.2976020,0.0478068
182.0000000,0.6867537,-0.6709654,2.7678921,-0.1081068,-3.2979409,0.0387118
183.0000000,0.6895702,-0.6690120,2.7680920,-0.0979017,-3.3094737,0.0400380
184.0000000,0.6913772,-0.6682839,2.7697004,-0.1043269,-3.3065646,0.0223862
185.0000000,0.6919587,-0.6672266,2.7714342,-0.1023682,-3.2995363,0.0178643
186.0000000,0.6922429,-0.6652826,2.7711499,-0.0952647,-3.2873444,0.0146043
187.0000000,0.6922641,-0.6624165,2.7696104,-0.0842939,-3.2738576,0.0130652
188.0000000,0.6908476,-0.6603622,2.7696609,-0.0803507,-3.2600924,-0.0021281
189.0000000,0.6897395,-0.6586777,2.7703286,-0.0817697,-3.2459684,-0.0315699
190.0000000,0.6876144,-0.6574291,2.7714703,-0.0792676,-3.2365067,-0.0460999
191.0000000,0.6854928,-0.6561648,2.7725220,-0.0675183,-3.2303785,-0.0428304
192.0000000,0.6832097,-0.6546654,2.7731122,-0.0562674,-3.2166095,-0.0398541
193.0000000,0.6828687,-0.6547824,2.7741622,-0.0774792,-3.2069583,-0.0551619
194.0000000,0.6824980,-0.6534827,2.7750739,-0.0829663,-3.1969466,-0.0616710
195.0000000,0.6804225,-0.6492162,2.7751130,-0.0533056,-3.1754453,-0.0559393
196.0000000,0.6799252,-0.6459821,2.7755232,-0.0324875,-3.1563005,-0.0582253
197.0000000,0.6811016,-0.6456733,2.7762049,-0.0556992,-3.1434944,-0.0780090
198.0000000,0.6804376,-0.6447579,2.7777441,-0.0574811,-3.1300062,-0.0847440
199.0000000,0.6792758,-0.6409485,2.7752579,-0.0291430,-3.0956969,-0.0959712
200.0000000,0.6786165,-0.6383789,2.7761406,-0.0044756,-3.0838438,-0.0861629
201.0000000,0.6782277,-0.6369108,2.7778718,0.0106783,-3.0816736,-0.0746445
202.0000000,0.6797550,-0.6365285,2.7785579,0.0116633,-3.0783830,-0.0747605
203.0000000,0.6795154,-0.6326562,2.7806200,0.0473327,-3.0691725,-0.0690299
204.0000000,0.6802464,-0.6308200,2.7860852,0.0634560,-3.0846283,-0.0819520
205.0000000,0.6823685,-0.6297823,2.7856815,0.0648766,-3.0819493,-0.0741720
206.0000000,0.6843264,-0.6304833,2.7862870,0.0573002,-3.0755918,-0.0655983
207.0000000,0.6873565,-0.6322392,2.7869893,0.0323592,-3.0588019,-0.0829757
208.0000000,0.6899998,-0.6333600,2.7897912,0.0139936,-3.0770041,-0.0933745
209.0000000,0.6919923,-0.6368895,2.7898089,-0.0253262,-3.0696091,-0.0918911
210.0000000,0.6933501,-0.6369847,2.7915491,-0.0239398,-3.0749755,-0.0745183
211.0000000,0.6952837,-0.6302311,2.7910597,0.0376952,-3.0600457,-0.0598702
212.0000000,0.6971624,-0.6272122,2.7921938,0.0604621,-3.0647852,-0.0560844
213.0000000,0.6995800,-0.6261142,2.7940902,0.0614070,-3.0736317,-0.0706807
214.0000000,0.7011008,-0.6261476,2.7957007,0.0590849,-3.0709329,-0.0664673
215.0000000,0.7039871,-0.6266462,2.7933291,0.0477544,-3.0655424,-0.0714580
216.0000000,0.7063360,-0.6278254,2.7951161,0.0394547,-3.0609990,-0.0776779
217.0000000,0.7082999,-0.6309899,2.7961466,0.0217885,-3.0464486,-0.0858324
218.0000000,0.7097659,-0.6331960,2.8004289,0.0136210,-3.0571680,-0.0905514
219.0000000,0.7113569,-0.6358334,2.8043828,-0.0039774,-3.0555248,-0.1030156
220.0000000,0.7117696,-0.6375016,2.8070635,-0.0164809,-3.0507768,-0.1064024
221.0000000,0.7110114,-0.6387662,2.8100096,-0.0220332,-3.0443824,-0.0949897
222.0000000,0.7106197,-0.6395581,2.8122880,-0.0248697,-3.0391726,-0.0878689
223.0000000,0.7108128,-0.6410990,2.8148943,-0.0415913,-3.0400823,-0.0934073
224.0000000,0.7083838,-0.6413972,2.8184630,-0.0327677,-3.0387485,-0.0761323
225.0000000,0.7073050,-0.6405259,2.8188542,-0.0254810,-3.0356125,-0.0654919
226.0000000,0.7058268,-0.6394024,2.8193153,-0.0240805,-3.0112567,-0.0807068
227.0000000,0.7043693,-0.6389843,2.8209379,-0.0230310,-3.0007631,-0.0885154
228.0000000,0.7025101,-0.6377279,2.8223760,-0.0124978,-2.9869704,-0.0942178
229.0000000,0.7005332,-0.6369425,2.8252145,-0.0025367,-2.9805106,-0.1009982
230.0000000,0.6988525,-0.6372614,2.8291421,-0.0005091,-2.9768364,-0.1091170
231.0000000,0.6974008,-0.6370152,2.8336407,0.0081775,-2.9710729,-0.1194643
232.0000000,0.6963058,-0.6374928,2.8399063,0.0161571,-2.9716956,-0.1227719
233.0000000,0.6956127,-0.6384828,2.8465871,0.0182803,-2.9650502,-0.1375119
234.0000000,0.6946733,-0.6401389,2.8532271,0.0171853,-2.9679476,-0.1357418
235.0000000,0.6932991,-0.6422194,2.8603640,0.0120976,-2.9741449,-0.1302937
236.0000000,0.6910856,-0.6427284,2.8678695,0.0168957,-2.9862184,-0.1134141
237.0000000,0.6887302,-0.6426896,2.8751504,0.0221683,-3.0038992,-0.0923759
238.0000000,0.6872468,-0.6438963,2.8818378,0.0001363,-3.0051418,-0.1022129
239.0000000,0.6850183,-0.6435221,2.8902293,0.0018539,-3.0154044,-0.0996250
240.0000000,0.6842589,-0.6420588,2.8953736,0.0054645,-3.0265709,-0.1047846
241.0000000,0.6828101,-0.6415311,2.9050374,0.0043286,-3.0373821,-0.1183441
242.0000000,0.6826935,-0.6401627,2.9114383,0.0045629,-3.0522702,-0.1267671
243.0000000,0.6817956,-0.6382370,2.9213091,0.0184037,-3.0760189,-0.1114507
244.0000000,0.6814744,-0.6367419,2.9316989,0.0306647,-3.0847059,-0.1154938
245.0000000,0.6815243,-0.6384044,2.9429663,0.0159586,-3.0935666,-0.1083558
246.0000000,0.6808624,-0.6387174,2.9565006,0.0156500,-3.1065259,-0.0949905
247.0000000,0.6801739,-0.6409369,2.9721184,0.0090311,-3.1110246,-0.1018021
248.0000000,0.6806138,-0.6424251,2.9854177,0.0025194,-3.1188964,-0.1015318
249.0000000,0.6790862,-0.6434264,3.0032868,0.0057959,-3.1210883,-0.0944364
250.0000000,0.6808908,-0.6469326,3.0195199,-0.0194299,-3.1328530,-0.1041736
251.0000000,0.6811552,-0.6477613,3.0352489,-0.0154636,-3.1351443,-0.1065220
252.0000000,0.6824050,-0.6485336,3.0516793,-0.0225896,-3.1439155,-0.1146319
253.0000000,0.6820867,-0.6471639,3.0671818,-0.0041009,-3.1453798,-0.1046377
254.0000000,0.6831381,-0.6483210,3.0867218,-0.0115509,-3.1522027,-0.1015176
255.0000000,0.6840162,-0.6470819,3.1045029,-0.0027329,-3.1475002,-0.1046828
256.0000000,0.6854820,-0.6455270,3.1229655,0.0070329,-3.1477535,-0.0897020
257.0000000,0.6872571,-0.6448433,3.1433725,0.0083187,-3.1357882,-0.0875446
258.0000000,0.6900663,-0.6442008,3.1647226,0.0051922,-3.1204849,-0.0804814
259.0000000,0.6930921,-0.6421447,3.1846470,0.0100644,-3.1104538,-0.0709236
260.0000000,0.6952751,-0.6419467,3.2084838,0.0086231,-3.1065927,-0.0607038
261.0000000,0.6973231,-0.6401223,3.2301987,0.0138768,-3.1018413,-0.0503528
262.0000000,0.6991296,-0.6391681,3.2507408,0.0099899,-3.0925644,-0.0605618
263.0000000,0.6999574,-0.6377238,3.2705767,0.0155602,-3.0923671,-0.0614150
264.0000000,0.7025826,-0.6375647,3.2889552,0.0019547,-3.0779122,-0.1017749
265.0000000,0.7036896,-0.6396577,3.3118944,-0.0119533,-3.0842896,-0.1148590
266.0000000,0.7044611,-0.6405557,3.3331065,-0.0131477,-3.0907313,-0.1264738
267.0000000,0.7048876,-0.6419883,3.3519737,-0.0156304,-3.0884352,-0.1259610
268.0000000,0.7041960,-0.6438525,3.3709050,-0.0014291,-3.0782979,-0.1066898
269.0000000,0.7038360,-0.6486068,3.3920429,-0.0207093,-3.0680043,-0.1035426
270.0000000,0.7015147,-0.6509165,3.4119382,-0.0111338,-3.0668151,-0.0808237
271.0000000,0.7005541,-0.6522063,3.4303764,-0.0136967,-3.0629041,-0.0879342
272.0000000,0.6963518,-0.6529305,3.4537443,0.0131703,-3.0822193,-0.0518020
273.0000000,0.6935885,-0.6532477,3.4738169,0.0203614,-3.0778746,-0.0590227
274.0000000,0.6897795,-0.6547970,3.4965523,0.0149090,-3.0883898,-0.0548804
275.0000000,0.6855023,-0.6552687,3.5178699,0.0181910,-3.0992173,-0.0474216
276.0000000,0.6809978,-0.6560066,3.5389544,0.0186295,-3.1087387,-0.0322475
277.0000000,0.6760528,-0.6554375,3.5588373,0.0206226,-3.1110243,-0.0236505
278.0000000,0.6704700,-0.6523961,3.5754889,0.0335603,-3.1024802,-0.0275386
279.0000000,0.6632040,-0.6496996,3.5933139,0.0391244,-3.1127167,-0.0240904
280.0000000,0.6560814,-0.6443658,3.6100332,0.0463730,-3.1028645,-0.0472151
281.0000000,0.6470764,-0.6405883,3.6294501,0.0367797,-3.1044038,-0.0463449
282.0000000,0.6383665,-0.6353371,3.6468066,0.0270273,-3.1137098,-0.0514203
283.0000000,0.6292493,-0.6289536,3.6623077,0.0190980,-3.1090893,-0.0586536
284.0000000,0.6188550,-0.6234437,3.6816251,0.0116972,-3.1083181,-0.0512438
285.0000000,0.6092792,-0.6174351,3.6986715,0.0169425,-3.1037765,-0.0617316
286.0000000,0.6005194,-0.6132830,3.7156607,0.0117308,-3.0949320,-0.0725467
287.0000000,0.5924814,-0.6107105,3.7332891,0.0089405,-3.0865506,-0.0767709
288.0000000,0.5851564,-0.6100055,3.7515280,0.0046655,-3.0820338,-0.0862822
289.0000000,0.5789676,-0.6105760,3.7693706,0.0011474,-3.0868228,-0.0906848
290.0000000,0.5749047,-0.6118728,3.7857724,-0.0062897,-3.0885520,-0.1040188
291.0000000,0.5700793,-0.6120043,3.8048970,0.0155799,-3.0897661,-0.1160912
292.0000000,0.5656424,-0.6170866,3.8395473,0.0345161,-3.0792454,-0.1016717
293.0000000,0.5666304,-0.6235592,3.8598107,0.0016746,-3.1055001,-0.1018059
294.0000000,0.5660086,-0.6281903,3.8795350,-0.0086907,-3.1101513,-0.0915151
295.0000000,0.5668380,-0.6304727,3.8991665,-0.0037579,-3.1131260,-0.0879784
296.0000000,0.5680077,-0.6321188,3.9170935,-0.0009607,-3.1175435,-0.0811762
297.0000000,0.5696490,-0.6340634,3.9357460,0.0040428,-3.1193304,-0.0745795
298.0000000,0.5722258,-0.6348779,3.9546691,0.0026444,-3.1184946,-0.0681334
299.0000000,0.5746219,-0.6371890,3.9737331,-0.0049793,-3.1295067,-0.0607624
300.0000000,0.5794244,-0.6360580,3.9908973,0.0075124,-3.1113412,-0.0677801
301.0000000,0.5856600,-0.6354783,4.0065944,0.0111199,-3.1120911,-0.0727624
302.0000000,0.5915654,-0.6338129,4.0245944,0.0159711,-3.1070992,-0.0773044
303.0000000,0.5987892,-0.6337461,4.0396363,0.0117426,-3.1353720,-0.0413235
304.0000000,0.6047144,-0.6317351,4.0569417,0.0176980,-3.1168745,-0.0384218
305.0000000,0.6107850,-0.6299278,4.0729336,0.0239151,-3.1005177,-0.0449759
306.0000000,0.6172562,-0.6284703,4.0901065,0.0152743,-3.0938862,-0.0473736
307.0000000,0.6228240,-0.6269480,4.1085244,0.0172489,-3.1022721,-0.0299697
308.0000000,0.6286132,-0.6280903,4.1258295,-0.0078451,-3.1188240,-0.0350460
309.0000000,0.6334651,-0.6275010,4.1414979,-0.0191116,-3.1237860,-0.0429233
310.0000000,0.6376126,-0.6256640,4.1566419,-0.0099208,-3.1295129,-0.0462311
311.0000000,0.6417589,-0.6250863,4.1679567,-0.0121638,-3.1214143,-0.0669252
312.0000000,0.6444335,-0.6254359,4.1807801,-0.0021043,-3.1103056,-0.0739301
313.0000000,0.6480348,-0.6254698,4.1900208,-0.0001802,-3.1038268,-0.0784681
314.0000000,0.6504521,-0.6252191,4.2000234,0.0189138,-3.1102215,-0.0668345
315.0000000,0.6529844,-0.6277024,4.2118210,0.0236713,-3.1300565,-0.0540949
316.0000000,0.6553764,-0.6298883,4.2187024,0.0130413,-3.1135562,-0.0744560
317.0000000,0.6579013,-0.6310661,4.2237406,0.0097164,-3.1086035,-0.0817939
318.0000000,0.6599872,-0.6326015,4.2283682,0.0101343,-3.1150723,-0.0594998
319.0000000,0.6611302,-0.6345801,4.2326218,0.0096907,-3.1017215,-0.0737170
320.0000000,0.6618054,-0.6342252,4.2338815,0.0328798,-3.0988501,-0.0758490
321.0000000,0.6631234,-0.6348464,4.2326021,0.0403296,-3.0997447,-0.0749237
322.0000000,0.6659906,-0.6367576,4.2266960,0.0166562,-3.0947455,-0.0769628
323.0000000,0.6658545,-0.6383129,4.2234831,0.0092573,-3.0931713,-0.0774811
324.0000000,0.6659372,-0.6368839,4.2164482,0.0161981,-3.0974876,-0.0804740
325.0000000,0.6660640,-0.6350458,4.2083450,0.0148492,-3.1006140,-0.0843543
326.0000000,0.6662741,-0.6331195,4.1978497,0.0102596,-3.1113751,-0.0900026
327.0000000,0.6653779,-0.6301650,4.1853576,0.0087806,-3.0943062,-0.1018613
328.0000000,0.6637075,-0.6280884,4.1735630,-0.0029961,-3.1132556,-0.1108130
329.0000000,0.6625652,-0.6258175,4.1608080,-0.0054747,-3.1080024,-0.1384839
330.0000000,0.6601396,-0.6232686,4.1436600,0.0022145,-3.1125045,-0.1343705
331.0000000,0.6589754,-0.6212422,4.1245469,-0.0070250,-3.1155664,-0.1392501
332.0000000,0.6554866,-0.6198617,4.1077404,-0.0071729,-3.1156252,-0.1313009
333.0000000,0.6525605,-0.6191946,4.0882219,-0.0072390,-3.1394384,-0.0809282
334.0000000,0.6496520,-0.6176468,4.0671079,-0.0013627,-3.1436036,-0.0748139
335.0000000,0.6458519,-0.6185148,4.0474310,-0.0050311,-3.1233262,-0.0933589
336.0000000,0.6423881,-0.6199993,4.0264706,-0.0052791,-3.1272265,-0.0847127
337.0000000,0.6382742,-0.6216475,4.0034943,-0.0015962,-3.1288505,-0.0846317
338.0000000,0.6334884,-0.6251150,3.9826242,-0.0062493,-3.1267001,-0.0862500
339.0000000,0.6290667,-0.6269494,3.9592689,-0.0018283,-3.1262126,-0.0964851
340.0000000,0.6247826,-0.6290437,3.9370063,0.0000614,-3.1276197,-0.0961675
341.0000000,0.6206203,-0.6319553,3.9158680,-0.0042286,-3.1297554,-0.0965528
342.0000000,0.6165478,-0.6347882,3.8949485,-0.0039347,-3.1334742,-0.0971286
343.0000000,0.6130805,-0.6386663,3.8750365,-0.0152066,-3.1405427,-0.0914468
344.0000000,0.6089084,-0.6406659,3.8558214,-0.0006811,-3.1511141,-0.0779146
345.0000000,0.6048374,-0.6436483,3.8372146,0.0029708,-3.1489316,-0.0766861
346.0000000,0.6023221,-0.6458488,3.8160115,-0.0026993,-3.1361850,-0.0858737
347.0000000,0.5991609,-0.6485193,3.8010436,-0.0052979,-3.1473359,-0.0671087
348.0000000,0.5973196,-0.6498604,3.7821281,-0.0094950,-3.1396032,-0.0891456
349.0000000,0.5955644,-0.6516240,3.7668264,-0.0140246,-3.1475737,-0.0920587
350.0000000,0.5931635,-0.6530292,3.7540643,-0.0150181,-3.1488328,-0.0999729
351.0000000,0.5912957,-0.6529680,3.7397629,-0.0052293,-3.1461334,-0.1075667
352.0000000,0.5906367,-0.6523738,3.7267407,0.0080986,-3.1674096,-0.0930728
353.0000000,0.5892985,-0.6517760,3.7150922,0.0245762,-3.1759862,-0.0894385
354.0000000,0.5881839,-0.6513985,3.7048179,0.0326947,-3.1797563,-0.1004423
355.0000000,0.5874302,-0.6511751,3.6947270,0.0350842,-3.1794958,-0.1033512
356.0000000,0.5871899,-0.6515085,3.6852769,0.0264363,-3.1844430,-0.0997799
357.0000000,0.5869281,-0.6513771,3.6756473,0.0218933,-3.1918563,-0.0997470
358.0000000,0.5865009,-0.6512543,3.6660557,0.0042684,-3.1838743,-0.1076212
359.0000000,0.5857763,-0.6510029,3.6567979,-0.0158908,-3.1811172,-0.1046397
360.0000000,0.5857012,-0.6526073,3.6472747,-0.0534267,-3.1706078,-0.0962432
361.0000000,0.5848680,-0.6539127,3.6397275,-0.0729182,-3.1661569,-0.0754227
362.0000000,0.5840220,-0.6539263,3.6325428,-0.0776195,-3.1591715,-0.0726371
363.0000000,0.5847473,-0.6577952,3.6233348,-0.1170284,-3.1323858,-0.0797626
364.0000000,0.5846846,-0.6612492,3.6180283,-0.1513798,-3.1177524,-0.0959129
365.0000000,0.5853851,-0.6636159,3.6115788,-0.1653703,-3.1021186,-0.0879401
366.0000000,0.5850861,-0.6679846,3.6078237,-0.1956061,-3.0898084,-0.0783440
367.0000000,0.5846303,-0.6730137,3.6052012,-0.2378299,-3.0922311,-0.0606417
368.0000000,0.5834219,-0.6777481,3.6039600,-0.2714651,-3.0929343,-0.0508403
369.0000000,0.5835979,-0.6824983,3.5981807,-0.3092177,-3.0964856,-0.0289443
370.0000000,0.5831666,-0.6874094,3.5958118,-0.3530015,-3.1056356,-0.0298525
371.0000000,0.5798576,-0.6972672,3.5885981,-0.4455941,-3.0590978,-0.0153734
372.0000000,0.5777416,-0.7019469,3.5869755,-0.4909637,-3.0644218,-0.0172402
373.0000000,0.5748081,-0.7074372,3.5846063,-0.5504240,-3.0612576,-0.0148513
374.0000000,0.5736208,-0.7108490,3.5835236,-0.5801224,-3.0718064,0.0040171
375.0000000,0.5725434,-0.7136110,3.5823541,-0.6097653,-3.0882590,0.0015364
376.0000000,0.5705781,-0.7174208,3.5830338,-0.6440313,-3.0915737,0.0039086
377.0000000,0.5698133,-0.7189745,3.5796928,-0.6705982,-3.0948224,0.0091148
378.0000000,0.5675077,-0.7219367,3.5777025,-0.7103793,-3.0848395,0.0057751
379.0000000,0.5652504,-0.7267356,3.5784559,-0.7622287,-3.0843461,-0.0022779
380.0000000,0.5640981,-0.7298987,3.5744818,-0.8138311,-3.0773671,-0.0065805
381.0000000,0.5641894,-0.7311978,3.5741684,-0.8329255,-3.0736534,-0.0035995
382.0000000,0.5668254,-0.7288849,3.5703442,-0.8345384,-3.0762446,-0.0175198
383.0000000,0.5675337,-0.7294406,3.5689447,-0.8641008,-3.0866195,-0.0308835
384.0000000,0.5690079,-0.7288421,3.5673177,-0.8898393,-3.0992298,-0.0458556
385.0000000,0.5718515,-0.7279048,3.5683160,-0.9126095,-3.1336035,-0.0426628
386.0000000,0.5740499,-0.7266897,3.5680428,-0.9395866,-3.1515137,-0.0463329
387.0000000,0.5759993,-0.7256044,3.5681877,-0.9698394,-3.1647332,-0.0476045
388.0000000,0.5790246,-0.7224364,3.5640589,-0.9878443,-3.1594981,-0.0554483
389.0000000,0.5812135,-0.7218882,3.5671059,-1.0131718,-3.1806883,-0.0440428
390.0000000,0.5846934,-0.7193938,3.5658537,-1.0284743,-3.2005664,-0.0367701
391.0000000,0.5866301,-0.7182149,3.5662465,-1.0465226,-3.2070906,-0.0350407
392.0000000,0.5892262,-0.7164712,3.5652150,-1.0563848,-3.2114997,-0.0443957
393.0000000,0.5905247,-0.7163121,3.5669814,-1.0734021,-3.2190063,-0.0436715
394.0000000,0.5930824,-0.7143507,3.5649238,-1.0842871,-3.2123768,-0.0447604
395.0000000,0.5939217,-0.7139354,3.5661048,-1.0959920,-3.2163657,-0.0485239
396.0000000,0.5956094,-0.7128695,3.5645452,-1.1056758,-3.2241869,-0.0521882
397.0000000,0.5970695,-0.7115656,3.5630201,-1.1120933,-3.2209320,-0.0589563
398.0000000,0.5983694,-0.7100805,3.5608416,-1.1228748,-3.2220914,-0.0798739
399.0000000,0.5997255,-0.7084153,3.5591978,-1.1369286,-3.2303565,-0.0990771
400.0000000,0.5998142,-0.7067680,3.5590105,-1.1536311,-3.2329474,-0.1127318
401.0000000,0.5997119,-0.7054285,3.5576501,-1.1707863,-3.2290418,-0.1123422
402.0000000,0.5999699,-0.7038146,3.5556149,-1.1868252,-3.2316602,-0.1115253
403.0000000,0.5991418,-0.7030207,3.5568926,-1.2025281,-3.2302623,-0.1133556
404.0000000,0.5989966,-0.7023706,3.5545168,-1.2206700,-3.2278363,-0.1125822
405.0000000,0.5987887,-0.7020329,3.5531289,-1.2385734,-3.2313717,-0.1234452
406.0000000,0.5985141,-0.7018019,3.5521057,-1.2606819,-3.2384369,-0.1345731
407.0000000,0.5971549,-0.7021127,3.5515562,-1.2838546,-3.2339639,-0.1312749
408.0000000,0.5954814,-0.7027799,3.5518998,-1.3080058,-3.2249858,-0.1186030
409.0000000,0.5939260,-0.7026893,3.5527372,-1.3296413,-3.2156494,-0.1135431
410.0000000,0.5918067,-0.7032181,3.5547692,-1.3473382,-3.2051572,-0.1102793
411.0000000,0.5911384,-0.7026644,3.5536250,-1.3625097,-3.1989607,-0.1063075
412.0000000,0.5903208,-0.7019466,3.5547199,-1.3762183,-3.1923039,-0.1031981
413.0000000,0.5890141,-0.7015462,3.5557411,-1.3943544,-3.1824752,-0.0959270
414.0000000,0.5882773,-0.7013804,3.5574571,-1.4092015,-3.1796024,-0.0852980
415.0000000,0.5868957,-0.7014388,3.5607949,-1.4183978,-3.1736836,-0.0767871
416.0000000,0.5868149,-0.7012185,3.5613534,-1.4183196,-3.1692010,-0.0724958
417.0000000,0.5882559,-0.7002654,3.5600137,-1.4064389,-3.1656464,-0.0729532
418.0000000,0.5893357,-0.7000760,3.5605884,-1.3905765,-3.1571459,-0.0752067
419.0000000,0.5906734,-0.7005370,3.5624089,-1.3736396,-3.1480962,-0.0790787
420.0000000,0.5928698,-0.7004296,3.5614012,-1.3569945,-3.1437333,-0.0902992
421.0000000,0.5945315,-0.7008721,3.5604517,-1.3489682,-3.1357957,-0.1015683
422.0000000,0.5973620,-0.7009369,3.5601103,-1.3386645,-3.1358216,-0.0991649
423.0000000,0.5993221,-0.7011489,3.5608540,-1.3335285,-3.1322251,-0.0971678
424.0000000,0.6017203,-0.7009823,3.5608465,-1.3265412,-3.1339614,-0.0979839
425.0000000,0.6029539,-0.7016933,3.5635279,-1.3235247,-3.1350670,-0.0929277
426.0000000,0.6050940,-0.7016346,3.5625795,-1.3188855,-3.1394280,-0.0886708
427.0000000,0.6071754,-0.7022340,3.5639018,-1.3062019,-3.1424332,-0.0846596
428.0000000,0.6083376,-0.7033546,3.5662188,-1.2951730,-3.1388488,-0.0811421
429.0000000,0.6098046,-0.7046939,3.5663638,-1.2878000,-3.1428183,-0.0814722
430.0000000,0.6118333,-0.7058257,3.5665381,-1.2749340,-3.1478463,-0.0861415
431.0000000,0.6137426,-0.7071271,3.5669166,-1.2600001,-3.1462381,-0.0872157
432.0000000,0.6159976,-0.7075481,3.5650617,-1.2457084,-3.1464142,-0.0922183
433.0000000,0.6166935,-0.7086172,3.5663767,-1.2389604,-3.1492931,-0.0955198
434.0000000,0.6169090,-0.7089528,3.5651050,-1.2554297,-3.1709817,-0.1032650
435.0000000,0.6165724,-0.7089242,3.5663580,-1.2640702,-3.1718092,-0.1081810
436.0000000,0.6164861,-0.7084532,3.5664425,-1.2753819,-3.1608913,-0.1005572
437.0000000,0.6155396,-0.7080956,3.5663104,-1.2999146,-3.1622488,-0.0974697
438.0000000,0.6141889,-0.7076353,3.5645533,-1.3319521,-3.1697338,-0.0946894
439.0000000,0.6114442,-0.7082547,3.5664604,-1.3604551,-3.1687943,-0.0893701
440.0000000,0.6093624,-0.7086525,3.5665445,-1.3832866,-3.1664370,-0.0854241
441.0000000,0.6076121,-0.7089047,3.5653937,-1.4093577,-3.1712630,-0.0835471
442.0000000,0.6069009,-0.7083639,3.5629703,-1.4326987,-3.1793956,-0.0846706
443.0000000,0.6053152,-0.7083439,3.5638558,-1.4568485,-3.1821020,-0.0824664
444.0000000,0.6044466,-0.7073144,3.5627979,-1.4775937,-3.1848362,-0.0851173
445.0000000,0.6037552,-0.7062334,3.5620829,-1.4943248,-3.1860583,-0.0849060
446.0000000,0.6031625,-0.7053627,3.5607237,-1.5113519,-3.1817730,-0.0841774
447.0000000,0.6025147,-0.7045994,3.5598301,-1.5254472,-3.1853333,-0.0804686
448.0000000,0.6016254,-0.7037463,3.5597674,-1.5412279,-3.1838504,-0.0702421
449.0000000,0.6014087,-0.7018729,3.5581302,-1.5626818,-3.1918402,-0.0640029
450.0000000,0.6018660,-0.7004937,3.5585411,-1.5796607,-3.2078892,-0.0594492
451.0000000,0.6033223,-0.6986953,3.5558566,-1.5914971,-3.2131335,-0.0523171
452.0000000,0.6038094,-0.6974725,3.5556040,-1.6024980,-3.2191754,-0.0502001
453.0000000,0.6041231,-0.6968831,3.5569352,-1.6140602,-3.2252817,-0.0479659
454.0000000,0.6046641,-0.6957895,3.5552093,-1.6262307,-3.2319809,-0.0498464
455.0000000,0.6053567,-0.6946536,3.5537170,-1.6354318,-3.2398480,-0.0526543
456.0000000,0.6056683,-0.6933017,3.5510237,-1.6489917,-3.2383055,-0.0594362
457.0000000,0.6065698,-0.6915820,3.5478953,-1.6573698,-3.2374369,-0.0685740
458.0000000,0.6062284,-0.6913770,3.5482827,-1.6662640,-3.2361712,-0.0737355
459.0000000,0.6057019,-0.6908976,3.5478864,-1.6784386,-3.2379786,-0.0845500
460.0000000,0.6059425,-0.6899695,3.5458241,-1.6869125,-3.2488967,-0.1029859
461.0000000,0.6064103,-0.6894690,3.5454262,-1.6887483,-3.2528954,-0.1196594
462.0000000,0.6064398,-0.6891667,3.5461933,-1.6951773,-3.2615947,-0.1249688
463.0000000,0.6066298,-0.6886529,3.5460894,-1.6936750,-3.2459689,-0.1169526
464.0000000,0.6080384,-0.6872330,3.5444655,-1.6898567,-3.2308179,-0.1074136
465.0000000,0.6085124,-0.6847517,3.5428569,-1.7045450,-3.2309418,-0.1039590
466.0000000,0.6090946,-0.6833220,3.5410154,-1.7296504,-3.2430807,-0.0936378
467.0000000,0.6096053,-0.6815774,3.5405207,-1.7541493,-3.2650245,-0.1013198
468.0000000,0.6119661,-0.6793107,3.5374486,-1.7783153,-3.3021493,-0.1047978
469.0000000,0.6132555,-0.6782048,3.5370830,-1.7984437,-3.3177819,-0.0834531
470.0000000,0.6121802,-0.6759973,3.5366570,-1.8319674,-3.3174548,-0.0764021
471.0000000,0.6110728,-0.6736996,3.5355789,-1.8656085,-3.3245874,-0.0743694
472.0000000,0.6092317,-0.6722127,3.5357563,-1.8884592,-3.3148573,-0.0723980
473.0000000,0.6073608,-0.6700671,3.5333120,-1.9167407,-3.3186704,-0.0612113
474.0000000,0.6044645,-0.6692145,3.5352595,-1.9398524,-3.3257835,-0.0445839
475.0000000,0.6027765,-0.6680466,3.5334877,-1.9555829,-3.3276528,-0.0308672
476.0000000,0.5999992,-0.6675671,3.5339185,-1.9748068,-3.3225046,-0.0099695
477.0000000,0.5958903,-0.6677637,3.5358676,-1.9967739,-3.3060974,0.0174047
478.0000000,0.5925698,-0.6669927,3.5353913,-2.0211311,-3.3005717,0.0359883
479.0000000,0.5890026,-0.6657164,3.5346439,-2.0456493,-3.2882768,0.0529389
480.0000000,0.5853648,-0.6645871,3.5349174,-2.0682998,-3.2733640,0.0684918
481.0000000,0.5822787,-0.6635705,3.5349353,-2.0925346,-3.2646477,0.0753521
482.0000000,0.5807979,-0.6631021,3.5349509,-2.1069501,-3.2671181,0.0621970
483.0000000,0.5770295,-0.6612673,3.5348704,-2.1434647,-3.2657849,0.0446189
484.0000000,0.5753188,-0.6602341,3.5347362,-2.1592626,-3.2645564,0.0252533
485.0000000,0.5714233,-0.6580594,3.5343629,-2.1899124,-3.2591972,0.0104973
486.0000000,0.5701399,-0.6579163,3.5344455,-2.1855052,-3.2540564,-0.0026339
487.0000000,0.5666111,-0.6567605,3.5357404,-2.1977042,-3.2344112,-0.0108185
488.0000000,0.5642762,-0.6556652,3.5372053,-2.1978562,-3.2211259,-0.0209599
489.0000000,0.5618691,-0.6558924,3.5396440,-2.2034042,-3.2125884,-0.0154071
490.0000000,0.5626934,-0.6559197,3.5384119,-2.2007975,-3.2078035,-0.0078411
491.0000000,0.5610397,-0.6535161,3.5402833,-2.2197577,-3.1814007,-0.0204850
492.0000000,0.5601397,-0.6528329,3.5413562,-2.2266701,-3.1500864,-0.0395429
493.0000000,0.5612710,-0.6520385,3.5404309,-2.2206489,-3.1447870,-0.0382311
494.0000000,0.5606565,-0.6514286,3.5431320,-2.2253179,-3.1277374,-0.0436141
495.0000000,0.5616314,-0.6510049,3.5422570,-2.2198075,-3.1245131,-0.0468883
496.0000000,0.5619678,-0.6507961,3.5434335,-2.2192302,-3.1190940,-0.0457929
497.0000000,0.5625131,-0.6504484,3.5447658,-2.2195186,-3.1154550,-0.0393354
498.0000000,0.5633030,-0.6498122,3.5455453,-2.2182101,-3.1127458,-0.0239630
499.0000000,0.5649447,-0.6492041,3.5464953,-2.2082435,-3.1110091,-0.0145446
500.0000000,0.5668035,-0.6485953,3.5466456,-2.2008361,-3.1066188,-0.0081517
501.0000000,0.5685441,-0.6476839,3.5470951,-2.1999888,-3.1077094,-0.0030498
502.0000000,0.5697720,-0.6467643,3.5477785,-2.2072063,-3.1048416,0.0003623
503.0000000,0.5710635,-0.6464348,3.5477735,-2.2116687,-3.1018370,-0.0010978
504.0000000,0.5718546,-0.6466581,3.5488989,-2.2157992,-3.1008397,-0.0049598
505.0000000,0.5740335,-0.6460453,3.5462979,-2.2201574,-3.1118826,-0.0077866
506.0000000,0.5761349,-0.6455694,3.5455144,-2.2198420,-3.1283490,-0.0179510
507.0000000,0.5782700,-0.6457253,3.5450557,-2.2178694,-3.1422079,-0.0253929
508.0000000,0.5806701,-0.6458043,3.5441628,-2.2163868,-3.1514532,-0.0264992
509.0000000,0.5837052,-0.6455835,3.5430888,-2.2069128,-3.1612792,-0.0294378
510.0000000,0.5882237,-0.6462300,3.5420577,-2.1878836,-3.1721746,-0.0285310
511.0000000,0.5914700,-0.6458310,3.5401971,-2.1782921,-3.1877178,-0.0299054
512.0000000,0.5978529,-0.6482404,3.5393718,-2.1229614,-3.1744490,-0.0314461
513.0000000,0.6035573,-0.6514338,3.5398545,-2.0645519,-3.1772017,-0.0531910
514.0000000,0.6033256,-0.6522927,3.5374408,-2.0604470,-3.1618036,-0.0601459
515.0000000,0.6091123,-0.6551549,3.5388371,-1.9975701,-3.1864823,-0.0685401
516.0000000,0.6135750,-0.6571531,3.5366877,-1.9522013,-3.1866336,-0.0720301
517.0000000,0.6170726,-0.6594591,3.5376477,-1.9069749,-3.1866898,-0.0799353
518.0000000,0.6212325,-0.6604637,3.5351574,-1.8625697,-3.1857228,-0.0888889
519.0000000,0.6256530,-0.6616962,3.5339020,-1.8120254,-3.1783381,-0.0869479
520.0000000,0.6299634,-0.6614227,3.5313669,-1.7669469,-3.1738960,-0.1012033
521.0000000,0.6345093,-0.6609817,3.5286771,-1.7213780,-3.1746511,-0.1087163
522.0000000,0.6394582,-0.6607209,3.5268105,-1.6731599,-3.1825651,-0.1106847
523.0000000,0.6448112,-0.6600225,3.5250980,-1.6267091,-3.1995265,-0.1147526
524.0000000,0.6481993,-0.6594489,3.5237024,-1.5919754,-3.2034233,-0.1180070
525.0000000,0.6503654,-0.6584084,3.5219282,-1.5676199,-3.2006461,-0.1309660
526.0000000,0.6534350,-0.6579971,3.5219620,-1.5285079,-3.2047220,-0.1384069
527.0000000,0.6566050,-0.6562717,3.5187294,-1.4855354,-3.2053799,-0.1416320
528.0000000,0.6592021,-0.6551356,3.5176932,-1.4503446,-3.2085858,-0.1444158
529.0000000,0.6613176,-0.6549141,3.5191892,-1.4128690,-3.2141854,-0.1429650
530.0000000,0.6646750,-0.6535528,3.5172370,-1.3684325,-3.2188391,-0.1407701
531.0000000,0.6681759,-0.6523947,3.5175694,-1.3234918,-3.2348577,-0.1455715
532.0000000,0.6709759,-0.6508729,3.5170107,-1.2761192,-3.2460508,-0.1539533
533.0000000,0.6729987,-0.6496946,3.5182807,-1.2229215,-3.2439981,-0.1485992
534.0000000,0.6739616,-0.6491810,3.5189175,-1.1772393,-3.2383967,-0.1516485
535.0000000,0.6736844,-0.6493669,3.5204114,-1.1298140,-3.2222100,-0.1519660
536.0000000,0.6739149,-0.6487490,3.5187309,-1.0850403,-3.2124754,-0.1632401
537.0000000,0.6727381,-0.6495777,3.5184323,-1.0495657,-3.1999938,-0.1693157
538.0000000,0.6725602,-0.6495035,3.5180904,-1.0017187,-3.1864447,-0.1672153
539.0000000,0.6708121,-0.6494589,3.5189694,-0.9528279,-3.1654895,-0.1731224
540.0000000,0.6692266,-0.6490034,3.5172290,-0.8995995,-3.1386661,-0.1724534
541.0000000,0.6673975,-0.6496023,3.5147875,-0.8651559,-3.1239382,-0.1746585
542.0000000,0.6653044,-0.6496410,3.5146212,-0.8211375,-3.1126492,-0.1697067
543.0000000,0.6629632,-0.6493536,3.5147739,-0.7802954,-3.1008633,-0.1648765
544.0000000,0.6599159,-0.6515838,3.5156136,-0.7580733,-3.0996797,-0.1580271
545.0000000,0.6569324,-0.6534888,3.5163748,-0.7280722,-3.0879866,-0.1527897
546.0000000,0.6534750,-0.6560156,3.5178382,-0.6999122,-3.0706469,-0.1503938
547.0000000,0.6512611,-0.6572969,3.5175714,-0.6655136,-3.0646937,-0.1519658
548.0000000,0.6480234,-0.6605309,3.5185238,-0.6455702,-3.0456433,-0.1530175
549.0000000,0.6455479,-0.6614745,3.5198072,-0.6069885,-3.0317988,-0.1551632
550.0000000,0.6425180,-0.6643996,3.5228148,-0.5846188,-3.0184852,-0.1435704
551.0000000,0.6399267,-0.6652527,3.5233364,-0.5496382,-2.9983980,-0.1341770
552.0000000,0.6376779,-0.6670505,3.5225133,-0.5305899,-2.9810936,-0.1370398
553.0000000,0.6353500,-0.6673605,3.5227720,-0.4979649,-2.9628866,-0.1381349
554.0000000,0.6332333,-0.6686257,3.5246153,-0.4752116,-2.9553803,-0.1363083
555.0000000,0.6318271,-0.6685345,3.5233046,-0.4442487,-2.9477858,-0.1348668
556.0000000,0.6300883,-0.6693708,3.5256280,-0.4180045,-2.9481102,-0.1297492
557.0000000,0.6297226,-0.6684976,3.5266501,-0.3817098,-2.9575313,-0.1319626
558.0000000,0.6285183,-0.6696802,3.5293764,-0.3673331,-2.9574704,-0.1260214
559.0000000,0.6281879,-0.6695064,3.5293390,-0.3407409,-2.9602786,-0.1225040
560.0000000,0.6282258,-0.6704949,3.5308614,-0.3269794,-2.9637094,-0.1174293
561.0000000,0.6275487,-0.6709313,3.5342664,-0.3011879,-2.9716379,-0.0979374
562.0000000,0.6281524,-0.6702476,3.5336007,-0.2725065,-2.9753839,-0.1085335
563.0000000,0.6287639,-0.6705129,3.5348333,-0.2522663,-2.9826023,-0.1034662
564.0000000,0.6285672,-0.6713884,3.5372868,-0.2306683,-2.9969928,-0.0717719
565.0000000,0.6295347,-0.6714247,3.5360673,-0.2099945,-3.0028212,-0.0633537
566.0000000,0.6296759,-0.6721753,3.5395321,-0.1925351,-3.0127599,-0.0820925
567.0000000,0.6309934,-0.6718485,3.5395586,-0.1613108,-3.0278854,-0.0705526
568.0000000,0.6315620,-0.6716077,3.5402746,-0.1314156,-3.0289289,-0.0789850
569.0000000,0.6318963,-0.6719971,3.5405651,-0.1053925,-3.0279786,-0.0818205
570.0000000,0.6324573,-0.6722153,3.5413308,-0.0744768,-3.0355848,-0.0706585
571.0000000,0.6338558,-0.6746382,3.5411316,-0.0676741,-3.0294905,-0.0725195
572.0000000,0.6341341,-0.6750715,3.5419315,-0.0403375,-3.0344721,-0.0587148
573.0000000,0.6343732,-0.6751990,3.5430419,-0.0141564,-3.0395474,-0.0459696
574.0000000,0.6350043,-0.6753770,3.5438646,0.0098339,-3.0465048,-0.0349632
575.0000000,0.6349537,-0.6743678,3.5448324,0.0443117,-3.0560945,-0.0288440
576.0000000,0.6347828,-0.6733571,3.5451487,0.0714034,-3.0566316,-0.0326916
577.0000000,0.6345294,-0.6718377,3.5451738,0.1033251,-3.0570159,-0.0307273
578.0000000,0.6343045,-0.6701025,3.5450378,0.1334126,-3.0518229,-0.0349373
579.0000000,0.6341095,-0.6681081,3.5455344,0.1643697,-3.0582385,-0.0351871
580.0000000,0.6334603,-0.6653253,3.5463070,0.2012592,-3.0691962,-0.0332713
581.0000000,0.6323805,-0.6614721,3.5458481,0.2471615,-3.0699448,-0.0306427
582.0000000,0.6315677,-0.6580902,3.5460084,0.2855792,-3.0662878,-0.0417384
583.0000000,0.6299679,-0.6558596,3.5475364,0.3229716,-3.0706398,-0.0417087
584.0000000,0.6295428,-0.6529052,3.5457327,0.3511754,-3.0673641,-0.0482013
585.0000000,0.6278055,-0.6507305,3.5472974,0.3777853,-3.0526183,-0.0551490
586.0000000,0.6269898,-0.6479648,3.5457660,0.4046695,-3.0457665,-0.0519428
587.0000000,0.6256485,-0.6461107,3.5465295,0.4276469,-3.0243924,-0.0463732
588.0000000,0.6247203,-0.6436002,3.5453619,0.4529570,-3.0156949,-0.0340764
589.0000000,0.6235852,-0.6422409,3.5467369,0.4621343,-2.9815375,-0.0453522
590.0000000,0.6229951,-0.6400037,3.5453887,0.4784761,-2.9685357,-0.0483405
591.0000000,0.6209676,-0.6381129,3.5463482,0.5053623,-2.9734925,-0.0424376
592.0000000,0.6197190,-0.6355139,3.5445796,0.5316414,-2.9871321,-0.0313404
593.0000000,0.6184111,-0.6343384,3.5450911,0.5529810,-2.9780660,-0.0306215
594.0000000,0.6180623,-0.6323456,3.5433170,0.5788679,-2.9753925,-0.0289493
595.0000000,0.6173761,-0.6308098,3.5424200,0.6022561,-2.9742906,-0.0301197
596.0000000,0.6167552,-0.6300974,3.5440097,0.6272461,-2.9824958,-0.0272879
597.0000000,0.6170490,-0.6283221,3.5438966,0.6560449,-2.9961598,-0.0230719
598.0000000,0.6172011,-0.6269556,3.5452778,0.6830539,-3.0085731,-0.0170595
599.0000000,0.6176498,-0.6256456,3.5462398,0.7087289,-3.0128610,-0.0149498
600.0000000,0.6169600,-0.6236465,3.5472689,0.7411975,-3.0084660,-0.0169008
601.0000000,0.6165242,-0.6222446,3.5475677,0.7671108,-3.0101083,-0.0197174
602.0000000,0.6165571,-0.6216871,3.5480825,0.7871804,-3.0174501,-0.0173076
603.0000000,0.6176844,-0.6218425,3.5479617,0.7979209,-3.0173327,-0.0122345
604.0000000,0.6174512,-0.6220009,3.5502669,0.8186792,-3.0279018,-0.0137557
605.0000000,0.6178300,-0.6216327,3.5502524,0.8322295,-3.0273498,-0.0150683
606.0000000,0.6184497,-0.6210787,3.5477252,0.8388088,-2.9990737,-0.0097036
607.0000000,0.6191304,-0.6211498,3.5482081,0.8555632,-3.0182711,-0.0087277
608.0000000,0.6199119,-0.6218382,3.5485255,0.8647217,-3.0262961,-0.0023949
609.0000000,0.6210666,-0.6226456,3.5474547,0.8680831,-3.0262582,-0.0013067
610.0000000,0.6220663,-0.6233854,3.5465868,0.8722259,-3.0221272,0.0079551
611.0000000,0.6228034,-0.6234013,3.5478834,0.8878695,-3.0539325,0.0064797
612.0000000,0.6235874,-0.6233960,3.5493529,0.8929252,-3.0631159,0.0032690
613.0000000,0.6235266,-0.6237439,3.5502600,0.8983961,-3.0668115,0.0084026
614.0000000,0.6239960,-0.6231308,3.5478874,0.9062770,-3.0714568,0.0180995
615.0000000,0.6242452,-0.6227936,3.5471632,0.9138976,-3.0771114,0.0221825
616.0000000,0.6244006,-0.6222458,3.5473618,0.9213687,-3.0797197,0.0213195
617.0000000,0.6246834,-0.6216395,3.5475908,0.9275193,-3.0779462,0.0165916
618.0000000,0.6246374,-0.6209610,3.5476921,0.9373229,-3.0728781,0.0139067
619.0000000,0.6249852,-0.6203701,3.5472878,0.9440674,-3.0717919,0.0133136
620.0000000,0.6244667,-0.6200799,3.5467079,0.9587693,-3.0750647,0.0247274
621.0000000,0.6237423,-0.6206027,3.5475025,0.9695611,-3.0781762,0.0307319
622.0000000,0.6235971,-0.6205893,3.5471481,0.9765145,-3.0814483,0.0329040
623.0000000,0.6238861,-0.6198852,3.5450884,0.9848009,-3.0834348,0.0339798
624.0000000,0.6234336,-0.6198593,3.5458314,0.9930152,-3.0851613,0.0356722
625.0000000,0.6226201,-0.6196758,3.5480286,1.0006079,-3.0843378,0.0357600
626.0000000,0.6224566,-0.6191196,3.5480471,1.0083130,-3.0859807,0.0379870
627.0000000,0.6229882,-0.6181659,3.5464624,1.0140257,-3.0858599,0.0395312
628.0000000,0.6227651,-0.6178204,3.5463558,1.0235600,-3.0891467,0.0397093
629.0000000,0.6225421,-0.6175334,3.5460629,1.0328732,-3.0898019,0.0432007
630.0000000,0.6221228,-0.6174269,3.5474796,1.0372432,-3.0821154,0.0453391
631.0000000,0.6224713,-0.6161642,3.5459063,1.0483331,-3.0835428,0.0460887
632.0000000,0.6220460,-0.6155359,3.5481713,1.0591477,-3.0865238,0.0464200
633.0000000,0.6228225,-0.6134611,3.5478773,1.0681590,-3.0939026,0.0435940
634.0000000,0.6216855,-0.6118305,3.5487829,1.0953675,-3.1037541,0.0439060
635.0000000,0.6208456,-0.6099739,3.5501584,1.1171767,-3.1074281,0.0431937
636.0000000,0.6179264,-0.6077988,3.5517355,1.1604121,-3.1141194,0.0456511
637.0000000,0.6194725,-0.6058466,3.5516164,1.1550805,-3.1214579,0.0585740
638.0000000,0.6187706,-0.6049923,3.5519714,1.1658737,-3.1293430,0.0673438
639.0000000,0.6166842,-0.6045011,3.5525281,1.1867687,-3.1336598,0.0719685
640.0000000,0.6150596,-0.6043309,3.5519140,1.1976757,-3.1360125,0.0833977
641.0000000,0.6129596,-0.6041137,3.5520654,1.2093715,-3.1360683,0.0842124
642.0000000,0.6113443,-0.6034690,3.5528832,1.2192104,-3.1356352,0.0845448
643.0000000,0.6099844,-0.6023344,3.5534616,1.2258689,-3.1309678,0.0800368
644.0000000,0.6079361,-0.6010934,3.5547000,1.2395604,-3.1293950,0.0709164
645.0000000,0.6052103,-0.5997354,3.5548041,1.2611287,-3.1288049,0.0752824
646.0000000,0.6022620,-0.5986366,3.5548236,1.2830264,-3.1281891,0.0793379
647.0000000,0.5996678,-0.5980045,3.5551935,1.3012341,-3.1288731,0.0828406
648.0000000,0.5978172,-0.5976349,3.5557339,1.3134634,-3.1258792,0.0836363
649.0000000,0.5950534,-0.5973556,3.5568678,1.3292663,-3.1202616,0.0824794
650.0000000,0.5931232,-0.5960943,3.5555959,1.3499435,-3.1222496,0.0836411
651.0000000,0.5901937,-0.5957184,3.5574204,1.3714457,-3.1232588,0.0865670
652.0000000,0.5883799,-0.5945538,3.5560777,1.3901306,-3.1256531,0.0882599
653.0000000,0.5862219,-0.5935398,3.5563558,1.4047246,-3.1270743,0.0886146
654.0000000,0.5835693,-0.5929064,3.5585879,1.4151538,-3.1190629,0.0963352
655.0000000,0.5822556,-0.5911543,3.5570607,1.4269922,-3.1178695,0.0999780
656.0000000,0.5801189,-0.5899453,3.5570422,1.4442911,-3.1193347,0.1005185
657.0000000,0.5777283,-0.5889305,3.5592614,1.4609965,-3.1234308,0.0968341
658.0000000,0.5761235,-0.5870898,3.5582213,1.4795016,-3.1293196,0.0927004
659.0000000,0.5745580,-0.5858809,3.5584276,1.4993333,-3.1352627,0.0906542
660.0000000,0.5723579,-0.5846401,3.5602469,1.5231570,-3.1415105,0.0908381
661.0000000,0.5718153,-0.5827451,3.5586191,1.5439150,-3.1480255,0.0910925
662.0000000,0.5706100,-0.5814699,3.5591278,1.5626241,-3.1472049,0.0947200
663.0000000,0.5682781,-0.5806516,3.5609183,1.5920451,-3.1530077,0.0985769
664.0000000,0.5678794,-0.5785819,3.5590267,1.6152637,-3.1505966,0.0969775
665.0000000,0.5671279,-0.5775044,3.5592197,1.6377514,-3.1570493,0.0997326
666.0000000,0.5650678,-0.5770105,3.5602203,1.6743423,-3.1625765,0.1038050
667.0000000,0.5633476,-0.5767785,3.5602262,1.7086137,-3.1666017,0.1082305
668.0000000,0.5622063,-0.5769647,3.5608708,1.7339156,-3.1701173,0.1122226
669.0000000,0.5621614,-0.5774499,3.5596208,1.7494244,-3.1838250,0.1349530
670.0000000,0.5656400,-0.5772806,3.5546009,1.7330921,-3.2203946,0.1777101
671.0000000,0.5668783,-0.5774671,3.5529621,1.7349693,-3.2405672,0.1954078
672.0000000,0.5644844,-0.5776657,3.5548785,1.7683166,-3.2309635,0.1779751
673.0000000,0.5638664,-0.5769047,3.5580468,1.7839999,-3.2172100,0.1561006
674.0000000,0.5640745,-0.5763876,3.5622956,1.7879873,-3.2226923,0.1336850
675.0000000,0.5629165,-0.5754700,3.5623733,1.8055225,-3.2237867,0.1291320
676.0000000,0.5626936,-0.5744277,3.5612244,1.8191410,-3.2240166,0.1275581
677.0000000,0.5619977,-0.5736334,3.5621613,1.8253829,-3.2130624,0.1269919
678.0000000,0.5643301,-0.5711958,3.5628099,1.8116886,-3.2038143,0.1044134
679.0000000,0.5590475,-0.5714982,3.5613074,1.8687524,-3.2271034,0.1102400
680.0000000,0.5578780,-0.5705961,3.5599515,1.8908187,-3.2481447,0.1177796
681.0000000,0.5573714,-0.5697850,3.5599099,1.9042990,-3.2498262,0.1198274
682.0000000,0.5571406,-0.5696251,3.5592689,1.9202225,-3.2506418,0.1255871
683.0000000,0.5567713,-0.5696381,3.5595269,1.9345285,-3.2455916,0.1240093
684.0000000,0.5562260,-0.5699406,3.5605741,1.9477062,-3.2399460,0.1212788
685.0000000,0.5551667,-0.5703396,3.5606294,1.9652140,-3.2434988,0.1205204
686.0000000,0.5530148,-0.5709913,3.5620344,1.9857999,-3.2481351,0.1175754
687.0000000,0.5522330,-0.5707426,3.5599530,2.0075085,-3.2553286,0.1152980
688.0000000,0.5513005,-0.5708770,3.5598928,2.0229491,-3.2589392,0.1160061
689.0000000,0.5513132,-0.5706233,3.5596601,2.0326444,-3.2615828,0.1214640
690.0000000,0.5510805,-0.5703053,3.5598001,2.0473127,-3.2658852,0.1212869
691.0000000,0.5512598,-0.5700235,3.5598253,2.0596210,-3.2635054,0.1207397
692.0000000,0.5502114,-0.5705791,3.5625486,2.0779426,-3.2556719,0.1150101
693.0000000,0.5502198,-0.5706140,3.5603350,2.1000255,-3.2678694,0.1083659
694.0000000,0.5495152,-0.5708145,3.5605692,2.1177105,-3.2712629,0.1028102
695.0000000,0.5471020,-0.5718042,3.5644907,2.1486553,-3.2345346,0.0809983
696.0000000,0.5438471,-0.5739670,3.5700264,2.1904706,-3.1749047,0.0544266
697.0000000,0.5426683,-0.5749346,3.5713077,2.2032381,-3.1568108,0.0498758
698.0000000,0.5431981,-0.5751765,3.5715199,2.2094940,-3.1563646,0.0559825
699.0000000,0.5447061,-0.5752099,3.5702567,2.2073466,-3.1678367,0.0673709
700.0000000,0.5463815,-0.5752658,3.5658089,2.2041411,-3.1981623,0.0912666
701.0000000,0.5465710,-0.5765123,3.5646752,2.2209792,-3.2218175,0.1019884
702.0000000,0.5453117,-0.5785359,3.5657542,2.2516105,-3.2039939,0.0961528
703.0000000,0.5444024,-0.5794395,3.5662018,2.2795807,-3.1873128,0.0874892
704.0000000,0.5438733,-0.5798573,3.5662374,2.3034856,-3.1937437,0.0802419
705.0000000,0.5426071,-0.5809128,3.5676122,2.3235904,-3.1922657,0.0728084
706.0000000,0.5421836,-0.5810229,3.5663973,2.3436978,-3.1923118,0.0598901
707.0000000,0.5406899,-0.5823669,3.5683481,2.3652117,-3.1755545,0.0507948
708.0000000,0.5404918,-0.5830405,3.5689986,2.3698262,-3.1661897,0.0471368
709.0000000,0.5398269,-0.5846938,3.5687784,2.3818713,-3.1811092,0.0495083
710.0000000,0.5412083,-0.5854050,3.5656682,2.3923514,-3.1990266,0.0561293
711.0000000,0.5428538,-0.5852090,3.5647640,2.3900764,-3.2082276,0.0641850
712.0000000,0.5429525,-0.5863632,3.5661521,2.4108024,-3.1975797,0.0703352
713.0000000,0.5438213,-0.5867875,3.5660187,2.4155583,-3.1989229,0.0613153
714.0000000,0.5436101,-0.5872339,3.5670952,2.4280334,-3.1920011,0.0642089
715.0000000,0.5441706,-0.5881516,3.5676310,2.4432296,-3.1926685,0.0589717
716.0000000,0.5450556,-0.5890136,3.5682350,2.4549520,-3.1964301,0.0539515
717.0000000,0.5442522,-0.5897036,3.5697388,2.4757590,-3.2127713,0.0377144
718.0000000,0.5468459,-0.5908034,3.5701023,2.4868777,-3.2057667,0.0358238
719.0000000,0.5478332,-0.5920838,3.5686631,2.5017295,-3.2230512,0.0370070
720.0000000,0.5492692,-0.5923101,3.5673647,2.5081686,-3.2441503,0.0363657
721.0000000,0.5502095,-0.5924070,3.5679029,2.5056901,-3.2605151,0.0364688
722.0000000,0.5515461,-0.5921409,3.5650440,2.5126267,-3.2682548,0.0383217
723.0000000,0.5517843,-0.5923669,3.5648934,2.5224658,-3.2698313,0.0426449
724.0000000,0.5509567,-0.5926659,3.5669117,2.5358236,-3.2638396,0.0426620
725.0000000,0.5504472,-0.5930659,3.5677915,2.5562982,-3.2554528,0.0361135
726.0000000,0.5507607,-0.5927682,3.5675668,2.5696516,-3.2458208,0.0274671
727.0000000,0.5505917,-0.5930951,3.5689382,2.5814011,-3.2378229,0.0276145
728.0000000,0.5508745,-0.5928042,3.5702174,2.5890687,-3.2320917,0.0175778
729.0000000,0.5507760,-0.5930499,3.5711003,2.6007224,-3.2314114,0.0068659
730.0000000,0.5508592,-0.5927762,3.5712750,2.6084522,-3.2349635,-0.0003668
731.0000000,0.5511458,-0.5925792,3.5719693,2.6158071,-3.2423188,-0.0050947
732.0000000,0.5520885,-0.5925460,3.5716635,2.6244617,-3.2508183,-0.0067668
733.0000000,0.5532002,-0.5928179,3.5706940,2.6355901,-3.2652009,-0.0061309
734.0000000,0.5540066,-0.5933449,3.5695928,2.6470724,-3.2721719,0.0057120
735.0000000,0.5543149,-0.5935684,3.5694499,2.6567002,-3.2721672,0.0082903
736.0000000,0.5542405,-0.5937802,3.5697736,2.6639495,-3.2671172,0.0061382
737.0000000,0.5534911,-0.5937226,3.5713900,2.6627098,-3.2562698,-0.0033159
738.0000000,0.5530424,-0.5939116,3.5699857,2.6729894,-3.2561280,-0.0056789
739.0000000,0.5531731,-0.5936924,3.5675623,2.6840082,-3.2593198,-0.0035167
740.0000000,0.5529342,-0.5937812,3.5672255,2.6908661,-3.2586270,0.0032265
741.0000000,0.5532713,-0.5935950,3.5666303,2.6961549,-3.2648859,0.0116449
742.0000000,0.5537124,-0.5936270,3.5658078,2.7020608,-3.2662112,0.0176924
743.0000000,0.5534043,-0.5940415,3.5667560,2.7054486,-3.2656013,0.0233495
744.0000000,0.5533104,-0.5940087,3.5660307,2.7092009,-3.2671870,0.0262073
745.0000000,0.5535214,-0.5936313,3.5649078,2.7079802,-3.2579013,0.0325967
746.0000000,0.5533547,-0.5937468,3.5645277,2.7101495,-3.2533360,0.0296015
747.0000000,0.5525901,-0.5944071,3.5664530,2.7121007,-3.2517856,0.0303101
748.0000000,0.5521135,-0.5945641,3.5667877,2.7132449,-3.2504412,0.0310387
749.0000000,0.5523448,-0.5943022,3.5648162,2.7159343,-3.2549857,0.0385503
750.0000000,0.5521855,-0.5944295,3.5637522,2.7172716,-3.2573421,0.0519469
751.0000000,0.5520074,-0.5943078,3.5639508,2.7112362,-3.2504326,0.0561479
752.0000000,0.5519273,-0.5945330,3.5641199,2.7061755,-3.2488220,0.0613512
753.0000000,0.5520022,-0.5951912,3.5635364,2.6984109,-3.2501150,0.0761304
754.0000000,0.5517721,-0.5954608,3.5634016,2.6920552,-3.2449936,0.0830289
755.0000000,0.5516336,-0.5934561,3.5639392,2.6675797,-3.2473922,0.0748396
756.0000000,0.5513172,-0.5934817,3.5637405,2.6630597,-3.2514714,0.0723837
757.0000000,0.5502043,-0.5943215,3.5661095,2.6605807,-3.2451889,0.0690856
758.0000000,0.5509880,-0.5937446,3.5648361,2.6511700,-3.2426582,0.0686450
759.0000000,0.5511825,-0.5942476,3.5645792,2.6438043,-3.2409488,0.0736441
760.0000000,0.5513766,-0.5942290,3.5659579,2.6262745,-3.2300027,0.0818676
761.0000000,0.5511401,-0.5952153,3.5686869,2.6182369,-3.2047781,0.0867341
762.0000000,0.5513132,-0.5950835,3.5707330,2.5903491,-3.1899865,0.0909833
763.0000000,0.5523818,-0.5946519,3.5692554,2.5717261,-3.1841324,0.0923055
764.0000000,0.5529964,-0.5947443,3.5704769,2.5499398,-3.1759825,0.0920082
765.0000000,0.5546198,-0.5925474,3.5710731,2.5035907,-3.1693307,0.0876523
766.0000000,0.5557694,-0.5904179,3.5703491,2.4645623,-3.1684862,0.0912181
767.0000000,0.5560236,-0.5898197,3.5707414,2.4347640,-3.1659359,0.0864275
768.0000000,0.5563345,-0.5872880,3.5716319,2.3979765,-3.1596821,0.0826232
769.0000000,0.5576594,-0.5849319,3.5680622,2.3672553,-3.1686240,0.0890413
770.0000000,0.5582061,-0.5828435,3.5679064,2.3349771,-3.1718519,0.0927094
771.0000000,0.5564194,-0.5840743,3.5734223,2.3376879,-3.1293561,0.0891633
772.0000000,0.5579967,-0.5820440,3.5725397,2.3093575,-3.1315354,0.0816233
773.0000000,0.5594206,-0.5823394,3.5716384,2.2863980,-3.1464718,0.0873751
774.0000000,0.5609012,-0.5822005,3.5709524,2.2700148,-3.1258721,0.0800856
775.0000000,0.5616724,-0.5825223,3.5732102,2.2532186,-3.1040757,0.0635905
776.0000000,0.5631309,-0.5824134,3.5740853,2.2298299,-3.1053462,0.0544713
777.0000000,0.5643053,-0.5825001,3.5765518,2.2071794,-3.0992869,0.0486868
778.0000000,0.5679202,-0.5805345,3.5751942,2.1644244,-3.1035587,0.0513175
779.0000000,0.5719402,-0.5784677,3.5708257,2.1240538,-3.1296908,0.0616538
780.0000000,0.5744736,-0.5769960,3.5717360,2.0893522,-3.1401288,0.0671328
781.0000000,0.5769861,-0.5759146,3.5711368,2.0598174,-3.1459949,0.0671933
782.0000000,0.5787613,-0.5754572,3.5715055,2.0470645,-3.1330545,0.0494761
783.0000000,0.5812006,-0.5742307,3.5712179,2.0135489,-3.1334934,0.0602871
784.0000000,0.5828764,-0.5734499,3.5725088,1.9989542,-3.1167307,0.0444241
785.0000000,0.5865643,-0.5715966,3.5707994,1.9705630,-3.1263164,0.0425424
786.0000000,0.5909390,-0.5703850,3.5679013,1.9372040,-3.1480670,0.0545083
787.0000000,0.5969713,-0.5710707,3.5603021,1.9090536,-3.2065463,0.1004810
788.0000000,0.6026881,-0.5695841,3.5565702,1.8552024,-3.2385188,0.1368257
789.0000000,0.6049857,-0.5687377,3.5612845,1.8402368,-3.2170368,0.1053001
790.0000000,0.6076000,-0.5692050,3.5623662,1.8284187,-3.2145105,0.0976385
791.0000000,0.6106260,-0.5697320,3.5644343,1.8109986,-3.2036372,0.0834595
792.0000000,0.6132007,-0.5705827,3.5681718,1.7987454,-3.1821855,0.0566628
793.0000000,0.6149294,-0.5716798,3.5720220,1.7905921,-3.1550715,0.0282293
794.0000000,0.6171880,-0.5724652,3.5728198,1.7755374,-3.1524600,0.0238378
795.0000000,0.6184435,-0.5740741,3.5745412,1.7618797,-3.1482923,0.0275090
796.0000000,0.6204023,-0.5748646,3.5739936,1.7449453,-3.1463415,0.0298848
797.0000000,0.6227098,-0.5749761,3.5724881,1.7271934,-3.1479192,0.0316664
798.0000000,0.6240735,-0.5751140,3.5717156,1.7121793,-3.1461297,0.0330027
799.0000000,0.6249170,-0.5755831,3.5715272,1.7016495,-3.1283309,0.0351189
800.0000000,0.6257312,-0.5758353,3.5704104,1.6907594,-3.1290110,0.0439491
801.0000000,0.6257813,-0.5756556,3.5703086,1.6806335,-3.1280012,0.0455270
802.0000000,0.6258960,-0.5759686,3.5691121,1.6703942,-3.1241788,0.0511735
803.0000000,0.6260707,-0.5761865,3.5691274,1.6613438,-3.1227647,0.0528063
804.0000000,0.6257732,-0.5766056,3.5705611,1.6471142,-3.1151887,0.0497849
805.0000000,0.6267321,-0.5764464,3.5682002,1.6319885,-3.1080979,0.0508231
806.0000000,0.6267624,-0.5764892,3.5680760,1.6180149,-3.1015377,0.0534883
807.0000000,0.6265521,-0.5770949,3.5694386,1.6005904,-3.0961998,0.0530395
808.0000000,0.6272888,-0.5771325,3.5688850,1.5805915,-3.0930506,0.0444170
809.0000000,0.6280916,-0.5769651,3.5687625,1.5619120,-3.0882711,0.0398967
810.0000000,0.6295209,-0.5764983,3.5677948,1.5425375,-3.0836596,0.0399968
811.0000000,0.6300826,-0.5770756,3.5694664,1.5218661,-3.0787766,0.0371561
812.0000000,0.6314936,-0.5766603,3.5687765,1.4998762,-3.0728770,0.0350950
813.0000000,0.6323900,-0.5766367,3.5690495,1.4808111,-3.0662169,0.0378166
814.0000000,0.6324224,-0.5774522,3.5708488,1.4632378,-3.0604044,0.0388109
815.0000000,0.6335499,-0.5772297,3.5695885,1.4464051,-3.0566009,0.0388529
816.0000000,0.6347678,-0.5769329,3.5711280,1.4193077,-3.0426384,0.0394484
817.0000000,0.6354308,-0.5772489,3.5728849,1.3969921,-3.0307405,0.0410033
818.0000000,0.6367908,-0.5771623,3.5716555,1.3792423,-3.0308186,0.0416646
819.0000000,0.6363463,-0.5781794,3.5729032,1.3779608,-3.0542117,0.0388058
820.0000000,0.6382418,-0.5778688,3.5717299,1.3579395,-3.0549281,0.0319486
821.0000000,0.6398785,-0.5783378,3.5719430,1.3369198,-3.0561984,0.0281694
822.0000000,0.6417251,-0.5791661,3.5724151,1.3149578,-3.0591108,0.0259538
823.0000000,0.6435933,-0.5801127,3.5731199,1.2925636,-3.0600730,0.0236148
824.0000000,0.6460330,-0.5813102,3.5727400,1.2674297,-3.0629814,0.0248070
825.0000000,0.6481111,-0.5827612,3.5719925,1.2430379,-3.0637595,0.0306458
826.0000000,0.6504753,-0.5841693,3.5713435,1.2163807,-3.0722578,0.0320721
827.0000000,0.6533408,-0.5860502,3.5709116,1.1856112,-3.0781246,0.0324327
828.0000000,0.6545327,-0.5873486,3.5721872,1.1748684,-3.0823332,0.0185869
829.0000000,0.6554716,-0.5891764,3.5731633,1.1690239,-3.0808079,0.0149454
830.0000000,0.6582694,-0.5909668,3.5739777,1.1451724,-3.0890951,0.0137093
831.0000000,0.6626787,-0.5923990,3.5747134,1.1050811,-3.1124706,0.0099377
832.0000000,0.6648989,-0.5937400,3.5749347,1.0868663,-3.1184692,0.0058710
833.0000000,0.6663978,-0.5953211,3.5764612,1.0645530,-3.1169448,0.0021232
834.0000000,0.6690080,-0.5960940,3.5746464,1.0406053,-3.1180369,-0.0034482
835.0000000,0.6708357,-0.5980903,3.5766464,1.0084425,-3.1282715,-0.0068897
836.0000000,0.6730561,-0.5987654,3.5754169,0.9810425,-3.1309517,-0.0093082
837.0000000,0.6751390,-0.5999299,3.5745911,0.9495956,-3.1414776,-0.0075213
838.0000000,0.6769254,-0.6007949,3.5742462,0.9167929,-3.1459713,-0.0075776
839.0000000,0.6779141,-0.6010506,3.5742875,0.8857586,-3.1358853,-0.0084782
840.0000000,0.6783366,-0.6010630,3.5741916,0.8655515,-3.1276539,-0.0133458
841.0000000,0.6780832,-0.6008967,3.5741621,0.8521398,-3.1246656,-0.0166377
842.0000000,0.6780059,-0.6007012,3.5737006,0.8314605,-3.1200640,-0.0226558
843.0000000,0.6778836,-0.6007105,3.5732191,0.8066988,-3.1094588,-0.0290135
844.0000000,0.6780372,-0.6005464,3.5730201,0.7845188,-3.1067660,-0.0344132
845.0000000,0.6778450,-0.6003077,3.5731272,0.7657552,-3.1074520,-0.0354646
846.0000000,0.6776466,-0.5999861,3.5731455,0.7504126,-3.1076538,-0.0367293
847.0000000,0.6773729,-0.5998704,3.5734478,0.7363818,-3.1069297,-0.0398306
848.0000000,0.6765621,-0.6003869,3.5753528,0.7223947,-3.1073244,-0.0434751
849.0000000,0.6772892,-0.6000969,3.5731374,0.7047729,-3.1080464,-0.0501086
850.0000000,0.6776662,-0.6004176,3.5731423,0.6840104,-3.1071293,-0.0572711
851.0000000,0.6768739,-0.6009897,3.5746837,0.6700771,-3.1091745,-0.0652746
852.0000000,0.6772428,-0.6006725,3.5724809,0.6583713,-3.1054589,-0.0738887
853.0000000,0.6773307,-0.6007383,3.5719168,0.6400373,-3.0958656,-0.0821776
854.0000000,0.6774318,-0.6007059,3.5710992,0.6214143,-3.0869562,-0.0884439
855.0000000,0.6767964,-0.6011107,3.5719463,0.6042226,-3.0869493,-0.0868988
856.0000000,0.6771097,-0.6006032,3.5705371,0.5861258,-3.0838729,-0.0872414
857.0000000,0.6767473,-0.6008701,3.5700462,0.5657136,-3.0806586,-0.0848573
858.0000000,0.6766424,-0.6012312,3.5695663,0.5448322,-3.0845242,-0.0775832
859.0000000,0.6764331,-0.6014717,3.5699121,0.5262799,-3.0834538,-0.0796286
860.0000000,0.6753409,-0.6021903,3.5715765,0.5049205,-3.0821679,-0.0822232
861.0000000,0.6750162,-0.6024874,3.5692489,0.4825465,-3.0955984,-0.0834647
862.0000000,0.6742649,-0.6032169,3.5692129,0.4610820,-3.1045584,-0.0873126
863.0000000,0.6731546,-0.6039679,3.5690761,0.4383052,-3.0995482,-0.0963949
864.0000000,0.6721249,-0.6048956,3.5690584,0.4195968,-3.0970896,-0.1001627
865.0000000,0.6709089,-0.6061122,3.5689747,0.4008473,-3.1106590,-0.0835894
866.0000000,0.6696177,-0.6071895,3.5691174,0.3870534,-3.1121074,-0.0785337
867.0000000,0.6677179,-0.6085765,3.5704517,0.3760526,-3.1175775,-0.0684291
868.0000000,0.6671586,-0.6096367,3.5677421,0.3519868,-3.1121997,-0.0683011
869.0000000,0.6657252,-0.6107659,3.5674137,0.3299495,-3.1057458,-0.0676679
870.0000000,0.6632953,-0.6123115,3.5684127,0.3086435,-3.1084796,-0.0624540
871.0000000,0.6616015,-0.6129305,3.5655381,0.2915124,-3.1255971,-0.0501909
872.0000000,0.6599224,-0.6143095,3.5637047,0.2625449,-3.1219782,-0.0515017
873.0000000,0.6572289,-0.6154205,3.5624830,0.2439670,-3.1352998,-0.0331591
874.0000000,0.6549687,-0.6169865,3.5607989,0.2143614,-3.1405838,-0.0378536
875.0000000,0.6532311,-0.6195533,3.5606145,0.1591210,-3.1346077,-0.0711188
876.0000000,0.6507313,-0.6210271,3.5575129,0.1310271,-3.1336501,-0.0801296
877.0000000,0.6476357,-0.6214516,3.5545447,0.1155591,-3.1219188,-0.0935300
878.0000000,0.6444209,-0.6211407,3.5509521,0.1158121,-3.1213551,-0.0768646
879.0000000,0.6409128,-0.6220537,3.5483757,0.1100635,-3.1123450,-0.0629998
880.0000000,0.6371591,-0.6226081,3.5457745,0.1029489,-3.1001132,-0.0682788
881.0000000,0.6338863,-0.6228907,3.5451868,0.0949069,-3.0980814,-0.0768683
882.0000000,0.6299970,-0.6207460,3.5449132,0.1115839,-3.1050259,-0.0648606
883.0000000,0.6276445,-0.6208434,3.5435016,0.1000996,-3.1101150,-0.0636328
884.0000000,0.6237681,-0.6223303,3.5428343,0.0896872,-3.1026362,-0.0581861
885.0000000,0.6210299,-0.6228005,3.5389042,0.0851972,-3.1005265,-0.0509596
886.0000000,0.6177094,-0.6243222,3.5386265,0.0731265,-3.0912897,-0.0568853
887.0000000,0.6151996,-0.6238513,3.5338320,0.0770173,-3.0871142,-0.0444438
888.0000000,0.6109083,-0.6236211,3.5331020,0.0772640,-3.0659145,-0.0499414
889.0000000,0.6081607,-0.6225146,3.5283831,0.0664359,-3.0511115,-0.0640451
890.0000000,0.6046836,-0.6229196,3.5274587,0.0452318,-3.0380679,-0.0862200
891.0000000,0.6013777,-0.6221991,3.5255848,0.0353775,-3.0427280,-0.0902413
892.0000000,0.5993803,-0.6219572,3.5236959,0.0199780,-3.0453243,-0.1173557
893.0000000,0.5963397,-0.6211152,3.5228261,0.0217278,-3.0561633,-0.1152449
894.0000000,0.5937548,-0.6213926,3.5224918,0.0097822,-3.0629022,-0.1288222
895.0000000,0.5912292,-0.6214470,3.5224470,0.0045089,-3.0626069,-0.1379293
896.0000000,0.5890532,-0.6219373,3.5226811,-0.0058210,-3.0652654,-0.1468702
897.0000000,0.5867984,-0.6222773,3.5229942,-0.0128974,-3.0689690,-0.1526670
898.0000000,0.5847275,-0.6222723,3.5223681,-0.0117111,-3.0813419,-0.1451099
899.0000000,0.5831287,-0.6226501,3.5221380,-0.0163442,-3.0841878,-0.1457704
900.0000000,0.5818157,-0.6233940,3.5225043,-0.0244930,-3.0917514,-0.1427127
901.0000000,0.5803180,-0.6235194,3.5231166,-0.0276940,-3.0957491,-0.1403456
902.0000000,0.5786057,-0.6233555,3.5235073,-0.0216994,-3.0979097,-0.1300745
903.0000000,0.5773315,-0.6238437,3.5235763,-0.0252780,-3.0966821,-0.1300018
904.0000000,0.5760114,-0.6243505,3.5241176,-0.0281191,-3.0989735,-0.1281815
905.0000000,0.5748315,-0.6247164,3.5245941,-0.0296337,-3.1004001,-0.1255967
906.0000000,0.5738688,-0.6249182,3.5250447,-0.0299514,-3.1021836,-0.1223925
907.0000000,0.5730081,-0.6251075,3.5250862,-0.0307700,-3.1018179,-0.1257899
908.0000000,0.5722971,-0.6253836,3.5253072,-0.0339577,-3.0967764,-0.1371649
909.0000000,0.5716758,-0.6252118,3.5246453,-0.0350685,-3.0944583,-0.1448432
910.0000000,0.5710075,-0.6252201,3.5249138,-0.0371297,-3.0954789,-0.1492035
911.0000000,0.5702841,-0.6249899,3.5248120,-0.0375533,-3.0964467,-0.1526201
912.0000000,0.5697439,-0.6248399,3.5247140,-0.0401849,-3.0978825,-0.1541325
913.0000000,0.5689588,-0.6247311,3.5249608,-0.0454272,-3.0971741,-0.1580776
914.0000000,0.5680225,-0.6240909,3.5252119,-0.0466129,-3.1006656,-0.1571873
915.0000000,0.5666382,-0.6238935,3.5274554,-0.0463031,-3.1193488,-0.1353867
916.0000000,0.5664937,-0.6235961,3.5252206,-0.0558302,-3.1353133,-0.1192994
917.0000000,0.5657966,-0.6234739,3.5258096,-0.0660883,-3.1499331,-0.1161112
918.0000000,0.5649326,-0.6238118,3.5268701,-0.0877667,-3.1533065,-0.1294663
919.0000000,0.5647573,-0.6249893,3.5275774,-0.1143965,-3.1674516,-0.1133274
920.0000000,0.5645394,-0.6253175,3.5273085,-0.1220507,-3.1714557,-0.1007282
921.0000000,0.5656683,-0.6275378,3.5284752,-0.1514846,-3.1866790,-0.0990480
922.0000000,0.5650742,-0.6276248,3.5296938,-0.1460014,-3.1864104,-0.0959564
923.0000000,0.5660548,-0.6284693,3.5279849,-0.1519542,-3.1892617,-0.0907322
924.0000000,0.5658760,-0.6279396,3.5275249,-0.1387887,-3.1887649,-0.0917835
925.0000000,0.5662282,-0.6285124,3.5282342,-0.1359031,-3.1923949,-0.0973328
926.0000000,0.5658360,-0.6290011,3.5274893,-0.1159169,-3.1768634,-0.0840839
927.0000000,0.5662217,-0.6306682,3.5272583,-0.1152527,-3.1743201,-0.0658894
928.0000000,0.5663679,-0.6319045,3.5265546,-0.1169064,-3.1668404,-0.0568672
929.0000000,0.5673642,-0.6327358,3.5263789,-0.1213615,-3.1604690,-0.0538056
930.0000000,0.5677528,-0.6333599,3.5256698,-0.1055582,-3.1359479,-0.0624015
931.0000000,0.5670488,-0.6328748,3.5252200,-0.0845849,-3.1119442,-0.0655286
932.0000000,0.5672431,-0.6338581,3.5260200,-0.0956731,-3.1122384,-0.0750769
933.0000000,0.5670471,-0.6339762,3.5256070,-0.0977810,-3.1057113,-0.0888212
934.0000000,0.5668182,-0.6340721,3.5255828,-0.1015499,-3.1061173,-0.0907729
935.0000000,0.5670371,-0.6347281,3.5240147,-0.1095377,-3.1142783,-0.0877105
936.0000000,0.5667069,-0.6357212,3.5240656,-0.1163147,-3.1213589,-0.0827489
937.0000000,0.5655932,-0.6365482,3.5241595,-0.1234321,-3.1282227,-0.0799220
938.0000000,0.5642300,-0.6363232,3.5239978,-0.1302788,-3.1364135,-0.0877890
939.0000000,0.5626905,-0.6371439,3.5256351,-0.1490014,-3.1489395,-0.0850880
940.0000000,0.5608022,-0.6365907,3.5254787,-0.1578403,-3.1501708,-0.0644286
941.0000000,0.5595102,-0.6350501,3.5233874,-0.1546878,-3.1725082,-0.0343692
942.0000000,0.5579991,-0.6339999,3.5227901,-0.1491424,-3.1679242,-0.0408455
943.0000000,0.5571570,-0.6348625,3.5220309,-0.1661245,-3.1691403,-0.0483323
944.0000000,0.5557363,-0.6351134,3.5214496,-0.1647993,-3.1565497,-0.0325883
945.0000000,0.5549660,-0.6357008,3.5202396,-0.1699690,-3.1516912,-0.0212556
946.0000000,0.5538785,-0.6386708,3.5251859,-0.1990128,-3.1796493,-0.0096265
947.0000000,0.5527928,-0.6400917,3.5246366,-0.2166592,-3.1955343,-0.0016791
948.0000000,0.5510752,-0.6438916,3.5240716,-0.2550761,-3.2082353,0.0009476
949.0000000,0.5498927,-0.6467073,3.5219920,-0.2877155,-3.2089880,-0.0255833
950.0000000,0.5487008,-0.6464365,3.5220547,-0.2836459,-3.2173757,-0.0305263
951.0000000,0.5441732,-0.6473399,3.5237728,-0.2584818,-3.2134465,0.0024721
952.0000000,0.5379984,-0.6497300,3.5230893,-0.2480939,-3.2294873,0.0282108
953.0000000,0.5286689,-0.6568955,3.5191816,-0.2854658,-3.2419213,0.0415519
954.0000000,0.5147157,-0.6685069,3.5182315,-0.3412679,-3.2529556,0.0580198
955.0000000,0.4980326,-0.6808455,3.5125813,-0.3995597,-3.2485803,0.0832290
956.0000000,0.4773536,-0.6940191,3.5072524,-0.4589713,-3.2277529,0.1013271
957.0000000,0.4535732,-0.7080108,3.5024551,-0.5189786,-3.2053916,0.1149268
958.0000000,0.4252782,-0.7236198,3.4969094,-0.5992526,-3.1490594,0.1289467
959.0000000,0.3939209,-0.7398154,3.4968088,-0.6937506,-3.1248368,0.1539759
960.0000000,0.3604503,-0.7513486,3.4959793,-0.7592013,-3.0977499,0.1706416
961.0000000,0.3215532,-0.7658429,3.4973761,-0.8801622,-3.0506317,0.1870416
962.0000000,0.2818246,-0.7756786,3.5028526,-0.9999099,-3.0509257,0.2077241
963.0000000,0.2415867,-0.7816213,3.5075800,-1.1035502,-3.0302183,0.2265265
964.0000000,0.1985359,-0.7840270,3.5136113,-1.2286996,-2.9928384,0.2234958
965.0000000,0.1579185,-0.7823666,3.5201225,-1.3383831,-2.9629161,0.2210580
966.0000000,0.1226473,-0.7770997,3.5273644,-1.4102188,-2.9576784,0.2016382
967.0000000,0.0888352,-0.7702483,3.5312519,-1.5061163,-2.9150583,0.1946316
968.0000000,0.0576820,-0.7618883,3.5378122,-1.6093245,-2.9010688,0.1857035
969.0000000,0.0351486,-0.7542027,3.5438349,-1.6747299,-2.8739114,0.1974916
970.0000000,0.0184288,-0.7475176,3.5461521,-1.7242201,-2.8729864,0.1907671
971.0000000,0.0069885,-0.7405105,3.5482537,-1.7765934,-2.8908420,0.2086825
972.0000000,0.0067382,-0.7356288,3.5492986,-1.7716766,-2.9409101,0.2531792
973.0000000,0.0067258,-0.7327952,3.5451949,-1.7993927,-2.9604888,0.2545981
974.0000000,0.0074959,-0.7305950,3.5407135,-1.8578393,-2.9567296,0.2516512
975.0000000,0.0205989,-0.7321780,3.5287823,-1.8311884,-2.9725791,0.2261169
976.0000000,0.0397401,-0.7331958,3.5163462,-1.7849585,-2.9921845,0.2070533
977.0000000,0.0572519,-0.7335142,3.5060635,-1.7824920,-3.0044839,0.2006160
978.0000000,0.0942588,-0.7340178,3.4918290,-1.6168819,-3.0705236,0.1988065
979.0000000,0.1209664,-0.7334110,3.4807382,-1.5671883,-3.1117837,0.1849928
980.0000000,0.1499052,-0.7319573,3.4690101,-1.5112381,-3.1306265,0.1788915
981.0000000,0.1804895,-0.7304419,3.4554025,-1.4564568,-3.1508344,0.1557342
982.0000000,0.2096548,-0.7260299,3.4456234,-1.4182087,-3.1866775,0.1524492
983.0000000,0.2414098,-0.7208656,3.4306810,-1.3693353,-3.2176128,0.1247486
984.0000000,0.2741756,-0.7145764,3.4181013,-1.3199205,-3.2467291,0.0997587
985.0000000,0.3081770,-0.7066363,3.4059668,-1.2594680,-3.2756497,0.0753080
986.0000000,0.3386068,-0.6993681,3.3907468,-1.2395999,-3.2654360,0.0317403
987.0000000,0.3713737,-0.6893314,3.3801939,-1.1952963,-3.2844346,0.0106184
988.0000000,0.4119897,-0.6729398,3.3730219,-1.0565235,-3.3210908,-0.0105198
989.0000000,0.4432459,-0.6611809,3.3621534,-1.0019113,-3.3076197,-0.0349730
990.0000000,0.4755802,-0.6473141,3.3524319,-0.9179518,-3.2793588,-0.0571660
991.0000000,0.5053658,-0.6349849,3.3427142,-0.8547655,-3.2759181,-0.0587859
992.0000000,0.5333591,-0.6244389,3.3338359,-0.8023716,-3.2654609,-0.0553463
993.0000000,0.5595477,-0.6137987,3.3247718,-0.7467093,-3.2554507,-0.0588498
994.0000000,0.5848970,-0.6030338,3.3125424,-0.6917814,-3.2315537,-0.0824229
995.0000000,0.6080542,-0.5940821,3.3034149,-0.6407202,-3.2336522,-0.1028163
996.0000000,0.6318517,-0.5859575,3.2904112,-0.5995799,-3.2326039,-0.1176394
997.0000000,0.6543865,-0.5778304,3.2797321,-0.5495041,-3.2296808,-0.1255469
998.0000000,0.6774707,-0.5702841,3.2709389,-0.4889722,-3.2229399,-0.1390365
999.0000000,0.7005472,-0.5612816,3.2594415,-0.4219079,-3.2233161,-0.1617962
1000.0000000,0.7224441,-0.5532361,3.2508641,-0.3750679,-3.2129875,-0.2089150
1001.0000000,0.7451658,-0.5465269,3.2408827,-0.3319837,-3.2292039,-0.1789076
1002.0000000,0.7661107,-0.5378381,3.2333833,-0.2747103,-3.2310865,-0.1719915
1003.0000000,0.7864726,-0.5292146,3.2257817,-0.2294187,-3.2306581,-0.1713443
1004.0000000,0.8057399,-0.5208504,3.2184947,-0.1846751,-3.2313859,-0.1928963
1005.0000000,0.8215296,-0.5136191,3.2100949,-0.1443195,-3.2322437,-0.1885639
1006.0000000,0.8357201,-0.5089469,3.1993333,-0.1226610,-3.2197640,-0.2033594
1007.0000000,0.8484635,-0.5059211,3.1875367,-0.1141730,-3.2107296,-0.2160631
1008.0000000,0.8596256,-0.5030559,3.1772590,-0.1102595,-3.2139810,-0.2301802
1009.0000000,0.8692024,-0.5001911,3.1619247,-0.0946033,-3.1589740,-0.2371026
1010.0000000,0.8787627,-0.4953074,3.1450816,-0.0663134,-3.1165130,-0.2421222
1011.0000000,0.8878157,-0.4904466,3.1284938,-0.0320174,-3.0626973,-0.2512923
1012.0000000,0.8966165,-0.4854541,3.1119999,0.0163457,-3.0127015,-0.2777353
1013.0000000,0.9034753,-0.4825583,3.0965836,0.0620426,-2.9644267,-0.2955696
1014.0000000,0.9107485,-0.4843295,3.0827537,0.0786291,-2.9311411,-0.2924650
1015.0000000,0.9189100,-0.4846568,3.0664061,0.1028806,-2.9109872,-0.2921231
1016.0000000,0.9267852,-0.4862328,3.0509715,0.1193375,-2.8825797,-0.2884584
1017.0000000,0.9361405,-0.4869504,3.0356953,0.1345288,-2.8768101,-0.2773759
1018.0000000,0.9459486,-0.4880540,3.0206110,0.1432069,-2.9076903,-0.2305394
1019.0000000,0.9567397,-0.4875476,3.0024252,0.1538571,-2.8975031,-0.2214452
1020.0000000,0.9682298,-0.4869539,2.9854847,0.1655292,-2.9325123,-0.1980096
1021.0000000,0.9812233,-0.4873114,2.9659281,0.1430895,-2.9446929,-0.1850805
1022.0000000,0.9953327,-0.4869527,2.9450567,0.1118112,-2.9374002,-0.2107406
1023.0000000,1.0092947,-0.4857062,2.9248333,0.1278579,-2.9562934,-0.1841009
1024.0000000,1.0229869,-0.4837818,2.9036098,0.1507690,-2.9645547,-0.1823262
1025.0000000,1.0373492,-0.4833375,2.8811672,0.1385190,-2.9429408,-0.1840078
1026.0000000,1.0544796,-0.4813474,2.8543829,0.1374567,-2.9524285,-0.1983876
1027.0000000,1.0717032,-0.4814659,2.8314532,0.1299803,-2.9973185,-0.1873284
1028.0000000,1.0906837,-0.4813555,2.8045875,0.1270272,-3.0138858,-0.1961330
1029.0000000,1.1103148,-0.4821875,2.7798486,0.1196470,-3.0366136,-0.2071399
1030.0000000,1.1310894,-0.4833767,2.7559683,0.1076664,-3.0538812,-0.2189189
1031.0000000,1.1537092,-0.4853755,2.7346582,0.0754568,-3.0791403,-0.2324210
1032.0000000,1.1770403,-0.4868715,2.7135959,0.0675416,-3.1116208,-0.2309695
1033.0000000,1.2005503,-0.4875466,2.6946380,0.0655509,-3.1207051,-0.2430436
1034.0000000,1.2250154,-0.4868329,2.6765840,0.0590749,-3.1513464,-0.2455459
1035.0000000,1.2490640,-0.4855497,2.6576583,0.0655080,-3.1616552,-0.2476966
1036.0000000,1.2730138,-0.4839557,2.6410975,0.0634786,-3.1848035,-0.2529565
1037.0000000,1.2998168,-0.4797442,2.6208702,0.0684344,-3.1827067,-0.2673348
1038.0000000,1.3274596,-0.4754275,2.6049993,0.0387351,-3.2030042,-0.2788398
1039.0000000,1.3552387,-0.4687930,2.5885315,0.0489513,-3.2337843,-0.2673208
1040.0000000,1.3849459,-0.4597363,2.5706780,0.0590222,-3.2552586,-0.2756863
1041.0000000,1.4164565,-0.4496305,2.5558844,0.0697659,-3.2620056,-0.2945679
1042.0000000,1.4492741,-0.4369320,2.5379642,0.0736329,-3.2560996,-0.3146355
1043.0000000,1.4830906,-0.4247395,2.5223907,0.0907364,-3.2485931,-0.3301405
1044.0000000,1.5181863,-0.4085218,2.5049251,0.1353952,-3.2228792,-0.3274399
1045.0000000,1.5543909,-0.3913660,2.4907336,0.1881712,-3.1834509,-0.3546659
1046.0000000,1.5930510,-0.3736120,2.4726732,0.2491251,-3.1252372,-0.3854790
1047.0000000,1.6315968,-0.3558315,2.4578563,0.3150574,-3.1151521,-0.3732023
1048.0000000,1.6716201,-0.3388331,2.4387542,0.3996950,-3.0878342,-0.3699671
1049.0000000,1.7089164,-0.3217436,2.4231772,0.5319368,-3.0433742,-0.3813128
1050.0000000,1.7480538,-0.3090541,2.4126951,0.6304493,-3.0823152,-0.3940412
1051.0000000,1.7874825,-0.2957540,2.3991719,0.7418444,-3.0443853,-0.4222510
1052.0000000,1.8243148,-0.2826431,2.3870550,0.8618264,-3.0000671,-0.4205650
1053.0000000,1.8659565,-0.2676961,2.3752902,0.9387191,-2.9784028,-0.3783989
1054.0000000,1.9056966,-0.2501563,2.3625067,1.0285225,-2.9728897,-0.3052038
1055.0000000,1.9465117,-0.2294496,2.3487544,1.0906147,-3.0029367,-0.2229070
1056.0000000,1.9870934,-0.2057688,2.3459276,1.1611046,-3.0292026,-0.2238511
1057.0000000,2.0277233,-0.1783512,2.3412143,1.2283300,-3.0653642,-0.2084646
1058.0000000,2.0607345,-0.1489935,2.3501837,1.3741013,-3.0538937,-0.2622828
1059.0000000,2.0962591,-0.1151643,2.3584901,1.4774131,-3.0649182,-0.2846201
1060.0000000,2.1308591,-0.0782126,2.3698664,1.5795760,-3.0931182,-0.3294622
1061.0000000,2.1648226,-0.0383642,2.3820294,1.6465442,-3.1506584,-0.3454686
1062.0000000,2.1965246,0.0055857,2.3962941,1.7172508,-3.1727738,-0.3867821
1063.0000000,2.2255273,0.0493387,2.4089389,1.7794391,-3.2057856,-0.3982035
1064.0000000,2.2483149,0.0891322,2.4256005,1.8884902,-3.1949941,-0.4362297
1065.0000000,2.2654085,0.1258464,2.4395291,1.9908206,-3.2529840,-0.4330226
1066.0000000,2.2811406,0.1565672,2.4593368,2.0970038,-3.2628201,-0.4901674
1067.0000000,2.2898886,0.1747496,2.4881077,2.3161984,-3.1291187,-0.6025493
1068.0000000,2.3016226,0.1923270,2.5081439,2.4145758,-3.1571644,-0.6505319
1069.0000000,2.3151934,0.2098436,2.5297189,2.4134600,-3.2340082,-0.7285411
1070.0000000,2.3263121,0.2185056,2.5436966,2.4601451,-3.3205734,-0.7697104
1071.0000000,2.3360200,0.2237828,2.5572529,2.4984944,-3.3889151,-0.8280903
1072.0000000,2.3447604,0.2227726,2.5700152,2.5857772,-3.3808613,-0.8971961
1073.0000000,2.3576548,0.2195467,2.5748765,2.6529503,-3.3931092,-0.9656685
1074.0000000,2.3734841,0.2106144,2.5775387,2.7199613,-3.3992713,-0.9765494
1075.0000000,2.3931260,0.2040713,2.5751250,2.7143956,-3.4745071,-0.9741653
1076.0000000,2.4159563,0.2004185,2.5715288,2.6569356,-3.6038719,-0.9845505
1077.0000000,2.4359274,0.1987881,2.5694051,2.6682396,-3.6502855,-1.0115036
1078.0000000,2.4589825,0.2006549,2.5653220,2.7083466,-3.6639780,-1.0417730
1079.0000000,2.4829268,0.2054433,2.5619005,2.7756899,-3.6332935,-1.0596252
1080.0000000,2.5106826,0.2144268,2.5575460,2.8280535,-3.6027741,-1.0711236
1081.0000000,2.5422342,0.2269584,2.5535772,2.8468649,-3.5835802,-1.0854922
1082.0000000,2.5763279,0.2387609,2.5529069,2.9154942,-3.4978422,-1.1006958
1083.0000000,2.6169142,0.2520632,2.5518794,2.9013732,-3.4796192,-1.1094910
1084.0000000,2.6572095,0.2591913,2.5516886,3.0182727,-3.3525634,-1.0979985
1085.0000000,2.7017723,0.2638933,2.5528910,3.0477179,-3.2986041,-1.1095716
1086.0000000,2.7495185,0.2624856,2.5521413,3.0547857,-3.2841176,-1.1150665
1087.0000000,2.7995172,0.2552087,2.5494871,3.0657608,-3.2761939,-1.1115679
1088.0000000,2.8536679,0.2453470,2.5452987,3.0572419,-3.2877561,-1.0926283
1089.0000000,2.9110132,0.2402640,2.5437903,2.9668024,-3.3330243,-1.1189330
1090.0000000,2.9739388,0.2383899,2.5391015,2.7476612,-3.4904972,-1.0772274
1091.0000000,3.0369672,0.2375104,2.5370986,2.5782935,-3.5613001,-1.0497510
1092.0000000,3.1037480,0.2334448,2.5266552,2.5099306,-3.5687823,-1.0264510
1093.0000000,3.1728339,0.2288049,2.5148984,2.4248183,-3.5857521,-0.9776990
1094.0000000,3.2435520,0.2190999,2.4990875,2.3740492,-3.5831624,-0.9262778
1095.0000000,3.3190714,0.2060122,2.4734591,2.3296822,-3.5896191,-0.8522789
1096.0000000,3.3948141,0.1841484,2.4407694,2.3283766,-3.5679340,-0.7899116
1097.0000000,3.4628445,0.1485677,2.4116100,2.3905970,-3.4145339,-0.7200233
1098.0000000,3.5340659,0.1182336,2.3687176,2.2479865,-3.4854833,-0.5737208
1099.0000000,3.5921311,0.0729146,2.3364154,2.1942891,-3.4591444,-0.4906180
1100.0000000,3.6456504,0.0290411,2.3060730,2.1107903,-3.4621221,-0.3885852
1101.0000000,3.6907944,-0.0176084,2.2772760,2.1123460,-3.4552152,-0.2944950
1102.0000000,3.7317214,-0.0562749,2.2573423,2.1189118,-3.4163467,-0.2049336
1103.0000000,3.7735444,-0.0819293,2.2455858,2.0742829,-3.3862012,-0.1920035
1104.0000000,3.8187912,-0.0957882,2.2400705,1.9940760,-3.3445839,-0.2364373
1105.0000000,3.8640329,-0.1002052,2.2417299,1.9015173,-3.3312836,-0.3023530
1106.0000000,3.9071252,-0.0942725,2.2416592,1.8517970,-3.3621237,-0.3269526
1107.0000000,3.9475872,-0.0838693,2.2487524,1.8850171,-3.3437260,-0.4138648
1108.0000000,3.9968452,-0.0676553,2.2546778,1.8751682,-3.3845537,-0.4294527
1109.0000000,4.0459672,-0.0460739,2.2613300,1.8837036,-3.4360817,-0.3790657
1110.0000000,4.0944372,-0.0257714,2.2696954,1.9076758,-3.4794556,-0.3365174
1111.0000000,4.1440196,-0.0053868,2.2766638,1.8887392,-3.5675359,-0.3515221
1112.0000000,4.1885760,0.0018823,2.2867893,1.8860946,-3.5759268,-0.4056597
1113.0000000,4.2252024,-0.0096265,2.3042705,1.9171642,-3.5014865,-0.5046919
1114.0000000,4.2627102,-0.0272752,2.3179158,1.9413426,-3.4674916,-0.5413704
1115.0000000,4.3009788,-0.0427415,2.3326861,1.9461364,-3.4917948,-0.5399222
1116.0000000,4.3410727,-0.0521665,2.3508203,1.9220623,-3.5498831,-0.5347191
1117.0000000,4.3807458,-0.0594394,2.3635452,1.9734065,-3.5626150,-0.5484066
1118.0000000,4.4266020,-0.0624615,2.3752830,1.9859187,-3.6027537,-0.5611605
1119.0000000,4.4792907,-0.0613503,2.3848487,1.9922482,-3.6233890,-0.5356792
1120.0000000,4.5411784,-0.0514944,2.3945951,1.9223954,-3.6939071,-0.4925867
1121.0000000,4.6075951,-0.0383809,2.4047413,1.8704066,-3.7433663,-0.4376672
1122.0000000,4.6781831,-0.0243536,2.4178004,1.7936206,-3.7731100,-0.4138530
1123.0000000,4.7440172,-0.0135196,2.4236510,1.8298548,-3.7635760,-0.3750772
1124.0000000,4.8118461,-0.0035644,2.4273913,1.8506125,-3.7648953,-0.3447604
1125.0000000,4.8842478,0.0025680,2.4342541,1.7728450,-3.8175436,-0.3436840
1126.0000000,4.9515135,-0.0035918,2.4341017,1.7407654,-3.8240626,-0.3817348
1127.0000000,5.0129476,-0.0206989,2.4324074,1.7463242,-3.8146575,-0.3984794
1128.0000000,5.0696132,-0.0402673,2.4305158,1.7797414,-3.7683813,-0.4023694
1129.0000000,5.1256048,-0.0557539,2.4278111,1.8063326,-3.7264466,-0.3703436
1130.0000000,5.1817995,-0.0625668,2.4309536,1.7800254,-3.7063535,-0.3802433
