63.0000000,0.6220419,-0.6392627,3.6974274,-1.8697939,-3.2683605,-0.0088340
64.0000000,0.6211660,-0.6386458,3.6965394,-1.8613016,-3.2639107,-0.0219989
65.0000000,0.6194212,-0.6375476,3.6959259,-1.8681483,-3.2425474,-0.0408434
66.0000000,0.6183002,-0.6383312,3.6954309,-1.8707723,-3.2413713,-0.0488137
67.0000000,0.6171849,-0.6388814,3.6946807,-1.8667144,-3.2407806,-0.0581534
68.0000000,0.6164420,-0.6407434,3.6948138,-1.8648197,-3.2243244,-0.0427838
69.0000000,0.6158288,-0.6420255,3.6950743,-1.8659037,-3.2129764,-0.0343952
70.0000000,0.6153502,-0.6428396,3.6950113,-1.8620099,-3.2028364,-0.0322848
71.0000000,0.6154974,-0.6439645,3.6945417,-1.8597243,-3.2109485,-0.0292965
72.0000000,0.6148462,-0.6447099,3.6949471,-1.8676685,-3.2008522,-0.0181817
73.0000000,0.6147406,-0.6452346,3.6947752,-1.8712417,-3.1944612,-0.0157863
74.0000000,0.6147053,-0.6455401,3.6949506,-1.8734313,-3.2019933,-0.0146068
75.0000000,0.6146486,-0.6457657,3.6947292,-1.8745813,-3.2105532,-0.0196577
76.0000000,0.6142206,-0.6457692,3.6944720,-1.8804734,-3.2146682,-0.0265692
77.0000000,0.6139445,-0.6457832,3.6944373,-1.8827393,-3.2149744,-0.0326531
78.0000000,0.6138682,-0.6457374,3.6948860,-1.8840447,-3.2207093,-0.0360690
79.0000000,0.6137295,-0.6456089,3.6951226,-1.8866131,-3.2196101,-0.0350313
80.0000000,0.6130855,-0.6456574,3.6952287,-1.8910477,-3.2143817,-0.0361357
81.0000000,0.6123629,-0.6457167,3.6957190,-1.8944103,-3.2100244,-0.0334441
82.0000000,0.6112835,-0.6454105,3.6964301,-1.9017792,-3.2077322,-0.0376881
83.0000000,0.6108670,-0.6452687,3.6969381,-1.9118307,-3.2115149,-0.0379926
84.0000000,0.6099296,-0.6453695,3.6985596,-1.9257959,-3.1975579,-0.0262800
85.0000000,0.6089940,-0.6455361,3.6999023,-1.9402110,-3.1785916,-0.0190856
86.0000000,0.6094732,-0.6460872,3.6998936,-1.9426476,-3.1828020,-0.0218719
87.0000000,0.6082361,-0.6461902,3.7007223,-1.9671205,-3.1908970,-0.0220308
88.0000000,0.6074815,-0.6461153,3.7009835,-1.9948080,-3.1893481,-0.0210820
89.0000000,0.6069989,-0.6459370,3.7015149,-2.0221147,-3.1900093,-0.0225638
90.0000000,0.6069367,-0.6457913,3.7019124,-2.0431250,-3.2005018,-0.0276710
91.0000000,0.6067839,-0.6456951,3.7020992,-2.0580279,-3.2160994,-0.0368273
92.0000000,0.6064658,-0.6455597,3.7023045,-2.0734743,-3.2299884,-0.0417568
93.0000000,0.6061821,-0.6453826,3.7030402,-2.0876375,-3.2291954,-0.0447405
94.0000000,0.6074073,-0.6458486,3.7029974,-2.0924731,-3.2336660,-0.0535382
95.0000000,0.6072857,-0.6457169,3.7032761,-2.1105588,-3.2367950,-0.0556222
96.0000000,0.6075151,-0.6452377,3.7038759,-2.1245731,-3.2367280,-0.0533999
97.0000000,0.6068883,-0.6449789,3.7053125,-2.1524902,-3.2444391,-0.0457211
98.0000000,0.6066833,-0.6443763,3.7064539,-2.1786929,-3.2463613,-0.0368536
99.0000000,0.6057370,-0.6431451,3.7085584,-2.2006555,-3.2540028,-0.0416655
100.0000000,0.6061380,-0.6424814,3.7071799,-2.2209901,-3.2607685,-0.0381972
101.0000000,0.6055784,-0.6419529,3.7084491,-2.2432539,-3.2603435,-0.0431616
102.0000000,0.6053846,-0.6412280,3.7096897,-2.2648493,-3.2626604,-0.0434320
103.0000000,0.6055155,-0.6407616,3.7110581,-2.2833516,-3.2683467,-0.0412901
104.0000000,0.6057005,-0.6400393,3.7116699,-2.3012355,-3.2710231,-0.0419753
105.0000000,0.6050084,-0.6387440,3.7126697,-2.3259371,-3.2697747,-0.0315089
106.0000000,0.6047721,-0.6378506,3.7135960,-2.3465449,-3.2715942,-0.0283151
107.0000000,0.6050451,-0.6369991,3.7146409,-2.3657817,-3.2731387,-0.0247424
108.0000000,0.6054118,-0.6363155,3.7164257,-2.3891312,-3.2789474,-0.0153526
109.0000000,0.6057856,-0.6358021,3.7199170,-2.4094583,-3.2720808,-0.0041585
110.0000000,0.6066203,-0.6352143,3.7213955,-2.4349927,-3.2678261,0.0026451
111.0000000,0.6075315,-0.6342635,3.7227595,-2.4596319,-3.2728852,0.0195342
112.0000000,0.6080422,-0.6334203,3.7239499,-2.4814336,-3.2713135,0.0239834
113.0000000,0.6085775,-0.6329155,3.7247306,-2.4937433,-3.2653258,0.0196157
114.0000000,0.6084604,-0.6322073,3.7255352,-2.5086955,-3.2630160,0.0168341
115.0000000,0.6079798,-0.6312872,3.7260462,-2.5289173,-3.2739496,0.0252376
116.0000000,0.6077697,-0.6304954,3.7269005,-2.5509020,-3.2774919,0.0361993
117.0000000,0.6072075,-0.6299436,3.7279613,-2.5753694,-3.2777952,0.0483118
118.0000000,0.6065662,-0.6301496,3.7292639,-2.5951599,-3.2766627,0.0596520
119.0000000,0.6059568,-0.6301864,3.7297208,-2.6158893,-3.2801111,0.0642695
120.0000000,0.6052933,-0.6296391,3.7298637,-2.6342010,-3.2790404,0.0631049
121.0000000,0.6045349,-0.6287951,3.7302175,-2.6470751,-3.2774298,0.0592590
122.0000000,0.6035635,-0.6281549,3.7308991,-2.6601785,-3.2731606,0.0616597
123.0000000,0.6028647,-0.6275206,3.7313942,-2.6688638,-3.2766254,0.0651143
124.0000000,0.6016660,-0.6266831,3.7320056,-2.6781467,-3.2717714,0.0647147
125.0000000,0.6011848,-0.6260477,3.7323343,-2.6862245,-3.2699963,0.0670318
126.0000000,0.6003687,-0.6252245,3.7327172,-2.7022523,-3.2644900,0.0659101
127.0000000,0.5993733,-0.6240873,3.7333354,-2.7133910,-3.2639674,0.0696513
128.0000000,0.5984037,-0.6234372,3.7339127,-2.7211932,-3.2544671,0.0675950
129.0000000,0.5976152,-0.6224754,3.7347983,-2.7279752,-3.2379532,0.0623241
130.0000000,0.5963521,-0.6221434,3.7372496,-2.7295275,-3.2256423,0.0616774
131.0000000,0.5971007,-0.6214845,3.7367212,-2.7227431,-3.2153511,0.0551066
132.0000000,0.5969315,-0.6211005,3.7375515,-2.7202576,-3.2049946,0.0522460
133.0000000,0.5924969,-0.6174775,3.7394054,-2.7650731,-3.1856438,0.0590113
134.0000000,0.5918083,-0.6163983,3.7408255,-2.7773329,-3.1834455,0.0639074
135.0000000,0.5908830,-0.6146965,3.7420684,-2.7923298,-3.1724067,0.0576901
136.0000000,0.5898294,-0.6132905,3.7425371,-2.8128675,-3.1595383,0.0535353
137.0000000,0.5893066,-0.6116617,3.7437141,-2.8297302,-3.1486565,0.0478233
138.0000000,0.5888977,-0.6103557,3.7445388,-2.8445638,-3.1374089,0.0451375
139.0000000,0.5884707,-0.6093266,3.7448617,-2.8598780,-3.1271861,0.0383131
140.0000000,0.5879755,-0.6085784,3.7447998,-2.8717665,-3.1180212,0.0349004
141.0000000,0.5874329,-0.6078750,3.7446100,-2.8864308,-3.1239817,0.0413110
142.0000000,0.5868139,-0.6073544,3.7448065,-2.9058323,-3.1184645,0.0413036
143.0000000,0.5861831,-0.6063719,3.7444203,-2.9263725,-3.1238929,0.0432559
144.0000000,0.5855565,-0.6048490,3.7440828,-2.9476421,-3.1300233,0.0406783
145.0000000,0.5843749,-0.6032681,3.7444648,-2.9792584,-3.1284800,0.0379413
146.0000000,0.5827503,-0.6015624,3.7460235,-3.0113849,-3.1348822,0.0434285
147.0000000,0.5832036,-0.5979595,3.7449081,-3.0443197,-3.1265718,0.0260477
148.0000000,0.5831232,-0.5961747,3.7450580,-3.0652072,-3.1249939,0.0206197
149.0000000,0.5832965,-0.5933347,3.7451250,-3.0919482,-3.1202065,0.0111943
150.0000000,0.5837786,-0.5910059,3.7454189,-3.1176330,-3.1174814,0.0107093
151.0000000,0.5853794,-0.5890000,3.7459420,-3.1326518,-3.1127915,-0.0018567
152.0000000,0.5863731,-0.5859675,3.7468313,3.1212700,-3.1010337,0.0040411
153.0000000,0.5873978,-0.5838524,3.7476402,3.1038324,-3.1023617,0.0018500
154.0000000,0.5883901,-0.5801932,3.7457257,3.0687058,-3.1255728,-0.0082767
155.0000000,0.5894420,-0.5780865,3.7453138,3.0432028,-3.1354049,-0.0160573
156.0000000,0.5905535,-0.5774287,3.7455392,3.0170634,-3.1577214,-0.0033148
157.0000000,0.5923095,-0.5745242,3.7429148,2.9764075,-3.1930001,-0.0129286
158.0000000,0.5937560,-0.5731230,3.7432307,2.9466328,-3.1897167,-0.0306513
159.0000000,0.5949244,-0.5720848,3.7429129,2.9097083,-3.2012114,-0.0245286
160.0000000,0.5953579,-0.5742648,3.7446274,2.9041178,-3.1940912,-0.0031669
161.0000000,0.5980563,-0.5730404,3.7432212,2.8665045,-3.2141525,-0.0119273
162.0000000,0.5990431,-0.5751790,3.7420099,2.8558696,-3.2254416,-0.0028665
163.0000000,0.5998516,-0.5754925,3.7420513,2.8295435,-3.2299637,-0.0018512
164.0000000,0.6022487,-0.5746360,3.7423179,2.7916646,-3.2297889,0.0101878
165.0000000,0.6033947,-0.5749197,3.7444443,2.7675039,-3.2110548,0.0202075
166.0000000,0.6043181,-0.5754545,3.7479714,2.7487123,-3.1908779,0.0140053
167.0000000,0.6058443,-0.5755237,3.7474638,2.7224539,-3.1962232,0.0179745
168.0000000,0.6079593,-0.5745611,3.7485076,2.6881626,-3.2063820,0.0216973
169.0000000,0.6091309,-0.5741291,3.7486888,2.6692118,-3.2038380,0.0253646
170.0000000,0.6104488,-0.5739635,3.7485825,2.6546388,-3.2006745,0.0351608
171.0000000,0.6119134,-0.5735843,3.7496711,2.6346965,-3.1944874,0.0314246
172.0000000,0.6132350,-0.5716840,3.7497388,2.6022102,-3.1983692,0.0083986
173.0000000,0.6136012,-0.5717561,3.7508251,2.5807588,-3.2053038,0.0014776
174.0000000,0.6147089,-0.5712162,3.7493736,2.5607534,-3.2103209,0.0025295
175.0000000,0.6147647,-0.5712019,3.7495009,2.5405838,-3.2082008,0.0005466
176.0000000,0.6149032,-0.5717071,3.7499015,2.5227331,-3.2069268,-0.0017883
177.0000000,0.6147039,-0.5721993,3.7503738,2.5096905,-3.2031218,-0.0001954
178.0000000,0.6135707,-0.5747750,3.7476237,2.5149121,-3.2187140,0.0186180
179.0000000,0.6136343,-0.5749352,3.7482997,2.5006920,-3.2090913,0.0252530
180.0000000,0.6138058,-0.5749631,3.7494443,2.4784057,-3.2034741,0.0194169
181.0000000,0.6133590,-0.5755433,3.7517761,2.4589521,-3.1970023,0.0297370
182.0000000,0.6145697,-0.5750351,3.7511629,2.4378775,-3.1955351,0.0313977
183.0000000,0.6152735,-0.5745353,3.7530958,2.4200059,-3.1819705,0.0417379
184.0000000,0.6154041,-0.5745925,3.7552516,2.4068061,-3.1729550,0.0411692
185.0000000,0.6160493,-0.5734432,3.7578242,2.3856141,-3.1565004,0.0343203
186.0000000,0.6177711,-0.5723797,3.7597683,2.3570684,-3.1345076,0.0140582
187.0000000,0.6185105,-0.5719428,3.7606196,2.3366208,-3.1235961,0.0066147
188.0000000,0.6188176,-0.5711138,3.7607804,2.3181630,-3.1147162,0.0054564
189.0000000,0.6201494,-0.5693282,3.7603548,2.2872182,-3.1230692,0.0107986
190.0000000,0.6220045,-0.5675588,3.7571642,2.2496154,-3.1677292,0.0184751
191.0000000,0.6211503,-0.5683351,3.7610444,2.2402463,-3.1518661,0.0100045
192.0000000,0.6221476,-0.5677176,3.7597107,2.2267779,-3.1376213,0.0212525
193.0000000,0.6227293,-0.5677255,3.7590584,2.2101635,-3.1455211,0.0282425
194.0000000,0.6233466,-0.5678874,3.7593022,2.1889448,-3.1563260,0.0228961
195.0000000,0.6240110,-0.5679488,3.7596288,2.1678750,-3.1543775,0.0393992
196.0000000,0.6256828,-0.5677121,3.7595751,2.1453534,-3.1530839,0.0506958
197.0000000,0.6285791,-0.5662141,3.7605020,2.1079312,-3.1607702,0.0430144
198.0000000,0.6285710,-0.5666221,3.7675836,2.1011950,-3.1170131,0.0066339
199.0000000,0.6296873,-0.5654635,3.7648579,2.0818633,-3.1246249,0.0153055
200.0000000,0.6303720,-0.5649759,3.7612936,2.0663894,-3.1391495,0.0392999
201.0000000,0.6336815,-0.5635129,3.7604870,2.0314906,-3.1540230,0.0453113
202.0000000,0.6386814,-0.5616777,3.7551140,1.9807473,-3.1929851,0.0776202
203.0000000,0.6389692,-0.5617883,3.7561008,1.9706836,-3.1850713,0.0716585
204.0000000,0.6405706,-0.5609884,3.7556438,1.9478648,-3.1937592,0.0757175
205.0000000,0.6438956,-0.5599895,3.7531400,1.9200427,-3.2307996,0.0879063
206.0000000,0.6464255,-0.5590276,3.7508192,1.8987158,-3.2499989,0.1038374
207.0000000,0.6474793,-0.5586638,3.7492464,1.8909216,-3.2815690,0.1067292
208.0000000,0.6472175,-0.5590906,3.7512194,1.8856382,-3.2654294,0.0964735
209.0000000,0.6474085,-0.5589036,3.7510659,1.8854594,-3.2555261,0.0729723
210.0000000,0.6485662,-0.5586025,3.7510212,1.8720569,-3.2504333,0.0710278
211.0000000,0.6491959,-0.5583838,3.7515032,1.8610221,-3.2370910,0.0749661
212.0000000,0.6502280,-0.5576593,3.7516722,1.8483257,-3.2442205,0.0655595
213.0000000,0.6516998,-0.5566831,3.7519974,1.8312504,-3.2362993,0.0621587
214.0000000,0.6519969,-0.5561261,3.7537424,1.8162297,-3.2249555,0.0567905
215.0000000,0.6551127,-0.5547510,3.7496965,1.7918756,-3.2150236,0.0777947
216.0000000,0.6555018,-0.5537703,3.7495112,1.7771031,-3.2104695,0.0832712
217.0000000,0.6557372,-0.5530967,3.7491929,1.7654402,-3.2049194,0.0869232
218.0000000,0.6575186,-0.5522554,3.7484447,1.7423350,-3.2204301,0.0813850
219.0000000,0.6568177,-0.5525477,3.7504943,1.7317111,-3.2156132,0.0803316
220.0000000,0.6557918,-0.5522777,3.7485121,1.7368013,-3.2081962,0.0859949
221.0000000,0.6548467,-0.5524395,3.7472131,1.7375098,-3.2157936,0.0975179
222.0000000,0.6555812,-0.5524745,3.7447815,1.7265221,-3.2321142,0.1203044
223.0000000,0.6555002,-0.5519875,3.7466030,1.7172015,-3.2108668,0.1082889
224.0000000,0.6633613,-0.5527098,3.7488623,1.6473949,-3.2218446,0.0854667
225.0000000,0.6569536,-0.5516278,3.7466452,1.6936133,-3.2254592,0.1029402
226.0000000,0.6555805,-0.5514287,3.7467344,1.7018421,-3.2217055,0.1022535
227.0000000,0.6542709,-0.5508471,3.7479525,1.7068736,-3.1941641,0.0973710
228.0000000,0.6540802,-0.5503415,3.7477367,1.7061769,-3.1919217,0.0978219
229.0000000,0.6538959,-0.5499765,3.7478505,1.7058902,-3.1888924,0.0949177
230.0000000,0.6535857,-0.5499784,3.7478147,1.7076591,-3.1866407,0.0955897
231.0000000,0.6534042,-0.5499545,3.7474066,1.7114296,-3.1899834,0.0955455
232.0000000,0.6534791,-0.5497205,3.7473390,1.7117289,-3.1857943,0.0962829
233.0000000,0.6531355,-0.5497165,3.7484150,1.7179621,-3.2008362,0.0753069
234.0000000,0.6528609,-0.5500462,3.7461702,1.7203292,-3.2055622,0.0878581
235.0000000,0.6521611,-0.5498157,3.7458711,1.7234642,-3.2035715,0.0877838
236.0000000,0.6515126,-0.5496944,3.7450073,1.7281819,-3.2007362,0.0914594
237.0000000,0.6513765,-0.5494635,3.7442505,1.7306394,-3.2050140,0.0933571
238.0000000,0.6504443,-0.5493770,3.7434927,1.7408800,-3.2063363,0.0958930
239.0000000,0.6493137,-0.5494379,3.7428653,1.7525047,-3.2061243,0.0992977
240.0000000,0.6479921,-0.5498197,3.7424912,1.7666557,-3.2085461,0.1018805
241.0000000,0.6460302,-0.5505962,3.7405329,1.7885872,-3.2227580,0.1139349
242.0000000,0.6460915,-0.5507485,3.7389344,1.7923387,-3.2385898,0.1235940
243.0000000,0.6431081,-0.5521684,3.7422009,1.8268227,-3.2251509,0.0957308
244.0000000,0.6406128,-0.5526545,3.7404105,1.8625742,-3.2471570,0.1021952
245.0000000,0.6397860,-0.5526565,3.7382903,1.8902102,-3.2685465,0.1005981
246.0000000,0.6381457,-0.5518451,3.7340280,1.9227992,-3.2946710,0.1214140
247.0000000,0.6367283,-0.5515382,3.7315584,1.9539158,-3.3072687,0.1221835
248.0000000,0.6360900,-0.5512013,3.7287462,1.9813023,-3.3194787,0.1221410
249.0000000,0.6349041,-0.5500765,3.7274450,2.0014827,-3.3320951,0.1075758
250.0000000,0.6348236,-0.5491915,3.7325439,2.0048874,-3.3099411,0.0656096
251.0000000,0.6330063,-0.5473125,3.7272585,2.0433304,-3.3309689,0.0672830
252.0000000,0.6314821,-0.5475144,3.7238293,2.0719892,-3.3648666,0.0775928
253.0000000,0.6299870,-0.5484115,3.7203106,2.1133261,-3.3690279,0.0721139
254.0000000,0.6277568,-0.5483484,3.7213343,2.1387137,-3.3387017,0.0534286
255.0000000,0.6255877,-0.5488428,3.7224093,2.1680489,-3.3078914,0.0377378
256.0000000,0.6237378,-0.5478973,3.7237348,2.1954401,-3.3178850,0.0144958
257.0000000,0.6217899,-0.5466714,3.7236009,2.2195491,-3.3216664,0.0087683
258.0000000,0.6203642,-0.5464518,3.7229990,2.2454042,-3.3157279,0.0028880
259.0000000,0.6188045,-0.5462629,3.7234004,2.2679485,-3.3160599,-0.0103035
260.0000000,0.6161222,-0.5457501,3.7266866,2.2885122,-3.2815089,-0.0209736
261.0000000,0.6144528,-0.5452266,3.7314234,2.2997889,-3.2558270,-0.0349793
262.0000000,0.6120682,-0.5466002,3.7274767,2.3383024,-3.2723188,-0.0298051
263.0000000,0.6096361,-0.5476204,3.7270264,2.3616812,-3.2772266,-0.0309220
264.0000000,0.6064503,-0.5496801,3.7272729,2.3942743,-3.2767512,-0.0334312
265.0000000,0.6037974,-0.5522773,3.7254416,2.4279454,-3.2912743,-0.0267767
266.0000000,0.6010103,-0.5540410,3.7264433,2.4594632,-3.2807453,-0.0381087
267.0000000,0.5987358,-0.5562134,3.7259794,2.4894320,-3.2893038,-0.0406795
268.0000000,0.5962317,-0.5580474,3.7255393,2.5198974,-3.2923090,-0.0433919
269.0000000,0.5932343,-0.5596663,3.7272915,2.5493981,-3.2650295,-0.0451168
270.0000000,0.5908725,-0.5620775,3.7255530,2.5803751,-3.2745974,-0.0432118
271.0000000,0.5882549,-0.5637778,3.7265902,2.6050723,-3.2625693,-0.0412495
272.0000000,0.5858014,-0.5650550,3.7281858,2.6256445,-3.2483630,-0.0427875
273.0000000,0.5832496,-0.5678561,3.7266559,2.6593629,-3.2608684,-0.0471914
274.0000000,0.5806417,-0.5690929,3.7287151,2.6776740,-3.2472391,-0.0560740
275.0000000,0.5784366,-0.5710115,3.7285730,2.7066543,-3.2533866,-0.0656671
276.0000000,0.5764139,-0.5720642,3.7287613,2.7348425,-3.2525935,-0.0788717
277.0000000,0.5737748,-0.5714387,3.7328278,2.7472936,-3.2190798,-0.0840685
278.0000000,0.5717824,-0.5720732,3.7341815,2.7715353,-3.2076046,-0.0971459
279.0000000,0.5685847,-0.5759665,3.7318470,2.8281823,-3.2140382,-0.1009118
280.0000000,0.5658014,-0.5765945,3.7348245,2.8402502,-3.1820588,-0.0839562
281.0000000,0.5636895,-0.5782369,3.7341254,2.8619381,-3.1734626,-0.0717287
282.0000000,0.5606058,-0.5796875,3.7333695,2.8841073,-3.1764688,-0.0500471
283.0000000,0.5581992,-0.5813832,3.7335887,2.9207178,-3.1703515,-0.0706086
284.0000000,0.5571158,-0.5848894,3.7324576,2.9691816,-3.1775411,-0.0690047
285.0000000,0.5568326,-0.5899016,3.7275108,3.0310906,-3.2104714,-0.0944819
286.0000000,0.5559242,-0.5974396,3.7317329,3.1130059,-3.1600116,-0.0676535
287.0000000,0.5545144,-0.6013057,3.7340315,-3.1310903,-3.1211442,-0.0469757
288.0000000,0.5536723,-0.6022464,3.7336679,-3.1034185,-3.1238480,-0.0627634
289.0000000,0.5535216,-0.6052012,3.7322557,-3.0756786,-3.1394349,-0.0565641
290.0000000,0.5538664,-0.6086577,3.7310639,-3.0553628,-3.1593886,-0.0381946
291.0000000,0.5540960,-0.6113813,3.7304732,-3.0370507,-3.1723150,-0.0268992
292.0000000,0.5543430,-0.6144944,3.7307107,-3.0194396,-3.1790905,-0.0169018
293.0000000,0.5552840,-0.6178395,3.7298843,-2.9947238,-3.1858395,-0.0080794
294.0000000,0.5561292,-0.6206462,3.7302609,-2.9703512,-3.1896486,-0.0024898
295.0000000,0.5570743,-0.6236356,3.7302163,-2.9346973,-3.1788259,-0.0117296
296.0000000,0.5577390,-0.6260084,3.7297885,-2.9086933,-3.1837732,-0.0109921
297.0000000,0.5584915,-0.6278194,3.7293378,-2.8799883,-3.1915137,-0.0071870
298.0000000,0.5596039,-0.6295420,3.7290438,-2.8517488,-3.2047956,-0.0033232
299.0000000,0.5602643,-0.6310827,3.7292720,-2.8255907,-3.2083143,-0.0075540
300.0000000,0.5607004,-0.6322592,3.7300566,-2.7986766,-3.1989603,-0.0135463
301.0000000,0.5614212,-0.6333163,3.7305238,-2.7703795,-3.2024243,-0.0108423
302.0000000,0.5626333,-0.6347320,3.7302498,-2.7410290,-3.2142155,-0.0081824
303.0000000,0.5636714,-0.6353669,3.7300071,-2.7151755,-3.2197717,-0.0131091
304.0000000,0.5646470,-0.6364397,3.7298723,-2.6885377,-3.2194893,-0.0166029
305.0000000,0.5656159,-0.6374509,3.7293327,-2.6669381,-3.2300798,-0.0171725
306.0000000,0.5667429,-0.6387728,3.7293388,-2.6412318,-3.2377491,-0.0191760
307.0000000,0.5682261,-0.6404729,3.7294334,-2.6063955,-3.2400423,-0.0201757
308.0000000,0.5694818,-0.6418101,3.7300899,-2.5688708,-3.2408778,-0.0295509
309.0000000,0.5705442,-0.6428967,3.7310786,-2.5403757,-3.2328206,-0.0395988
310.0000000,0.5702708,-0.6431857,3.7333928,-2.5285934,-3.2197270,-0.0405603
311.0000000,0.5704200,-0.6432903,3.7340067,-2.5042870,-3.2111015,-0.0464684
312.0000000,0.5713274,-0.6444647,3.7338718,-2.4793247,-3.2096550,-0.0454208
313.0000000,0.5725715,-0.6457151,3.7338841,-2.4551703,-3.2104812,-0.0429808
314.0000000,0.5740528,-0.6473144,3.7341322,-2.4313946,-3.2137681,-0.0364632
315.0000000,0.5753448,-0.6486386,3.7339436,-2.4079348,-3.2155489,-0.0347572
316.0000000,0.5778430,-0.6515017,3.7339469,-2.3667944,-3.2151624,-0.0324496
317.0000000,0.5797715,-0.6537454,3.7337407,-2.3323409,-3.2175104,-0.0262275
318.0000000,0.5803835,-0.6546229,3.7344675,-2.3143976,-3.2201614,-0.0229259
319.0000000,0.5818050,-0.6559054,3.7337101,-2.2904433,-3.2334230,-0.0246807
320.0000000,0.5834987,-0.6570539,3.7329251,-2.2650392,-3.2470490,-0.0290357
321.0000000,0.5849104,-0.6582745,3.7323746,-2.2355412,-3.2608514,-0.0397115
322.0000000,0.5854330,-0.6591594,3.7318642,-2.2153275,-3.2766230,-0.0426303
323.0000000,0.5865395,-0.6597403,3.7312333,-2.1923634,-3.2838854,-0.0497494
324.0000000,0.5873578,-0.6599076,3.7308073,-2.1735994,-3.2830928,-0.0572622
325.0000000,0.5870295,-0.6597013,3.7309827,-2.1522570,-3.2689670,-0.0556650
326.0000000,0.5883386,-0.6604544,3.7316600,-2.1263255,-3.2652000,-0.0527088
327.0000000,0.5891137,-0.6611367,3.7310740,-2.1065276,-3.2676117,-0.0545497
328.0000000,0.5920608,-0.6628342,3.7304159,-2.0683132,-3.2639347,-0.0568563
329.0000000,0.5932662,-0.6633247,3.7297010,-2.0472684,-3.2723062,-0.0608471
330.0000000,0.5935397,-0.6635643,3.7299724,-2.0343999,-3.2792177,-0.0578295
331.0000000,0.5955126,-0.6652063,3.7299396,-2.0111256,-3.2830272,-0.0605920
332.0000000,0.5962474,-0.6655536,3.7306609,-2.0020756,-3.3039330,-0.0584216
333.0000000,0.5978453,-0.6659489,3.7315619,-1.9781060,-3.3137787,-0.0624542
334.0000000,0.5985203,-0.6657981,3.7323917,-1.9555441,-3.3172984,-0.0714721
335.0000000,0.5995133,-0.6664561,3.7332130,-1.9262850,-3.3039100,-0.0674845
336.0000000,0.5989845,-0.6657615,3.7333595,-1.9198247,-3.3108382,-0.0703732
337.0000000,0.5993540,-0.6659439,3.7334624,-1.9031826,-3.3139045,-0.0720546
338.0000000,0.5999057,-0.6658536,3.7335730,-1.8843494,-3.3137875,-0.0718508
339.0000000,0.6009007,-0.6655136,3.7335412,-1.8665154,-3.3167931,-0.0746151
340.0000000,0.6011894,-0.6648626,3.7333794,-1.8501864,-3.3153636,-0.0801187
341.0000000,0.6020005,-0.6641967,3.7329527,-1.8356208,-3.3146404,-0.0825727
342.0000000,0.6031659,-0.6629679,3.7327010,-1.8166874,-3.3239652,-0.0918531
343.0000000,0.6043348,-0.6617858,3.7325497,-1.7945220,-3.3381159,-0.1001326
344.0000000,0.6050608,-0.6616614,3.7325730,-1.7730546,-3.3219383,-0.0919170
345.0000000,0.6054611,-0.6612899,3.7323634,-1.7642232,-3.3280261,-0.0937854
346.0000000,0.6055803,-0.6611388,3.7319512,-1.7519898,-3.3239232,-0.0917933
347.0000000,0.6057363,-0.6612983,3.7319275,-1.7374386,-3.3178897,-0.0897144
348.0000000,0.6056702,-0.6610180,3.7312133,-1.7241624,-3.3274268,-0.0919177
349.0000000,0.6053820,-0.6621691,3.7312752,-1.6976154,-3.3150924,-0.0727590
350.0000000,0.6057158,-0.6633630,3.7306305,-1.6648259,-3.3195077,-0.0575249
351.0000000,0.6070046,-0.6641858,3.7301018,-1.6346317,-3.3253015,-0.0477572
352.0000000,0.6073346,-0.6634622,3.7298655,-1.6175646,-3.3279493,-0.0499592
353.0000000,0.6067259,-0.6627305,3.7292482,-1.6032234,-3.3148501,-0.0523969
354.0000000,0.6057489,-0.6619396,3.7285464,-1.5894427,-3.3033375,-0.0527210
355.0000000,0.6046910,-0.6617182,3.7274749,-1.5731118,-3.2959723,-0.0476146
356.0000000,0.6023560,-0.6612509,3.7271416,-1.5732231,-3.2915987,-0.0413724
357.0000000,0.6005921,-0.6601175,3.7267484,-1.5811166,-3.2976031,-0.0509389
358.0000000,0.5988019,-0.6593117,3.7278216,-1.5942917,-3.2909115,-0.0533435
359.0000000,0.5965483,-0.6589202,3.7281245,-1.6096277,-3.2812678,-0.0544569
360.0000000,0.5944605,-0.6589657,3.7292912,-1.6158556,-3.2726327,-0.0571036
361.0000000,0.5931156,-0.6589344,3.7289229,-1.6206357,-3.2727892,-0.0664591
362.0000000,0.5919366,-0.6589009,3.7287560,-1.6248655,-3.2715666,-0.0734404
363.0000000,0.5910408,-0.6589022,3.7289479,-1.6267732,-3.2695315,-0.0738856
364.0000000,0.5904562,-0.6584401,3.7288485,-1.6290923,-3.2707789,-0.0807934
365.0000000,0.5897603,-0.6581464,3.7290236,-1.6267348,-3.2671966,-0.0786626
366.0000000,0.5887382,-0.6571705,3.7292644,-1.6259393,-3.2625117,-0.0774379
367.0000000,0.5871570,-0.6563611,3.7294843,-1.6321088,-3.2565458,-0.0740790
368.0000000,0.5855496,-0.6558685,3.7301398,-1.6343037,-3.2532335,-0.0699094
369.0000000,0.5838590,-0.6558210,3.7310781,-1.6325897,-3.2391056,-0.0700911
370.0000000,0.5826049,-0.6558697,3.7313851,-1.6261326,-3.2407361,-0.0837176
371.0000000,0.5809612,-0.6562253,3.7317843,-1.6199636,-3.2334196,-0.0947859
372.0000000,0.5797675,-0.6563468,3.7315646,-1.6077594,-3.2318755,-0.0946202
373.0000000,0.5786490,-0.6561530,3.7313565,-1.6045747,-3.2336654,-0.0956460
374.0000000,0.5768259,-0.6555028,3.7317082,-1.6159578,-3.2292160,-0.0945764
375.0000000,0.5752425,-0.6549317,3.7326398,-1.6248454,-3.2207937,-0.0938147
376.0000000,0.5743911,-0.6545521,3.7337837,-1.6313472,-3.2182122,-0.0937159
377.0000000,0.5739024,-0.6542110,3.7347800,-1.6400669,-3.2244619,-0.0995602
378.0000000,0.5734494,-0.6537472,3.7353720,-1.6452124,-3.2263232,-0.1107556
379.0000000,0.5729582,-0.6534269,3.7361084,-1.6462835,-3.2207697,-0.1137754
380.0000000,0.5724499,-0.6529927,3.7368744,-1.6460164,-3.2120385,-0.1146845
381.0000000,0.5721242,-0.6519946,3.7371277,-1.6489147,-3.2108276,-0.1201715
382.0000000,0.5716257,-0.6510304,3.7372159,-1.6502428,-3.2108533,-0.1258690
383.0000000,0.5710037,-0.6505828,3.7377313,-1.6528747,-3.2146891,-0.1246828
384.0000000,0.5706041,-0.6505606,3.7385997,-1.6565183,-3.2235764,-0.1167065
385.0000000,0.5704668,-0.6506677,3.7393909,-1.6584644,-3.2355179,-0.1134184
386.0000000,0.5710201,-0.6513271,3.7409236,-1.6529221,-3.2498249,-0.1067980
387.0000000,0.5706918,-0.6527464,3.7419507,-1.6507465,-3.2506232,-0.1083092
388.0000000,0.5698981,-0.6538062,3.7422262,-1.6541477,-3.2483215,-0.1207031
389.0000000,0.5691557,-0.6551139,3.7422890,-1.6584976,-3.2426065,-0.1272083
390.0000000,0.5689588,-0.6556933,3.7425764,-1.6597217,-3.2555107,-0.1386196
391.0000000,0.5682607,-0.6563307,3.7428394,-1.6629697,-3.2522973,-0.1418283
392.0000000,0.5677261,-0.6570688,3.7440410,-1.6675068,-3.2558270,-0.1441946
393.0000000,0.5672054,-0.6579742,3.7453837,-1.6672660,-3.2528160,-0.1360308
394.0000000,0.5661092,-0.6584494,3.7463539,-1.6674128,-3.2480990,-0.1295411
395.0000000,0.5655565,-0.6581136,3.7480270,-1.6614249,-3.2413809,-0.1261923
396.0000000,0.5646014,-0.6577405,3.7497644,-1.6566474,-3.2413190,-0.1228517
397.0000000,0.5636764,-0.6577386,3.7517554,-1.6511006,-3.2411149,-0.1172627
398.0000000,0.5627606,-0.6583239,3.7533035,-1.6461264,-3.2398330,-0.1097672
399.0000000,0.5616243,-0.6585680,3.7547740,-1.6356917,-3.2355404,-0.1133569
400.0000000,0.5601525,-0.6585706,3.7562270,-1.6209479,-3.2239589,-0.1204601
401.0000000,0.5577435,-0.6582377,3.7577831,-1.6152185,-3.2153730,-0.1224588
402.0000000,0.5552273,-0.6580191,3.7601035,-1.6104560,-3.2142912,-0.1128092
403.0000000,0.5520983,-0.6575271,3.7636814,-1.6093053,-3.2166512,-0.1013462
404.0000000,0.5477397,-0.6568041,3.7672205,-1.6111228,-3.2111588,-0.0950783
405.0000000,0.5433652,-0.6554549,3.7712046,-1.6096347,-3.2215923,-0.0877073
406.0000000,0.5378997,-0.6537367,3.7758019,-1.6079631,-3.2275403,-0.0783450
407.0000000,0.5317154,-0.6517547,3.7796191,-1.6099091,-3.2368186,-0.0786957
408.0000000,0.5261171,-0.6493886,3.7832935,-1.6066905,-3.2531749,-0.0815073
409.0000000,0.5211573,-0.6469038,3.7872301,-1.6013362,-3.2621489,-0.0823056
410.0000000,0.5157747,-0.6438293,3.7914878,-1.6014058,-3.2572865,-0.0829323
411.0000000,0.5106659,-0.6407260,3.7970960,-1.5980454,-3.2588960,-0.0850213
412.0000000,0.5063410,-0.6368302,3.8041965,-1.5863410,-3.2466803,-0.0902702
413.0000000,0.5021210,-0.6329736,3.8119802,-1.5785692,-3.2339955,-0.0919348
414.0000000,0.4994130,-0.6288403,3.8206995,-1.5708040,-3.2381233,-0.0990381
415.0000000,0.4974098,-0.6262171,3.8309169,-1.5664322,-3.2269025,-0.0799840
416.0000000,0.4975443,-0.6241947,3.8412871,-1.5594413,-3.2323233,-0.0685948
417.0000000,0.4975400,-0.6225537,3.8515042,-1.5652438,-3.2387740,-0.0623414
418.0000000,0.4985085,-0.6212484,3.8620707,-1.5672308,-3.2364595,-0.0586300
419.0000000,0.5007243,-0.6202208,3.8727340,-1.5679148,-3.2453079,-0.0585291
420.0000000,0.5034986,-0.6204138,3.8846948,-1.5729978,-3.2501667,-0.0517337
421.0000000,0.5067391,-0.6204834,3.8977081,-1.5785290,-3.2603970,-0.0459026
422.0000000,0.5107980,-0.6207772,3.9118015,-1.5793490,-3.2646757,-0.0341126
423.0000000,0.5147467,-0.6209993,3.9261850,-1.5791050,-3.2684299,-0.0243269
424.0000000,0.5182867,-0.6206403,3.9392323,-1.5802768,-3.2739586,-0.0286011
425.0000000,0.5224023,-0.6198547,3.9527586,-1.5737564,-3.2732259,-0.0369177
426.0000000,0.5266149,-0.6190124,3.9667817,-1.5707522,-3.2791398,-0.0431751
427.0000000,0.5316064,-0.6174704,3.9812889,-1.5625630,-3.2873142,-0.0565648
428.0000000,0.5356174,-0.6166688,3.9981440,-1.5583093,-3.2805940,-0.0557402
429.0000000,0.5400062,-0.6147358,4.0153770,-1.5522069,-3.2759538,-0.0656002
430.0000000,0.5448513,-0.6126072,4.0329772,-1.5512773,-3.2889783,-0.0839162
431.0000000,0.5489676,-0.6128786,4.0547457,-1.5544777,-3.2739087,-0.0535241
432.0000000,0.5543902,-0.6126515,4.0770765,-1.5490832,-3.2543523,-0.0338765
433.0000000,0.5583997,-0.6122804,4.1001158,-1.5565386,-3.2582249,-0.0235457
434.0000000,0.5640464,-0.6125865,4.1217541,-1.5524461,-3.2527642,-0.0151578
435.0000000,0.5679371,-0.6124496,4.1429363,-1.5526995,-3.2452643,-0.0185920
436.0000000,0.5712252,-0.6121079,4.1639113,-1.5512897,-3.2345954,-0.0302994
437.0000000,0.5744414,-0.6122798,4.1849623,-1.5461912,-3.2267049,-0.0472773
438.0000000,0.5757945,-0.6121055,4.2059666,-1.5515244,-3.2134905,-0.0547956
439.0000000,0.5774834,-0.6125115,4.2265934,-1.5550864,-3.2088223,-0.0659225
440.0000000,0.5790019,-0.6137224,4.2465916,-1.5600018,-3.2092083,-0.0706323
441.0000000,0.5815089,-0.6150559,4.2659440,-1.5547748,-3.2145921,-0.0758844
442.0000000,0.5832162,-0.6166414,4.2845352,-1.5523557,-3.2161922,-0.0816252
443.0000000,0.5836737,-0.6190066,4.3038707,-1.5538195,-3.2211861,-0.0742633
444.0000000,0.5835283,-0.6206461,4.3224088,-1.5541069,-3.2202139,-0.0788078
445.0000000,0.5821259,-0.6225137,4.3412749,-1.5584951,-3.2146705,-0.0709274
446.0000000,0.5804849,-0.6246353,4.3601655,-1.5649652,-3.2115087,-0.0603423
447.0000000,0.5792286,-0.6261691,4.3783327,-1.5662906,-3.2138156,-0.0535383
448.0000000,0.5766931,-0.6278912,4.3969607,-1.5700377,-3.2126295,-0.0278847
449.0000000,0.5731089,-0.6287825,4.4158571,-1.5766715,-3.2218213,-0.0152884
450.0000000,0.5686183,-0.6294850,4.4354033,-1.5800328,-3.2313049,-0.0093540
451.0000000,0.5630307,-0.6293615,4.4546032,-1.5832891,-3.2339686,-0.0017816
452.0000000,0.5559807,-0.6290157,4.4737905,-1.5908122,-3.2291360,0.0071475
453.0000000,0.5490754,-0.6279408,4.4932548,-1.5942708,-3.2311114,0.0103515
454.0000000,0.5421171,-0.6261373,4.5130260,-1.5956943,-3.2389613,0.0074453
455.0000000,0.5342143,-0.6238697,4.5332772,-1.6020879,-3.2451233,0.0132688
456.0000000,0.5258250,-0.6205806,4.5535833,-1.6061204,-3.2434675,0.0167733
457.0000000,0.5173063,-0.6163604,4.5733362,-1.6097900,-3.2460028,0.0138248
458.0000000,0.5084329,-0.6118257,4.5930403,-1.6154449,-3.2446022,0.0155843
459.0000000,0.4995298,-0.6067806,4.6103317,-1.6205412,-3.2439290,0.0076980
460.0000000,0.4903021,-0.6020086,4.6280618,-1.6250915,-3.2380841,-0.0069719
461.0000000,0.4813538,-0.5979471,4.6448861,-1.6315536,-3.2366384,-0.0192212
462.0000000,0.4728227,-0.5949515,4.6609010,-1.6410696,-3.2384839,-0.0280789
463.0000000,0.4649577,-0.5930734,4.6766447,-1.6491236,-3.2414353,-0.0397263
464.0000000,0.4576893,-0.5915865,4.6921893,-1.6522623,-3.2411879,-0.0562068
465.0000000,0.4504805,-0.5913954,4.7076300,-1.6543724,-3.2225441,-0.0466320
466.0000000,0.4449277,-0.5907617,4.7211802,-1.6538966,-3.2258729,-0.0626495
467.0000000,0.4396195,-0.5900416,4.7332813,-1.6580749,-3.2278072,-0.0831219
468.0000000,0.4351768,-0.5906662,4.7457175,-1.6528680,-3.2107629,-0.0764993
469.0000000,0.4318147,-0.5909303,4.7581903,-1.6536994,-3.2186683,-0.0792527
470.0000000,0.4283023,-0.5919819,4.7711172,-1.6575169,-3.2045482,-0.0828634
471.0000000,0.4270391,-0.5944840,4.7834381,-1.6531899,-3.2247480,-0.0849872
472.0000000,0.4262204,-0.5960747,4.7948996,-1.6500696,-3.2227595,-0.0923717
473.0000000,0.4264855,-0.5976529,4.8067560,-1.6488808,-3.2288652,-0.0959485
474.0000000,0.4279103,-0.5994942,4.8186182,-1.6457458,-3.2304482,-0.0834728
475.0000000,0.4299026,-0.5999910,4.8295422,-1.6446989,-3.2348041,-0.0812796
476.0000000,0.4319229,-0.5998002,4.8402687,-1.6497693,-3.2393697,-0.0794238
477.0000000,0.4343624,-0.5996596,4.8507741,-1.6515896,-3.2303428,-0.0688962
478.0000000,0.4372296,-0.5988567,4.8623473,-1.6480968,-3.2337896,-0.0688476
479.0000000,0.4399905,-0.5979913,4.8730707,-1.6486698,-3.2384314,-0.0782117
480.0000000,0.4433041,-0.5990261,4.8843853,-1.6420950,-3.2229720,-0.0670115
481.0000000,0.4468241,-0.5999650,4.8955500,-1.6430498,-3.2226107,-0.0744076
482.0000000,0.4518962,-0.6012005,4.9071103,-1.6326360,-3.2175419,-0.0858187
483.0000000,0.4561419,-0.6030449,4.9190027,-1.6314435,-3.2039800,-0.0880482
484.0000000,0.4618635,-0.6061770,4.9319246,-1.6227194,-3.1870828,-0.0737325
485.0000000,0.4674897,-0.6065928,4.9444996,-1.6268069,-3.1877361,-0.0949436
486.0000000,0.4728045,-0.6083437,4.9569213,-1.6345546,-3.1990929,-0.1054358
487.0000000,0.4787188,-0.6095942,4.9705925,-1.6401337,-3.1946525,-0.1037029
488.0000000,0.4835825,-0.6093724,4.9839684,-1.6588495,-3.1794532,-0.1160112
489.0000000,0.5005169,-0.6097782,5.0130446,-1.6577898,-3.1683756,-0.1183194
490.0000000,0.5106821,-0.6106406,5.0277752,-1.6540489,-3.1635424,-0.1204698
491.0000000,0.5234363,-0.6114277,5.0438788,-1.6360829,-3.1785210,-0.1152347
492.0000000,0.5371625,-0.6137432,5.0605496,-1.6043813,-3.1666542,-0.0849393
493.0000000,0.5489237,-0.6151541,5.0739123,-1.5984907,-3.1613546,-0.0898933
494.0000000,0.5604310,-0.6156895,5.0870423,-1.5995504,-3.1675831,-0.1026581
495.0000000,0.5723784,-0.6171111,5.0997730,-1.5989053,-3.1734107,-0.1070693
496.0000000,0.5857759,-0.6186626,5.1116513,-1.5850497,-3.1566120,-0.1046089
497.0000000,0.5986416,-0.6195815,5.1225798,-1.5851783,-3.1544847,-0.1155430
498.0000000,0.6118162,-0.6208591,5.1330141,-1.5858747,-3.1636944,-0.1160231
499.0000000,0.6254299,-0.6224279,5.1433557,-1.5814832,-3.1641399,-0.1014855
500.0000000,0.6385882,-0.6231257,5.1517185,-1.5864516,-3.1756062,-0.0938929
501.0000000,0.6524498,-0.6249081,5.1602992,-1.5888941,-3.1786978,-0.0745507
502.0000000,0.6662250,-0.6262981,5.1680232,-1.5933191,-3.1778006,-0.0553306
503.0000000,0.6806929,-0.6277546,5.1759068,-1.5921725,-3.1818159,-0.0297405
504.0000000,0.6929371,-0.6282729,5.1809087,-1.6033944,-3.1742226,-0.0190129
505.0000000,0.7062271,-0.6281438,5.1835371,-1.6035483,-3.1676560,-0.0197189
506.0000000,0.7208810,-0.6284838,5.1840707,-1.5997321,-3.1778104,-0.0195665
507.0000000,0.7365420,-0.6284709,5.1833097,-1.5908719,-3.1929811,-0.0253252
508.0000000,0.7505100,-0.6283633,5.1819994,-1.6023882,-3.2068136,-0.0288754
509.0000000,0.7665672,-0.6267818,5.1799548,-1.5981807,-3.2193224,-0.0367396
510.0000000,0.7804735,-0.6252314,5.1769065,-1.6235900,-3.2214223,-0.0444703
511.0000000,0.8001401,-0.6235042,5.1731623,-1.6087880,-3.2408046,-0.0531150
512.0000000,0.8178110,-0.6212763,5.1692939,-1.6129561,-3.2496494,-0.0518882
513.0000000,0.8354213,-0.6186919,5.1652236,-1.6237633,-3.2586882,-0.0563979
514.0000000,0.8526108,-0.6165837,5.1607094,-1.6416827,-3.2540012,-0.0510798
515.0000000,0.8715658,-0.6140431,5.1558160,-1.6445361,-3.2490588,-0.0483182
516.0000000,0.8908715,-0.6121627,5.1512173,-1.6474474,-3.2419612,-0.0317175
517.0000000,0.9095538,-0.6101552,5.1462839,-1.6571551,-3.2475345,-0.0287538
518.0000000,0.9277933,-0.6089847,5.1403806,-1.6769350,-3.2564521,-0.0307206
519.0000000,0.9464867,-0.6081089,5.1342753,-1.6890338,-3.2549586,-0.0286514
520.0000000,0.9642537,-0.6075356,5.1269830,-1.7094887,-3.2530169,-0.0378318
521.0000000,0.9859385,-0.6087022,5.1198108,-1.6992184,-3.2509771,-0.0406375
522.0000000,1.0056369,-0.6110396,5.1147892,-1.6932276,-3.2554254,-0.0357949
523.0000000,1.0252771,-0.6122354,5.1058810,-1.6878552,-3.2634711,-0.0459182
524.0000000,1.0435159,-0.6138633,5.0989920,-1.6895261,-3.2675630,-0.0512433
525.0000000,1.0598855,-0.6159476,5.0950462,-1.6997955,-3.2788085,-0.0448243
526.0000000,1.0778637,-0.6175472,5.0885410,-1.7035002,-3.2793051,-0.0397199
527.0000000,1.0935657,-0.6190048,5.0837744,-1.7074193,-3.2614822,-0.0306517
528.0000000,1.1086195,-0.6200186,5.0789828,-1.7138195,-3.2588316,-0.0233263
529.0000000,1.1231425,-0.6202953,5.0747085,-1.7187368,-3.2627018,-0.0234438
530.0000000,1.1376584,-0.6204580,5.0706974,-1.7147296,-3.2659976,-0.0230668
531.0000000,1.1516891,-0.6201876,5.0653870,-1.7156121,-3.2636875,-0.0276649
532.0000000,1.1660283,-0.6195574,5.0609699,-1.7089066,-3.2411039,-0.0229726
533.0000000,1.1804783,-0.6187502,5.0569407,-1.7056883,-3.2319758,-0.0231118
534.0000000,1.1939092,-0.6179436,5.0541683,-1.7058677,-3.2187476,-0.0230475
535.0000000,1.2089245,-0.6154274,5.0483208,-1.7008314,-3.2083462,-0.0261956
536.0000000,1.2234159,-0.6127415,5.0459900,-1.6955182,-3.2013205,-0.0323836
537.0000000,1.2378192,-0.6102228,5.0439370,-1.6926533,-3.1810141,-0.0341007
538.0000000,1.2526875,-0.6075411,5.0430759,-1.6961233,-3.1633480,-0.0332209
539.0000000,1.2674937,-0.6051885,5.0444490,-1.7024898,-3.1497794,-0.0330940
540.0000000,1.2841389,-0.6021793,5.0423091,-1.7078403,-3.1375457,-0.0340404
541.0000000,1.3001699,-0.6005888,5.0420852,-1.7126101,-3.1101595,-0.0272085
542.0000000,1.3166702,-0.5990255,5.0429983,-1.7173074,-3.1062007,-0.0327505
543.0000000,1.3331890,-0.5983723,5.0435360,-1.7185747,-3.0792396,-0.0296419
544.0000000,1.3502390,-0.5982839,5.0449925,-1.7132344,-3.0590516,-0.0303024
545.0000000,1.3673024,-0.5990357,5.0470585,-1.7103050,-3.0292900,-0.0286041
546.0000000,1.3841124,-0.5999559,5.0491413,-1.7110964,-3.0130413,-0.0378808
547.0000000,1.4003944,-0.6005532,5.0513021,-1.7134459,-2.9950951,-0.0422514
548.0000000,1.4170823,-0.6017213,5.0517867,-1.7140481,-2.9701206,-0.0564137
549.0000000,1.4343302,-0.6029510,5.0530504,-1.7182302,-2.9574812,-0.0660650
550.0000000,1.4519053,-0.6038268,5.0547272,-1.7253251,-2.9545511,-0.0710184
551.0000000,1.4692125,-0.6044796,5.0568668,-1.7384125,-2.9439941,-0.0722471
552.0000000,1.4868875,-0.6048023,5.0593591,-1.7527581,-2.9478943,-0.0739969
553.0000000,1.5043545,-0.6057701,5.0605746,-1.7682769,-2.9510544,-0.0715843
554.0000000,1.5223002,-0.6062799,5.0606285,-1.7811689,-2.9711290,-0.0766813
555.0000000,1.5397353,-0.6066272,5.0599084,-1.7890767,-2.9835445,-0.0809941
556.0000000,1.5568750,-0.6072828,5.0591155,-1.7915291,-2.9796549,-0.0748853
557.0000000,1.5719202,-0.6067628,5.0576651,-1.8056781,-2.9924610,-0.0808962
558.0000000,1.5876389,-0.6063452,5.0553055,-1.8063990,-3.0028330,-0.0861461
559.0000000,1.6025660,-0.6057241,5.0517437,-1.8066689,-3.0062953,-0.0965168
560.0000000,1.6164219,-0.6045552,5.0488469,-1.8101454,-3.0071635,-0.0990876
561.0000000,1.6302049,-0.6036311,5.0451633,-1.8124628,-3.0020866,-0.0984304
562.0000000,1.6437600,-0.6028425,5.0428775,-1.8130367,-2.9952469,-0.0866740
563.0000000,1.6578305,-0.6017092,5.0399929,-1.8056133,-2.9962545,-0.0734537
564.0000000,1.6707838,-0.6000749,5.0365396,-1.8046499,-2.9939043,-0.0711893
565.0000000,1.6832840,-0.5978532,5.0334838,-1.8009965,-2.9863516,-0.0703315
566.0000000,1.6955235,-0.5953857,5.0292842,-1.7965137,-2.9793805,-0.0691132
567.0000000,1.7073319,-0.5929594,5.0249817,-1.7896903,-2.9630059,-0.0693762
568.0000000,1.7185822,-0.5900810,5.0201378,-1.7959034,-2.9665196,-0.0672024
569.0000000,1.7301705,-0.5874666,5.0152724,-1.8006907,-2.9595984,-0.0662309
570.0000000,1.7425125,-0.5854336,5.0096743,-1.8036916,-2.9513097,-0.0680923
571.0000000,1.7541707,-0.5833839,5.0042070,-1.8163264,-2.9569241,-0.0724064
572.0000000,1.7664418,-0.5818260,4.9983417,-1.8263057,-2.9659351,-0.0785606
573.0000000,1.7791970,-0.5805490,4.9923571,-1.8349811,-2.9670358,-0.0843075
574.0000000,1.7919436,-0.5803007,4.9871312,-1.8493700,-2.9579733,-0.0838079
575.0000000,1.8048503,-0.5801998,4.9810186,-1.8668930,-2.9668706,-0.0902598
576.0000000,1.8167896,-0.5801393,4.9755972,-1.8874963,-2.9699275,-0.1044006
577.0000000,1.8287241,-0.5797068,4.9713851,-1.9081677,-2.9763493,-0.1174211
578.0000000,1.8405778,-0.5805166,4.9682383,-1.9320765,-2.9862510,-0.1237660
579.0000000,1.8528965,-0.5819330,4.9655899,-1.9484218,-2.9885148,-0.1271264
580.0000000,1.8644025,-0.5832393,4.9647658,-1.9649594,-2.9900161,-0.1170433
581.0000000,1.8745308,-0.5847666,4.9652379,-1.9822689,-2.9861095,-0.1011645
582.0000000,1.8844180,-0.5867392,4.9655229,-1.9980195,-2.9817808,-0.0886547
583.0000000,1.8940530,-0.5884291,4.9660473,-2.0112794,-2.9815499,-0.0835884
584.0000000,1.9033051,-0.5897228,4.9658623,-2.0239269,-2.9764017,-0.0897641
585.0000000,1.9118106,-0.5906236,4.9666306,-2.0463812,-2.9609833,-0.0951388
586.0000000,1.9208648,-0.5912185,4.9682336,-2.0750943,-2.9499354,-0.0996643
587.0000000,1.9303460,-0.5916601,4.9694386,-2.1093197,-2.9488540,-0.0962903
588.0000000,1.9393797,-0.5918272,4.9724806,-2.1457091,-2.9513159,-0.0912418
589.0000000,1.9481463,-0.5915500,4.9753720,-2.1817706,-2.9477634,-0.0891563
590.0000000,1.9567018,-0.5908339,4.9785302,-2.2191243,-2.9452684,-0.0897756
591.0000000,1.9649327,-0.5903852,4.9812098,-2.2533524,-2.9380496,-0.0917324
592.0000000,1.9727378,-0.5894251,4.9845652,-2.2903938,-2.9303480,-0.0831375
593.0000000,1.9808133,-0.5883055,4.9875043,-2.3247482,-2.9209071,-0.0852871
594.0000000,1.9879298,-0.5868520,4.9917192,-2.3641469,-2.8959709,-0.0871045
595.0000000,1.9953604,-0.5849479,4.9958618,-2.4035739,-2.8943740,-0.0895359
596.0000000,2.0014646,-0.5832974,5.0015228,-2.4445623,-2.8765730,-0.0955964
597.0000000,2.0071776,-0.5818840,5.0075923,-2.4762197,-2.8546126,-0.1152320
598.0000000,2.0131009,-0.5816787,5.0110380,-2.5101548,-2.8543056,-0.1263156
599.0000000,2.0195165,-0.5820487,5.0155804,-2.5421462,-2.8725781,-0.1053119
600.0000000,2.0256143,-0.5823979,5.0193613,-2.5732463,-2.8825120,-0.0950024
601.0000000,2.0311139,-0.5821484,5.0227518,-2.6123092,-2.8910871,-0.0911911
602.0000000,2.0368147,-0.5824279,5.0261923,-2.6484746,-2.8994414,-0.0811748
603.0000000,2.0418649,-0.5823934,5.0299822,-2.6950282,-2.9113356,-0.0581478
604.0000000,2.0473838,-0.5819750,5.0340101,-2.7336157,-2.9038409,-0.0600886
605.0000000,2.0512893,-0.5817945,5.0388539,-2.7793813,-2.8919707,-0.0710264
606.0000000,2.0570016,-0.5820084,5.0397011,-2.8079970,-2.8967872,-0.0735830
607.0000000,2.0621722,-0.5814922,5.0430499,-2.8427370,-2.9079284,-0.0662207
608.0000000,2.0673711,-0.5816176,5.0465964,-2.8748953,-2.9168571,-0.0726814
609.0000000,2.0720084,-0.5821085,5.0489136,-2.9017534,-2.9294441,-0.0634936
610.0000000,2.0753679,-0.5832750,5.0500692,-2.9294418,-2.9445925,-0.0564474
611.0000000,2.0784905,-0.5841733,5.0511977,-2.9537400,-2.9532156,-0.0505490
612.0000000,2.0822010,-0.5848551,5.0529737,-2.9740153,-2.9557513,-0.0472343
613.0000000,2.0849023,-0.5859240,5.0544003,-2.9945784,-2.9546221,-0.0474450
614.0000000,2.0879829,-0.5871807,5.0552011,-3.0127308,-2.9483580,-0.0380709
615.0000000,2.0908730,-0.5876614,5.0559000,-3.0366765,-2.9419962,-0.0417452
616.0000000,2.0932240,-0.5885847,5.0563577,-3.0601343,-2.9367891,-0.0471083
617.0000000,2.0954566,-0.5900680,5.0564047,-3.0800432,-2.9321425,-0.0352938
618.0000000,2.0974979,-0.5902436,5.0561604,-3.1095803,-2.9339231,-0.0462795
619.0000000,2.0999751,-0.5896841,5.0562185,-3.1445457,-2.9259033,-0.0346727
620.0000000,2.1021769,-0.5902551,5.0562323,3.1064020,-2.9183601,-0.0267463
621.0000000,2.1043150,-0.5909266,5.0558973,3.0749184,-2.9168170,-0.0353013
622.0000000,2.1060274,-0.5919507,5.0557812,3.0470649,-2.9113532,-0.0572602
623.0000000,2.1078298,-0.5919665,5.0556238,3.0155432,-2.8973860,-0.0503906
624.0000000,2.1097500,-0.5911744,5.0546150,2.9812560,-2.8873496,-0.0290646
625.0000000,2.1120934,-0.5904725,5.0562235,2.9456176,-2.8670608,-0.0325464
626.0000000,2.1146655,-0.5892682,5.0562887,2.9158985,-2.8577722,-0.0461822
627.0000000,2.1166339,-0.5885293,5.0555633,2.8893102,-2.8575316,-0.0529404
628.0000000,2.1189437,-0.5863755,5.0550084,2.8523522,-2.8611312,-0.0607104
629.0000000,2.1201041,-0.5849431,5.0522489,2.8250011,-2.8838331,-0.0644122
630.0000000,2.1219029,-0.5834495,5.0508396,2.8019929,-2.8908617,-0.0690388
631.0000000,2.1235335,-0.5819083,5.0499205,2.7795029,-2.8953187,-0.0682814
632.0000000,2.1253614,-0.5801264,5.0492173,2.7575721,-2.8992088,-0.0670249
633.0000000,2.1276631,-0.5781984,5.0494003,2.7372526,-2.8927496,-0.0713879
634.0000000,2.1297204,-0.5760431,5.0470525,2.7141674,-2.9092013,-0.0726968
635.0000000,2.1316552,-0.5737389,5.0456321,2.6880262,-2.9250676,-0.0728548
636.0000000,2.1331959,-0.5715826,5.0427433,2.6663775,-2.9530048,-0.0816992
637.0000000,2.1349678,-0.5688388,5.0401499,2.6364852,-2.9697288,-0.0556142
638.0000000,2.1345942,-0.5701929,5.0406871,2.6499982,-2.9607851,-0.0659222
639.0000000,2.1353538,-0.5698967,5.0410564,2.6511759,-2.9535258,-0.0632392
640.0000000,2.1352756,-0.5705540,5.0410321,2.6545706,-2.9498470,-0.0489794
641.0000000,2.1354456,-0.5706124,5.0409719,2.6502567,-2.9584095,-0.0462661
642.0000000,2.1360984,-0.5697060,5.0403285,2.6454296,-2.9599072,-0.0368734
643.0000000,2.1365700,-0.5701146,5.0410415,2.6437783,-2.9550832,-0.0439509
644.0000000,2.1366510,-0.5696541,5.0413130,2.6432066,-2.9586831,-0.0480361
645.0000000,2.1364024,-0.5691074,5.0417746,2.6451063,-2.9643489,-0.0530271
646.0000000,2.1361890,-0.5685505,5.0420346,2.6472037,-2.9555198,-0.0486233
647.0000000,2.1358039,-0.5681599,5.0420813,2.6527469,-2.9509932,-0.0486456
648.0000000,2.1356940,-0.5678877,5.0428273,2.6583684,-2.9434923,-0.0576842
649.0000000,2.1350851,-0.5676183,5.0429642,2.6625229,-2.9450995,-0.0628329
650.0000000,2.1348324,-0.5671830,5.0434847,2.6640857,-2.9463733,-0.0648022
651.0000000,2.1347504,-0.5668489,5.0445175,2.6623521,-2.9518802,-0.0718357
652.0000000,2.1346297,-0.5665892,5.0457197,2.6605020,-2.9558124,-0.0752192
653.0000000,2.1337180,-0.5660853,5.0457103,2.6675958,-2.9537477,-0.0541513
654.0000000,2.1333833,-0.5654515,5.0462414,2.6743755,-2.9526686,-0.0386519
655.0000000,2.1334291,-0.5649259,5.0469775,2.6793587,-2.9541320,-0.0363884
656.0000000,2.1328597,-0.5642403,5.0473426,2.6849081,-2.9618340,-0.0466411
657.0000000,2.1322663,-0.5639660,5.0480357,2.6928593,-2.9613638,-0.0555007
658.0000000,2.1306133,-0.5645380,5.0484009,2.7107986,-2.9477873,-0.0468335
659.0000000,2.1278877,-0.5659678,5.0477154,2.7379963,-2.9487888,-0.0395946
660.0000000,2.1248095,-0.5686114,5.0470029,2.7728262,-2.9573708,-0.0443463
661.0000000,2.1213660,-0.5704112,5.0453864,2.8076529,-2.9592699,-0.0106793
662.0000000,2.1174309,-0.5759176,5.0463560,2.8837041,-2.9396790,-0.0228625
663.0000000,2.1129875,-0.5799363,5.0466420,2.9527148,-2.9359497,-0.0260353
664.0000000,2.1084917,-0.5840131,5.0460457,3.0192905,-2.9267815,-0.0238682
665.0000000,2.1042659,-0.5880617,5.0451921,3.0750987,-2.9083042,-0.0074703
666.0000000,2.0999396,-0.5924702,5.0441354,3.1345801,-2.8987962,0.0158251
667.0000000,2.0962524,-0.5955817,5.0427055,-3.0951443,-2.9043477,0.0385290
668.0000000,2.0928340,-0.5990225,5.0415853,-3.0388187,-2.9185671,0.0369961
669.0000000,2.0897560,-0.6026145,5.0409312,-2.9819710,-2.9298787,0.0386820
670.0000000,2.0873652,-0.6059275,5.0402181,-2.9273565,-2.9348441,0.0334328
671.0000000,2.0849073,-0.6096942,5.0397368,-2.8677487,-2.9428405,0.0336064
672.0000000,2.0810735,-0.6125909,5.0392532,-2.8127013,-2.9490714,0.0348048
673.0000000,2.0787842,-0.6160330,5.0394394,-2.7442492,-2.9618572,0.0502782
674.0000000,2.0762980,-0.6188219,5.0396312,-2.6828579,-2.9751739,0.0533474
675.0000000,2.0740552,-0.6210452,5.0404497,-2.6169258,-2.9806329,0.0555006
676.0000000,2.0718668,-0.6230937,5.0410101,-2.5495951,-2.9938697,0.0575892
677.0000000,2.0704739,-0.6243223,5.0404621,-2.4911213,-3.0067723,0.0491045
678.0000000,2.0683808,-0.6256183,5.0412962,-2.4315318,-3.0013551,0.0398977
679.0000000,2.0649853,-0.6255852,5.0417466,-2.3865760,-2.9893447,0.0325515
680.0000000,2.0630960,-0.6267786,5.0422038,-2.3276296,-2.9816765,0.0299069
681.0000000,2.0617836,-0.6277467,5.0421822,-2.2667600,-2.9672694,0.0261691
682.0000000,2.0598552,-0.6277784,5.0427759,-2.2124344,-2.9670455,0.0326811
683.0000000,2.0585177,-0.6279495,5.0434120,-2.1503938,-2.9758941,0.0286772
684.0000000,2.0572319,-0.6273563,5.0449781,-2.0988364,-2.9673281,0.0102861
685.0000000,2.0557137,-0.6266859,5.0472994,-2.0488423,-2.9627275,0.0011606
686.0000000,2.0540237,-0.6260855,5.0496817,-2.0013586,-2.9551219,-0.0043379
687.0000000,2.0518477,-0.6256833,5.0523559,-1.9571772,-2.9426820,-0.0065429
688.0000000,2.0496731,-0.6252491,5.0547845,-1.9169838,-2.9340923,-0.0040041
689.0000000,2.0462034,-0.6239023,5.0574233,-1.8857251,-2.9392286,-0.0141222
690.0000000,2.0427234,-0.6221340,5.0594437,-1.8646222,-2.9493913,-0.0243472
691.0000000,2.0393879,-0.6204908,5.0616623,-1.8443035,-2.9437317,-0.0285120
692.0000000,2.0357361,-0.6189528,5.0640499,-1.8279376,-2.9335002,-0.0283034
693.0000000,2.0319631,-0.6174412,5.0660277,-1.8161456,-2.9258154,-0.0304021
694.0000000,2.0279617,-0.6161321,5.0674626,-1.8075608,-2.9263317,-0.0341439
695.0000000,2.0238388,-0.6152303,5.0691129,-1.7978353,-2.9179219,-0.0340957
696.0000000,2.0189433,-0.6141347,5.0707834,-1.7937054,-2.9211252,-0.0348678
697.0000000,2.0133603,-0.6127481,5.0716665,-1.7990739,-2.9205491,-0.0388283
698.0000000,2.0077868,-0.6116728,5.0724378,-1.7989657,-2.9171794,-0.0379292
699.0000000,2.0017855,-0.6105272,5.0730650,-1.7978676,-2.9099473,-0.0392770
700.0000000,1.9958076,-0.6097089,5.0734135,-1.7930861,-2.9108629,-0.0417100
701.0000000,1.9884553,-0.6089637,5.0742825,-1.7954641,-2.9184523,-0.0413914
702.0000000,1.9816937,-0.6083227,5.0753805,-1.7888792,-2.9059756,-0.0444797
703.0000000,1.9744401,-0.6078005,5.0759019,-1.7865582,-2.9229898,-0.0427371
704.0000000,1.9665973,-0.6071851,5.0767378,-1.7853094,-2.9285897,-0.0402568
705.0000000,1.9577460,-0.6062438,5.0768740,-1.7877761,-2.9298270,-0.0395881
706.0000000,1.9486663,-0.6057094,5.0779222,-1.7864142,-2.9241952,-0.0369034
707.0000000,1.9389763,-0.6046765,5.0782942,-1.7847866,-2.9344308,-0.0380844
708.0000000,1.9292128,-0.6035552,5.0785998,-1.7834884,-2.9332246,-0.0428210
709.0000000,1.9181118,-0.6024847,5.0791578,-1.7891956,-2.9327168,-0.0468068
710.0000000,1.9071007,-0.6012030,5.0793963,-1.7941575,-2.9318219,-0.0575332
711.0000000,1.8957219,-0.5999837,5.0801950,-1.7964593,-2.9267472,-0.0602632
712.0000000,1.8843205,-0.5991970,5.0810501,-1.8002334,-2.9336954,-0.0617958
713.0000000,1.8738992,-0.5988350,5.0817527,-1.7992110,-2.9277288,-0.0538271
714.0000000,1.8624637,-0.5977461,5.0831530,-1.8080892,-2.9307063,-0.0534117
715.0000000,1.8510578,-0.5970042,5.0838784,-1.8201830,-2.9290398,-0.0551245
716.0000000,1.8395464,-0.5962676,5.0848246,-1.8324626,-2.9268327,-0.0545079
717.0000000,1.8275495,-0.5956581,5.0862688,-1.8468134,-2.9168392,-0.0498991
718.0000000,1.8145640,-0.5939217,5.0886896,-1.8693117,-2.9066025,-0.0457788
719.0000000,1.8017769,-0.5921119,5.0905735,-1.8829966,-2.8877470,-0.0390100
720.0000000,1.7882085,-0.5896620,5.0930672,-1.8953616,-2.8793906,-0.0360431
721.0000000,1.7751513,-0.5865014,5.0963911,-1.9177414,-2.8575679,-0.0311887
722.0000000,1.7626362,-0.5823117,5.1014993,-1.9452388,-2.8383099,-0.0277977
723.0000000,1.7497113,-0.5782883,5.1070288,-1.9716549,-2.7884259,-0.0304923
724.0000000,1.7375698,-0.5751920,5.1116282,-1.9792847,-2.7489348,-0.0250683
725.0000000,1.7261112,-0.5735842,5.1150594,-1.9780708,-2.7188921,-0.0093342
726.0000000,1.7139006,-0.5724131,5.1181768,-1.9931158,-2.6788740,0.0134007
727.0000000,1.7037868,-0.5711718,5.1204169,-1.9891988,-2.6558400,0.0254325
728.0000000,1.6934617,-0.5694168,5.1220740,-1.9951060,-2.6440121,0.0224965
729.0000000,1.6829104,-0.5683527,5.1226647,-2.0049184,-2.6306345,0.0188510
730.0000000,1.6725442,-0.5685521,5.1224455,-1.9960946,-2.6150963,0.0230668
731.0000000,1.6627767,-0.5696626,5.1232767,-1.9849789,-2.6016633,0.0338897
732.0000000,1.6523130,-0.5720307,5.1252748,-1.9692367,-2.5579147,0.0393779
733.0000000,1.6461966,-0.5763128,5.1246317,-1.8803467,-2.4714777,0.0313343
734.0000000,1.6368873,-0.5809569,5.1274718,-1.7757253,-2.2947950,-0.0028010
735.0000000,1.6222882,-0.5823544,5.1328006,-1.6758336,-2.0801151,-0.0627945
736.0000000,1.6005940,-0.5799971,5.1419093,-1.5994273,-1.8703151,-0.1195373
737.0000000,1.5818179,-0.5731739,5.1553245,-1.5421896,-1.7560110,-0.1175809
738.0000000,1.5474122,-0.5541885,5.1777949,-1.5220722,-1.5865106,-0.2291824
739.0000000,1.5295942,-0.5367695,5.2005785,-1.4765409,-1.5359929,-0.2070527
741.0000000,1.4653573,-0.2409043,5.3858678,-0.3837032,0.2583542,-0.3246044
743.0000000,1.4223061,-0.4465828,4.4954893,-1.0494713,-1.2845774,-0.0846255
744.0000000,1.5966735,-0.4881915,4.3794246,-1.0272630,-2.0528718,0.3320539
745.0000000,1.6358740,-0.4924341,4.3658733,-1.0612936,-2.2185219,0.4122371
746.0000000,1.6770916,-0.4852363,4.3563113,-0.9609133,-2.4665493,0.5136678
747.0000000,1.6969693,-0.4841322,4.3450176,-1.0137751,-2.5093465,0.5561407
748.0000000,1.7113278,-0.4803419,4.3360925,-1.0517600,-2.5917484,0.5856990
749.0000000,1.7218537,-0.4740566,4.3246338,-1.0783131,-2.6697153,0.6035775
750.0000000,1.7291086,-0.4664985,4.3096716,-1.0917155,-2.7220010,0.6046205
751.0000000,1.7325482,-0.4595094,4.2929019,-1.1160340,-2.7466788,0.6061416
752.0000000,1.7339988,-0.4515744,4.2720342,-1.1199860,-2.7565900,0.5952373
753.0000000,1.7334700,-0.4424326,4.2499021,-1.1171509,-2.7566100,0.5933174
754.0000000,1.7295184,-0.4332143,4.2262622,-1.1084360,-2.7662937,0.5849618
755.0000000,1.7249563,-0.4240314,4.2013333,-1.0951365,-2.8063838,0.5691333
756.0000000,1.7192554,-0.4167352,4.1713930,-1.0763864,-2.8309344,0.5203312
757.0000000,1.7174971,-0.4098383,4.1388243,-1.0098703,-2.8361212,0.4742407
758.0000000,1.7144053,-0.4050983,4.1046000,-0.9394412,-2.7876448,0.4133258
759.0000000,1.7123530,-0.3979332,4.0718484,-0.8332434,-2.7315164,0.3715404
760.0000000,1.7081087,-0.3887807,4.0407519,-0.7356607,-2.6884617,0.3331669
761.0000000,1.7038226,-0.3754642,4.0110202,-0.6399283,-2.6587490,0.2976747
762.0000000,1.6974754,-0.3577861,3.9789478,-0.5282438,-2.5934222,0.2487212
763.0000000,1.6918387,-0.3376955,3.9490170,-0.4167004,-2.5268803,0.2205625
764.0000000,1.6882625,-0.3135769,3.9226997,-0.2884667,-2.4878702,0.2032576
765.0000000,1.6823561,-0.2861041,3.8967521,-0.1544533,-2.4300874,0.2042464
766.0000000,1.6780171,-0.2559705,3.8699332,-0.0153165,-2.3719418,0.2067595
767.0000000,1.6778860,-0.2269737,3.8453423,0.0675464,-2.3340114,0.1867465
768.0000000,1.6799257,-0.1967523,3.8233965,0.1470997,-2.3287798,0.1701376
769.0000000,1.6849959,-0.1674485,3.8034467,0.2075862,-2.3380437,0.1146219
770.0000000,1.6925428,-0.1383927,3.7797720,0.2525837,-2.3232800,0.0826295
771.0000000,1.7067425,-0.1143401,3.7549892,0.2687735,-2.3584325,0.0757116
772.0000000,1.7231796,-0.0928998,3.7294094,0.2557488,-2.3730109,0.0462455
773.0000000,1.7414498,-0.0720644,3.7009966,0.2524581,-2.3864460,0.0223832
774.0000000,1.7602921,-0.0491391,3.6711428,0.2870009,-2.3886872,0.0128762
775.0000000,1.7802279,-0.0296355,3.6423882,0.3106388,-2.3950783,0.0080306
776.0000000,1.8045943,-0.0140004,3.6131756,0.3158869,-2.4216537,-0.0036230
777.0000000,1.8297176,0.0010347,3.5831109,0.3272247,-2.4357788,-0.0214357
778.0000000,1.8562424,0.0152204,3.5533108,0.3512458,-2.4411028,-0.0444648
779.0000000,1.8865259,0.0242742,3.5264319,0.3756976,-2.4810734,-0.0485126
780.0000000,1.9182024,0.0294182,3.4983749,0.4152994,-2.5156507,-0.0438663
781.0000000,1.9540193,0.0277842,3.4722303,0.4361205,-2.5739681,-0.0438396
782.0000000,1.9945085,0.0166461,3.4487557,0.3848826,-2.6587943,-0.0833871
783.0000000,2.0257916,0.0132781,3.4272164,0.4490224,-2.7121906,-0.0874731
784.0000000,2.0572503,0.0021050,3.4026670,0.4407373,-2.7320921,-0.0995718
785.0000000,2.0914483,-0.0108188,3.3777657,0.3746352,-2.7446419,-0.1130031
786.0000000,2.1237693,-0.0211351,3.3547518,0.3155303,-2.7594264,-0.1172772
787.0000000,2.1568170,-0.0271995,3.3333929,0.2325985,-2.7889981,-0.1298983
788.0000000,2.1910598,-0.0250646,3.3159623,0.1623849,-2.8300903,-0.1862073
789.0000000,2.2239056,-0.0159779,3.3004342,0.1032580,-2.8594687,-0.2524659
790.0000000,2.2582514,-0.0086458,3.2829891,-0.0303077,-2.8951420,-0.3077496
791.0000000,2.2908566,0.0153807,3.2728518,-0.0082185,-2.9055842,-0.3634049
792.0000000,2.3245974,0.0364639,3.2679013,-0.0166976,-2.9764643,-0.4089988
793.0000000,2.3560460,0.0682076,3.2617176,0.0662459,-2.9794341,-0.4305815
794.0000000,2.3864324,0.0965208,3.2596277,0.1140692,-3.0086303,-0.4723002
795.0000000,2.4147162,0.1209100,3.2591937,0.1551962,-3.0435260,-0.5150778
796.0000000,2.4399211,0.1497843,3.2602026,0.2704757,-3.0316268,-0.5547303
797.0000000,2.4640813,0.1706970,3.2629280,0.3336349,-3.0191511,-0.6017259
798.0000000,2.4922423,0.1817970,3.2714868,0.3578453,-3.0327535,-0.7544847
799.0000000,2.5176821,0.1826106,3.2762848,0.3311661,-3.1490161,-0.7797401
800.0000000,2.5416965,0.1782050,3.2749959,0.2922513,-3.2389174,-0.7801116
801.0000000,2.5669360,0.1715159,3.2650606,0.2752373,-3.2631933,-0.7849608
802.0000000,2.5911174,0.1649777,3.2566064,0.2596231,-3.2769260,-0.8188940
805.0000000,3.3855549,0.1410850,2.8378403,0.1698990,-3.8652804,-0.5729680
806.0000000,3.4310380,0.1170261,2.8007833,0.1486303,-3.8398784,-0.4562776
807.0000000,3.4732053,0.1016983,2.7616054,0.1800654,-3.7622563,-0.3871000
808.0000000,3.5140033,0.0897776,2.7214615,0.2024047,-3.6806249,-0.3310669
809.0000000,3.5544167,0.0776927,2.6821952,0.1936516,-3.6050185,-0.2767539
810.0000000,3.5928622,0.0671882,2.6457490,0.1821317,-3.5364969,-0.2415601
811.0000000,3.6296705,0.0584220,2.6137151,0.1953145,-3.4778054,-0.2196195
812.0000000,3.6653899,0.0478226,2.5848758,0.2075698,-3.4108700,-0.1847813
813.0000000,3.7001866,0.0348312,2.5628213,0.1950359,-3.3853461,-0.1606796
814.0000000,3.7328662,0.0223911,2.5486708,0.1680161,-3.4184011,-0.1390575
815.0000000,3.7632065,0.0148764,2.5373107,0.1660577,-3.5044759,-0.0854670
816.0000000,3.7994063,0.0112911,2.5207106,0.1046152,-3.4824320,-0.1004871
817.0000000,3.8346865,0.0155804,2.5048532,0.1093088,-3.4975281,-0.0949363
818.0000000,3.8746806,0.0222914,2.4888289,0.1012061,-3.5137423,-0.0668798
819.0000000,3.9144939,0.0310150,2.4754982,0.1249126,-3.5472733,-0.0536922
820.0000000,3.9540645,0.0353227,2.4601560,0.1417727,-3.5516332,-0.0601986
821.0000000,3.9935898,0.0312390,2.4416772,0.1487226,-3.5474813,-0.0550276
822.0000000,4.0323008,0.0188347,2.4219947,0.1615418,-3.5102453,-0.0347801
823.0000000,4.0704504,0.0014966,2.4035454,0.1580608,-3.4591426,-0.0182255
824.0000000,4.1094998,-0.0193437,2.3924717,0.1041442,-3.4517407,-0.0115859
825.0000000,4.1487924,-0.0379211,2.3855325,0.0633735,-3.4559128,0.0254504
826.0000000,4.1881392,-0.0468534,2.3817089,0.0666291,-3.4615275,0.0555058
827.0000000,4.2319587,-0.0527858,2.3804560,0.0361734,-3.4667317,0.0887095
828.0000000,4.2759829,-0.0502865,2.3837004,0.0529138,-3.4878709,0.1071641
829.0000000,4.3210233,-0.0435921,2.3911151,0.0677935,-3.5295832,0.1257380
830.0000000,4.3681688,-0.0341873,2.3998100,0.0541183,-3.5587675,0.1270084
831.0000000,4.4146278,-0.0214629,2.4099344,0.0638892,-3.6017139,0.1438705
832.0000000,4.4620941,-0.0069244,2.4221783,0.0818088,-3.6495310,0.1625742
833.0000000,4.5098817,0.0078444,2.4360917,0.1076868,-3.6973454,0.1628802
834.0000000,4.5566954,0.0207276,2.4522885,0.1405707,-3.7593676,0.2371147
835.0000000,4.6092170,0.0323508,2.4684488,0.1680997,-3.7649173,0.1626142
836.0000000,4.6632746,0.0402622,2.4872254,0.1566851,-3.7707825,0.1486816
837.0000000,4.7177005,0.0483881,2.5065029,0.1868931,-3.7586204,0.0828215
838.0000000,4.7716300,0.0521636,2.5273893,0.1980237,-3.7628579,0.0434021
839.0000000,4.8240355,0.0542248,2.5476428,0.2017372,-3.7585609,-0.0034891
840.0000000,4.8750121,0.0542353,2.5677859,0.1800583,-3.7170194,-0.0863609
841.0000000,4.9249160,0.0537245,2.5869834,0.2072204,-3.6949399,-0.0889633
842.0000000,4.9731253,0.0498338,2.6093255,0.2062726,-3.7271346,-0.0789759
843.0000000,5.0185133,0.0473765,2.6319274,0.2027152,-3.7912629,-0.0646096
844.0000000,5.0616697,0.0469495,2.6547399,0.2101469,-3.8716989,-0.0465561
845.0000000,5.1044583,0.0496815,2.6730031,0.2078079,-3.9135758,-0.0293650
846.0000000,5.1477577,0.0571774,2.6881043,0.2131145,-3.9512956,-0.0067775
847.0000000,5.1909034,0.0695887,2.6994928,0.2425735,-3.9485506,0.0173528
848.0000000,5.2331038,0.0842957,2.7108593,0.2480979,-3.9062813,0.0047665
849.0000000,5.2741231,0.1009344,2.7188711,0.2501879,-3.8682446,-0.0162318
850.0000000,5.3084763,0.1194270,2.7298421,0.2832764,-3.8609801,-0.0326608
851.0000000,5.3391939,0.1360379,2.7444321,0.2927049,-3.8980448,-0.0550308
852.0000000,5.3707071,0.1495978,2.7540461,0.3095017,-3.8939376,-0.0064023
853.0000000,5.3945342,0.1697103,2.7679505,0.3689143,-3.9074346,-0.0831882
854.0000000,5.4156095,0.1878912,2.7873646,0.4003620,-3.9695892,-0.1942301
855.0000000,5.4374548,0.2017305,2.8000984,0.4919747,-3.9779964,-0.2609490
856.0000000,5.4581382,0.2095644,2.8127155,0.5513363,-4.0071937,-0.2780409
857.0000000,5.4816455,0.2126103,2.8275933,0.5572267,-4.0361944,-0.2981601
858.0000000,5.5044097,0.2165055,2.8398045,0.6069987,-4.0709064,-0.2824997
859.0000000,5.5310227,0.2154669,2.8587794,0.5539026,-4.1173735,-0.3162062
860.0000000,5.5472946,0.2225423,2.8718324,0.6169660,-4.1989792,-0.3911435
861.0000000,5.5724082,0.2301537,2.8863696,0.5926759,-4.2686545,-0.4479553
862.0000000,5.6048304,0.2447216,2.8976177,0.5803403,-4.2808798,-0.4561614
863.0000000,5.6306943,0.2645996,2.9062768,0.6405210,-4.2991628,-0.5048923
864.0000000,5.6463199,0.2815331,2.9188834,0.6809763,-4.3806510,-0.6886053
865.0000000,5.6699333,0.3008296,2.9249669,0.7970959,-4.3751048,-0.8301718
