66.0000000,0.4507246,-0.7928183,2.6639767,0.5272514,2.2806546,-0.9098314
67.0000000,0.5161138,-0.7480099,2.6941792,0.2886459,2.9578990,-0.5248220
68.0000000,0.5467560,-0.7366955,2.6989965,0.2624194,3.0188475,-0.4693998
69.0000000,0.5733099,-0.7268248,2.7039005,0.2382051,3.0632225,-0.4272939
70.0000000,0.5946255,-0.7181742,2.7109663,0.2251907,3.0956715,-0.3710756
71.0000000,0.6141238,-0.7108815,2.7162064,-0.2215757,-3.0993274,0.3287171
72.0000000,0.6295977,-0.7039341,2.7236940,-0.1834303,-3.0708366,0.2953200
73.0000000,0.6426215,-0.6976533,2.7309849,-0.1936554,-3.0475262,0.2508312
74.0000000,0.6528907,-0.6913224,2.7390062,-0.1921386,-3.0229312,0.2218707
75.0000000,0.6613774,-0.6856166,2.7452375,-0.1866836,-3.0049217,0.2076708
76.0000000,0.6681314,-0.6810457,2.7509265,-0.1991603,-2.9951675,0.1833902
77.0000000,0.6730201,-0.6773611,2.7572889,-0.2004322,-2.9918612,0.1622071
78.0000000,0.6774781,-0.6740365,2.7585458,-0.1849085,-2.9893679,0.1565489
79.0000000,0.6811433,-0.6726986,2.7614201,-0.2095364,-2.9839939,0.1458961
80.0000000,0.6843894,-0.6713786,2.7646263,-0.2249481,-2.9732766,0.1327981
81.0000000,0.6867537,-0.6709654,2.7678921,-0.2346891,-2.9727046,0.1250862
82.0000000,0.6895702,-0.6690120,2.7680920,-0.2234701,-2.9625655,0.1164770
83.0000000,0.6913772,-0.6682839,2.7697004,-0.2464478,-2.9643041,0.1063323
84.0000000,0.6919587,-0.6672266,2.7714342,-0.2489301,-2.9714827,0.1002767
85.0000000,0.6922429,-0.6652826,2.7711499,-0.2449642,-2.9845211,0.0915635
86.0000000,0.6922641,-0.6624165,2.7696104,-0.2374277,-2.9992078,0.0813909
87.0000000,0.6908476,-0.6603622,2.7696609,-0.2489889,-3.0128168,0.0644123
88.0000000,0.6897395,-0.6586777,2.7703286,-0.2796095,-3.0250686,0.0389271
89.0000000,0.6876144,-0.6574291,2.7714703,-0.2923111,-3.0336813,0.0231047
90.0000000,0.6854928,-0.6561648,2.7725220,-0.2790415,-3.0413194,0.0150457
91.0000000,0.6832097,-0.6546654,2.7731122,-0.2667852,-3.0564046,0.0074683
92.0000000,0.6828687,-0.6547824,2.7741622,-0.3030390,-3.0624394,0.0139872
93.0000000,0.6824980,-0.6534827,2.7750739,-0.3161909,-3.0710909,0.0134362
94.0000000,0.6804225,-0.6492162,2.7751130,-0.2839564,-3.0962887,-0.0096644
95.0000000,0.6799252,-0.6459821,2.7755232,-0.2672630,-3.1170406,-0.0323189
96.0000000,0.6811016,-0.6456733,2.7762049,-0.3112589,-3.1256043,-0.0282911
97.0000000,0.6804376,-0.6447579,2.7777441,0.3177343,3.1122326,0.0333579
98.0000000,0.6792758,-0.6409485,2.7752579,0.2964194,3.0790620,0.0706131
99.0000000,0.6786165,-0.6383789,2.7761406,0.2611202,3.0698308,0.0852457
100.0000000,0.6782277,-0.6369108,2.7778718,0.2346331,3.0696424,0.0890935
101.0000000,0.6797550,-0.6365285,2.7785579,0.2335208,3.0664090,0.0898428
102.0000000,0.6795154,-0.6326562,2.7806200,0.1928964,3.0591864,0.1196081
103.0000000,0.6802464,-0.6308200,2.7860852,0.1911303,3.0736735,0.1499627
104.0000000,0.6823685,-0.6297823,2.7856815,0.1812529,3.0719317,0.1430173
105.0000000,0.6843264,-0.6304833,2.7862870,0.1796862,3.0662647,0.1265824
106.0000000,0.6873565,-0.6322392,2.7869893,0.2200871,3.0469475,0.1177066
107.0000000,0.6899998,-0.6333600,2.7897912,0.2501584,3.0631192,0.1103989
108.0000000,0.6919923,-0.6368895,2.7898089,0.2864062,3.0538033,0.0691923
109.0000000,0.6933501,-0.6369847,2.7915491,0.2686254,3.0610181,0.0538491
110.0000000,0.6952837,-0.6302311,2.7910597,0.1925591,3.0506647,0.1004716
111.0000000,0.6971624,-0.6272122,2.7921938,0.1674083,3.0564388,0.1198306
112.0000000,0.6995800,-0.6261142,2.7940902,0.1824227,3.0637765,0.1355037
113.0000000,0.7011008,-0.6261476,2.7957007,0.1794720,3.0614830,0.1295965
114.0000000,0.7039871,-0.6266462,2.7933291,0.1941919,3.0553877,0.1220814
115.0000000,0.7063360,-0.6278254,2.7951161,0.2081755,3.0499372,0.1198049
116.0000000,0.7082999,-0.6309899,2.7961466,0.2320347,3.0339447,0.1093726
117.0000000,0.7097659,-0.6331960,2.8004289,0.2459672,3.0436950,0.1063011
118.0000000,0.7113569,-0.6358334,2.8043828,0.2758820,3.0397407,0.1008623
119.0000000,0.7117696,-0.6375016,2.8070635,0.2907866,3.0339587,0.0914835
120.0000000,0.7110114,-0.6387662,2.8100096,0.2842625,3.0285515,0.0746869
121.0000000,0.7106197,-0.6395581,2.8122880,0.2800530,3.0239070,0.0645589
122.0000000,0.7108128,-0.6410990,2.8148943,0.3017472,3.0231356,0.0532572
123.0000000,0.7083838,-0.6413972,2.8184630,0.2755655,3.0242569,0.0459965
124.0000000,0.7073050,-0.6405259,2.8188542,0.2578627,3.0226516,0.0419967
125.0000000,0.7058268,-0.6394024,2.8193153,0.2689278,2.9970394,0.0571618
126.0000000,0.7043693,-0.6389843,2.8209379,0.2743135,2.9858976,0.0653415
127.0000000,0.7025101,-0.6377279,2.8223760,0.2681937,2.9722362,0.0806531
128.0000000,0.7005332,-0.6369425,2.8252145,0.2644414,2.9656505,0.0967583
129.0000000,0.6988525,-0.6372614,2.8291421,0.2702943,2.9611887,0.1062997
130.0000000,0.6974008,-0.6370152,2.8336407,0.2716209,2.9547133,0.1243702
131.0000000,0.6963058,-0.6374928,2.8399063,0.2678656,2.9552425,0.1354851
132.0000000,0.6956127,-0.6384828,2.8465871,0.2797738,2.9469477,0.1513635
133.0000000,0.6946733,-0.6401389,2.8532271,0.2791899,2.9500114,0.1487841
134.0000000,0.6932991,-0.6422194,2.8603640,0.2794233,2.9565799,0.1388837
135.0000000,0.6910856,-0.6427284,2.8678695,0.2596478,2.9707435,0.1280147
136.0000000,0.6887302,-0.6426896,2.8751504,0.2356314,2.9908610,0.1137487
137.0000000,0.6872468,-0.6438963,2.8818378,0.2666031,2.9899798,0.1017243
138.0000000,0.6850183,-0.6435221,2.8902293,0.2627451,3.0005924,0.1021280
139.0000000,0.6842589,-0.6420588,2.8953736,0.2649931,3.0113593,0.1105054
140.0000000,0.6828101,-0.6415311,2.9050374,0.2802658,3.0204714,0.1238176
141.0000000,0.6826935,-0.6401627,2.9114383,0.2897792,3.0342782,0.1323438
142.0000000,0.6817956,-0.6382370,2.9213091,0.2635916,3.0602961,0.1326728
143.0000000,0.6814744,-0.6367419,2.9316989,0.2566308,3.0689386,0.1493104
144.0000000,0.6815243,-0.6384044,2.9429663,0.2645429,3.0779720,0.1280857
145.0000000,0.6808624,-0.6387174,2.9565006,0.2524504,3.0923805,0.1152937
146.0000000,0.6801739,-0.6409369,2.9721184,0.2649966,3.0958704,0.1163187
147.0000000,0.6806138,-0.6424251,2.9854177,0.2722742,3.1033810,0.1091731
148.0000000,0.6790862,-0.6434264,3.0032868,0.2632493,3.1063772,0.1063406
149.0000000,0.6808908,-0.6469326,3.0195199,0.2984042,3.1156359,0.0912459
150.0000000,0.6811552,-0.6477613,3.0352489,0.2958805,3.1180143,0.0976166
151.0000000,0.6824050,-0.6485336,3.0516793,-0.3110275,-3.1237471,-0.0987601
152.0000000,0.6820867,-0.6471639,3.0671818,-0.2822750,-3.1249053,-0.1068063
153.0000000,0.6831381,-0.6483210,3.0867218,-0.2856079,-3.1180817,-0.0968085
154.0000000,0.6840162,-0.6470819,3.1045029,-0.2788023,-3.1229735,-0.1088250
155.0000000,0.6854820,-0.6455270,3.1229655,-0.2545619,-3.1250980,-0.1032706
156.0000000,0.6872571,-0.6448433,3.1433725,0.2507438,3.1223368,0.1027600
157.0000000,0.6900663,-0.6442008,3.1647226,0.2473895,3.1075259,0.0918034
158.0000000,0.6930921,-0.6421447,3.1846470,0.2323996,3.0987692,0.0861444
159.0000000,0.6952751,-0.6419467,3.2084838,0.2235215,3.0958269,0.0752791
160.0000000,0.6973231,-0.6401223,3.2301987,0.2081411,3.0922841,0.0700860
161.0000000,0.6991296,-0.6391681,3.2507408,0.2208733,3.0819495,0.0758081
162.0000000,0.6999574,-0.6377238,3.2705767,0.2137352,3.0821568,0.0821223
163.0000000,0.7025826,-0.6375647,3.2889552,0.2662747,3.0629558,0.1066359
164.0000000,0.7036896,-0.6396577,3.3118944,0.2937136,3.0670108,0.1065514
165.0000000,0.7044611,-0.6405557,3.3331065,0.3084223,3.0717732,0.1171373
166.0000000,0.7048876,-0.6419883,3.3519737,0.3109354,3.0693293,0.1135487
167.0000000,0.7041960,-0.6438525,3.3709050,0.2772350,3.0622951,0.1082468
168.0000000,0.7038360,-0.6486068,3.3920429,0.2931069,3.0511954,0.0861089
169.0000000,0.7015147,-0.6509165,3.4119382,0.2611179,3.0530484,0.0733051
170.0000000,0.7005541,-0.6522063,3.4303764,0.2700507,3.0483129,0.0767036
171.0000000,0.6963518,-0.6529305,3.4537443,0.2095465,3.0725127,0.0699098
172.0000000,0.6935885,-0.6532477,3.4738169,0.2086627,3.0678925,0.0838312
173.0000000,0.6897795,-0.6547970,3.4965523,0.2101382,3.0785599,0.0748350
174.0000000,0.6855023,-0.6552687,3.5178699,0.2010981,3.0901085,0.0714271
175.0000000,0.6809978,-0.6560066,3.5389544,0.1859129,3.1009836,0.0573927
176.0000000,0.6760528,-0.6554375,3.5588373,0.1753450,3.1040848,0.0510075
177.0000000,0.6704700,-0.6523961,3.5754889,0.1662609,3.0957607,0.0668709
178.0000000,0.6632040,-0.6496996,3.5933139,0.1577279,3.1064762,0.0694746
179.0000000,0.6560814,-0.6443658,3.6100332,0.1734871,3.0948635,0.0990832
180.0000000,0.6470764,-0.6405883,3.6294501,0.1831740,3.0960399,0.0893157
181.0000000,0.6383665,-0.6353371,3.6468066,0.1984828,3.1044581,0.0849197
182.0000000,0.6292493,-0.6289536,3.6623077,0.2135827,3.0988117,0.0831709
183.0000000,0.6188550,-0.6234437,3.6816251,0.2132697,3.0984075,0.0690498
184.0000000,0.6092792,-0.6174351,3.6986715,0.2169510,3.0932356,0.0844644
185.0000000,0.6005194,-0.6132830,3.7156607,0.2314893,3.0831821,0.0894300
186.0000000,0.5924814,-0.6107105,3.7332891,0.2370416,3.0743513,0.0903738
187.0000000,0.5851564,-0.6100055,3.7515280,0.2493935,3.0687563,0.0951599
188.0000000,0.5789676,-0.6105760,3.7693706,0.2565435,3.0729892,0.0961842
189.0000000,0.5749047,-0.6118728,3.7857724,0.2774026,3.0728618,0.1012336
190.0000000,0.5700793,-0.6120043,3.8048970,0.2680701,3.0737217,0.1356241
191.0000000,0.5656424,-0.6170866,3.8395473,0.2337742,3.0657343,0.1399223
192.0000000,0.5666304,-0.6235592,3.8598107,0.2699827,3.0902215,0.1084867
193.0000000,0.5660086,-0.6281903,3.8795350,0.2712093,3.0953412,0.0883209
194.0000000,0.5668380,-0.6304727,3.8991665,0.2632498,3.0989304,0.0899305
195.0000000,0.5680077,-0.6321188,3.9170935,0.2548039,3.1041389,0.0855814
196.0000000,0.5696490,-0.6340634,3.9357460,0.2436504,3.1068401,0.0841322
197.0000000,0.5722258,-0.6348779,3.9546691,0.2391649,3.1065294,0.0763516
198.0000000,0.5746219,-0.6371890,3.9737331,0.2401042,3.1178172,0.0625444
199.0000000,0.5794244,-0.6360580,3.9908973,0.2332605,3.0996867,0.0813225
200.0000000,0.5856600,-0.6354783,4.0065944,0.2348339,3.1001105,0.0892531
201.0000000,0.5915654,-0.6338129,4.0245944,0.2336465,3.0949336,0.0989637
202.0000000,0.5987892,-0.6337461,4.0396363,0.2036456,3.1264280,0.0597358
203.0000000,0.6047144,-0.6317351,4.0569417,0.1929530,3.1085619,0.0628282
204.0000000,0.6107850,-0.6299278,4.0729336,0.1925741,3.0919201,0.0747738
205.0000000,0.6172562,-0.6284703,4.0901065,0.2027048,3.0847440,0.0681643
206.0000000,0.6228240,-0.6269480,4.1085244,0.1842653,3.0946975,0.0533530
207.0000000,0.6286132,-0.6280903,4.1258295,0.2155130,3.1094930,0.0332197
208.0000000,0.6334651,-0.6275010,4.1414979,0.2352924,3.1130537,0.0298278
209.0000000,0.6376126,-0.6256640,4.1566419,0.2302020,3.1189593,0.0431476
210.0000000,0.6417589,-0.6250863,4.1679567,0.2527473,3.1087597,0.0604537
211.0000000,0.6444335,-0.6254359,4.1807801,0.2490525,3.0975166,0.0776542
212.0000000,0.6480348,-0.6254698,4.1900208,0.2516680,3.0906655,0.0830655
213.0000000,0.6504521,-0.6252191,4.2000234,0.2222166,3.0991027,0.0911738
214.0000000,0.6529844,-0.6277024,4.2118210,0.2064015,3.1202732,0.0851159
215.0000000,0.6553764,-0.6298883,4.2187024,0.2341916,3.1015196,0.0935426
216.0000000,0.6579013,-0.6310661,4.2237406,0.2446864,3.0956620,0.0965006
217.0000000,0.6599872,-0.6326015,4.2283682,0.2224887,3.1043859,0.0751651
218.0000000,0.6611302,-0.6345801,4.2326218,0.2349892,3.0897453,0.0888034
219.0000000,0.6618054,-0.6342252,4.2338815,0.2140663,3.0876593,0.1141049
220.0000000,0.6631234,-0.6348464,4.2326021,0.2053738,3.0889622,0.1207039
221.0000000,0.6659906,-0.6367576,4.2266960,0.2299338,3.0829030,0.0978993
222.0000000,0.6658545,-0.6383129,4.2234831,0.2372941,3.0809495,0.0916415
223.0000000,0.6659372,-0.6368839,4.2164482,0.2330872,3.0853222,0.1017452
224.0000000,0.6660640,-0.6350458,4.2083450,0.2390268,3.0879159,0.1043789
225.0000000,0.6662741,-0.6331195,4.1978497,0.2509124,3.0977380,0.1052066
226.0000000,0.6653779,-0.6301650,4.1853576,0.2628005,3.0793804,0.1145210
227.0000000,0.6637075,-0.6280884,4.1735630,0.2866585,3.0963938,0.1124329
228.0000000,0.6625652,-0.6258175,4.1608080,0.3167012,3.0875366,0.1376988
229.0000000,0.6601396,-0.6232686,4.1436600,0.3048613,3.0930095,0.1416796
230.0000000,0.6589754,-0.6212422,4.1245469,0.3196927,3.0948916,0.1366464
231.0000000,0.6554866,-0.6198617,4.1077404,0.3117822,3.0959499,0.1292767
232.0000000,0.6525605,-0.6191946,4.0882219,0.2630453,3.1255425,0.0807065
233.0000000,0.6496520,-0.6176468,4.0671079,-0.2516883,-3.1303027,-0.0800769
234.0000000,0.6458519,-0.6185148,4.0474310,0.2714913,3.1083359,0.0944179
235.0000000,0.6423881,-0.6199993,4.0264706,0.2634498,3.1131441,0.0857681
236.0000000,0.6382742,-0.6216475,4.0034943,0.2602192,3.1149397,0.0890054
237.0000000,0.6334884,-0.6251150,3.9826242,0.2655931,3.1124358,0.0862837
238.0000000,0.6290667,-0.6269494,3.9592689,0.2716164,3.1110577,0.1002200
239.0000000,0.6247826,-0.6290437,3.9370063,0.2698574,3.1125607,0.1017773
240.0000000,0.6206203,-0.6319553,3.9158680,0.2750170,3.1143769,0.0978595
241.0000000,0.6165478,-0.6347882,3.8949485,0.2760416,3.1179789,0.0988846
242.0000000,0.6130805,-0.6386663,3.8750365,0.2828134,3.1249265,0.0823195
243.0000000,0.6089084,-0.6406659,3.8558214,-0.2547018,-3.1224511,-0.0837429
244.0000000,0.6048374,-0.6436483,3.8372146,-0.2478219,-3.1250616,-0.0869475
245.0000000,0.6023221,-0.6458488,3.8160115,0.2616514,3.1222138,0.0891563
246.0000000,0.5991609,-0.6485193,3.8010436,-0.2457625,-3.1272558,-0.0691179
247.0000000,0.5973196,-0.6498604,3.7821281,0.2717681,3.1249068,0.0858284
248.0000000,0.5955644,-0.6516240,3.7668264,-0.2794967,-3.1237138,-0.0842192
249.0000000,0.5931635,-0.6530292,3.7540643,-0.2887395,-3.1213493,-0.0917714
250.0000000,0.5912957,-0.6529680,3.7397629,-0.2864808,-3.1236599,-0.1092108
251.0000000,0.5906367,-0.6523738,3.7267407,-0.2578251,-3.1050160,-0.1073462
252.0000000,0.5892985,-0.6517760,3.7150922,-0.2378674,-3.0975215,-0.1201271
253.0000000,0.5881839,-0.6513985,3.7048179,-0.2416884,-3.0925702,-0.1389789
254.0000000,0.5874302,-0.6511751,3.6947270,-0.2436633,-3.0924335,-0.1442194
255.0000000,0.5871899,-0.6515085,3.6852769,-0.2491561,-3.0876821,-0.1320260
256.0000000,0.5869281,-0.6513771,3.6756473,-0.2532232,-3.0801414,-0.1273033
257.0000000,0.5865009,-0.6512543,3.6660557,-0.2794370,-3.0862655,-0.1176528
258.0000000,0.5857763,-0.6510029,3.6567979,-0.2966368,-3.0882112,-0.0945879
259.0000000,0.5857012,-0.6526073,3.6472747,-0.3258805,-3.0966151,-0.0488739
260.0000000,0.5848680,-0.6539127,3.6397275,-0.3252751,-3.1013166,-0.0089701
261.0000000,0.5840220,-0.6539263,3.6325428,-0.3286948,-3.1079225,-0.0013250
262.0000000,0.5847473,-0.6577952,3.6233348,0.3753235,3.1093612,-0.0323704
263.0000000,0.5846846,-0.6612492,3.6180283,0.4227496,3.0894860,-0.0504674
264.0000000,0.5853851,-0.6636159,3.6115788,0.4258881,3.0733298,-0.0735797
265.0000000,0.5850861,-0.6679846,3.6078237,0.4440459,3.0584062,-0.1134735
266.0000000,0.5846303,-0.6730137,3.6052012,0.4680020,3.0566579,-0.1731175
267.0000000,0.5834219,-0.6777481,3.6039600,0.4907527,3.0532159,-0.2153608
268.0000000,0.5835979,-0.6824983,3.5981807,0.5052541,3.0523499,-0.2755828
269.0000000,0.5831666,-0.6874094,3.5958118,0.5503662,3.0530872,-0.3185195
270.0000000,0.5798576,-0.6972672,3.5885981,0.6183431,2.9888275,-0.4228214
271.0000000,0.5777416,-0.7019469,3.5869755,0.6650019,2.9829445,-0.4660481
272.0000000,0.5748081,-0.7074372,3.5846063,0.7196089,2.9643695,-0.5269578
273.0000000,0.5736208,-0.7108490,3.5835236,0.7318787,2.9676272,-0.5752540
274.0000000,0.5725434,-0.7136110,3.5823541,0.7662754,2.9745705,-0.6034535
275.0000000,0.5705781,-0.7174208,3.5830338,0.7974060,2.9677997,-0.6385744
276.0000000,0.5698133,-0.7189745,3.5796928,-0.8158828,-2.9544355,0.6694095
277.0000000,0.5675077,-0.7219367,3.5777025,-0.8576177,-2.9378509,0.7058466
278.0000000,0.5652504,-0.7267356,3.5784559,-0.9106931,-2.9036764,0.7433031
279.0000000,0.5640981,-0.7298987,3.5744818,-0.9604079,-2.8730591,0.7884200
280.0000000,0.5641894,-0.7311978,3.5741684,-0.9746518,-2.8627044,0.8078158
281.0000000,0.5668254,-0.7288849,3.5703442,-0.9885019,-2.8584687,0.7960463
282.0000000,0.5675337,-0.7294406,3.5689447,-1.0222811,-2.8270447,0.8044551
283.0000000,0.5690079,-0.7288421,3.5673177,-1.0524927,-2.7961836,0.8072778
284.0000000,0.5718515,-0.7279048,3.5683160,-1.0538120,-2.7513212,0.8161101
285.0000000,0.5740499,-0.7266897,3.5680428,-1.0714504,-2.7157850,0.8273768
286.0000000,0.5759993,-0.7256044,3.5681877,-1.0897431,-2.6819269,0.8440076
287.0000000,0.5790246,-0.7224364,3.5640589,-1.1122047,-2.6709437,0.8541764
288.0000000,0.5812135,-0.7218882,3.5671059,-1.1119183,-2.6351878,0.8742761
289.0000000,0.5846934,-0.7193938,3.5658537,-1.1078166,-2.6077395,0.8859756
290.0000000,0.5866301,-0.7182149,3.5662465,-1.1164267,-2.5881930,0.8981961
291.0000000,0.5892262,-0.7164712,3.5652150,-1.1298735,-2.5760045,0.8957135
292.0000000,0.5905247,-0.7163121,3.5669814,-1.1380889,-2.5566029,0.9043063
293.0000000,0.5930824,-0.7143507,3.5649238,-1.1492294,-2.5521743,0.9156548
294.0000000,0.5939217,-0.7139354,3.5661048,-1.1593514,-2.5392891,0.9174875
295.0000000,0.5956094,-0.7128695,3.5645452,-1.1658676,-2.5247089,0.9190407
296.0000000,0.5970695,-0.7115656,3.5630201,-1.1773207,-2.5211808,0.9193829
297.0000000,0.5983694,-0.7100805,3.5608416,-1.2022719,-2.5092747,0.9081178
298.0000000,0.5997255,-0.7084153,3.5591978,-1.2246999,-2.4890810,0.8976635
299.0000000,0.5998142,-0.7067680,3.5590105,-1.2460230,-2.4716421,0.8948030
300.0000000,0.5997119,-0.7054285,3.5576501,-1.2575356,-2.4600573,0.9089826
301.0000000,0.5999699,-0.7038146,3.5556149,-1.2656171,-2.4439896,0.9211516
302.0000000,0.5991418,-0.7030207,3.5568926,-1.2784541,-2.4309052,0.9294553
303.0000000,0.5989966,-0.7023706,3.5545168,-1.2897187,-2.4163994,0.9450612
304.0000000,0.5987887,-0.7020329,3.5531289,-1.3081615,-2.3964591,0.9462035
305.0000000,0.5985141,-0.7018019,3.5521057,-1.3275879,-2.3699741,0.9480958
306.0000000,0.5971549,-0.7021127,3.5515562,-1.3406560,-2.3522332,0.9682264
307.0000000,0.5954814,-0.7027799,3.5518998,-1.3487359,-2.3373218,0.9989375
308.0000000,0.5939260,-0.7026893,3.5527372,-1.3623173,-2.3234232,1.0209505
309.0000000,0.5918067,-0.7032181,3.5547692,-1.3742763,-2.3145124,1.0381564
310.0000000,0.5911384,-0.7026644,3.5536250,-1.3818466,-2.3042853,1.0554831
311.0000000,0.5903208,-0.7019466,3.5547199,-1.3905118,-2.2954141,1.0696654
312.0000000,0.5890141,-0.7015462,3.5557411,-1.3995205,-2.2844355,1.0919121
313.0000000,0.5882773,-0.7013804,3.5574571,-1.4006336,-2.2723978,1.1112092
314.0000000,0.5868957,-0.7014388,3.5607949,-1.4019821,-2.2679890,1.1250293
315.0000000,0.5868149,-0.7012185,3.5613534,-1.4001568,-2.2714750,1.1308181
316.0000000,0.5882559,-0.7002654,3.5600137,-1.3953101,-2.2853135,1.1266485
317.0000000,0.5893357,-0.7000760,3.5605884,-1.3930594,-2.3061117,1.1189604
318.0000000,0.5906734,-0.7005370,3.5624089,-1.3915094,-2.3286175,1.1081787
319.0000000,0.5928698,-0.7004296,3.5614012,-1.3927209,-2.3472422,1.0903120
320.0000000,0.5945315,-0.7008721,3.5604517,-1.4004296,-2.3596965,1.0790674
321.0000000,0.5973620,-0.7009369,3.5601103,-1.3921166,-2.3698942,1.0758176
322.0000000,0.5993221,-0.7011489,3.5608540,-1.3894658,-2.3773444,1.0759339
323.0000000,0.6017203,-0.7009823,3.5608465,-1.3853175,-2.3828147,1.0702973
324.0000000,0.6029539,-0.7016933,3.5635279,-1.3794355,-2.3856418,1.0707067
325.0000000,0.6050940,-0.7016346,3.5625795,-1.3707603,-2.3873532,1.0711176
326.0000000,0.6071754,-0.7022340,3.5639018,-1.3588248,-2.3978982,1.0647842
327.0000000,0.6083376,-0.7033546,3.5662188,-1.3512113,-2.4115444,1.0608077
328.0000000,0.6098046,-0.7046939,3.5663638,-1.3446686,-2.4161620,1.0539345
329.0000000,0.6118333,-0.7058257,3.5665381,-1.3383041,-2.4246973,1.0389631
330.0000000,0.6137426,-0.7071271,3.5669166,-1.3308629,-2.4398600,1.0285907
331.0000000,0.6159976,-0.7075481,3.5650617,-1.3260512,-2.4523934,1.0158079
332.0000000,0.6166935,-0.7086172,3.5663767,-1.3231996,-2.4567845,1.0057286
333.0000000,0.6169090,-0.7089528,3.5651050,-1.3296385,-2.4254728,1.0013250
334.0000000,0.6165724,-0.7089242,3.5663580,-1.3395642,-2.4162394,1.0009163
335.0000000,0.6164861,-0.7084532,3.5664425,-1.3457769,-2.4135093,1.0202349
336.0000000,0.6155396,-0.7080956,3.5663104,-1.3571422,-2.3896734,1.0383577
337.0000000,0.6141889,-0.7076353,3.5645533,-1.3695357,-2.3539833,1.0595648
338.0000000,0.6114442,-0.7082547,3.5664604,-1.3827433,-2.3273304,1.0811477
339.0000000,0.6093624,-0.7086525,3.5665445,-1.3935041,-2.3067281,1.0996871
340.0000000,0.6076121,-0.7089047,3.5653937,-1.4016562,-2.2790719,1.1152523
341.0000000,0.6069009,-0.7083639,3.5629703,-1.4092842,-2.2511214,1.1257626
342.0000000,0.6053152,-0.7083439,3.5638558,-1.4192900,-2.2255351,1.1390314
343.0000000,0.6044466,-0.7073144,3.5627979,-1.4307082,-2.2026026,1.1474646
344.0000000,0.6037552,-0.7062334,3.5620829,-1.4382602,-2.1849751,1.1562772
345.0000000,0.6031625,-0.7053627,3.5607237,-1.4472359,-2.1707194,1.1685809
346.0000000,0.6025147,-0.7045994,3.5598301,-1.4482352,-2.1550497,1.1778620
347.0000000,0.6016254,-0.7037463,3.5597674,-1.4489660,-2.1400589,1.1957745
348.0000000,0.6014087,-0.7018729,3.5581302,-1.4500363,-2.1134019,1.2092205
349.0000000,0.6018660,-0.7004937,3.5585411,-1.4465013,-2.0873434,1.2120768
350.0000000,0.6033223,-0.6986953,3.5558566,-1.4434338,-2.0720981,1.2228962
351.0000000,0.6038094,-0.6974725,3.5556040,-1.4444223,-2.0570560,1.2267474
352.0000000,0.6041231,-0.6968831,3.5569352,-1.4462655,-2.0415567,1.2291032
353.0000000,0.6046641,-0.6957895,3.5552093,-1.4495293,-2.0250845,1.2302747
354.0000000,0.6053567,-0.6946536,3.5537170,-1.4517968,-2.0109567,1.2283388
355.0000000,0.6056683,-0.6933017,3.5510237,-1.4627975,-1.9975396,1.2306439
356.0000000,0.6065698,-0.6915820,3.5478953,-1.4736484,-1.9880911,1.2293115
357.0000000,0.6062284,-0.6913770,3.5482827,-1.4823065,-1.9793594,1.2285470
358.0000000,0.6057019,-0.6908976,3.5478864,-1.4950720,-1.9644889,1.2243940
359.0000000,0.6059425,-0.6899695,3.5458241,-1.5068356,-1.9474651,1.2095486
360.0000000,0.6064103,-0.6894690,3.5454262,-1.5183195,-1.9415066,1.1950041
361.0000000,0.6064398,-0.6891667,3.5461933,-1.5204379,-1.9297925,1.1883112
362.0000000,0.6066298,-0.6886529,3.5460894,-1.5219136,-1.9406486,1.2018507
363.0000000,0.6080384,-0.6872330,3.5444655,-1.5214353,-1.9530572,1.2165705
364.0000000,0.6085124,-0.6847517,3.5428569,-1.5248105,-1.9375398,1.2260968
365.0000000,0.6090946,-0.6833220,3.5410154,-1.5201851,-1.9055435,1.2395954
366.0000000,0.6096053,-0.6815774,3.5405207,-1.5238713,-1.8679114,1.2313701
367.0000000,0.6119661,-0.6793107,3.5374486,-1.5149534,-1.8228819,1.2216713
368.0000000,0.6132555,-0.6782048,3.5370830,-1.4983685,-1.7956867,1.2381427
369.0000000,0.6121802,-0.6759973,3.5366570,-1.5050731,-1.7608497,1.2567697
370.0000000,0.6110728,-0.6736996,3.5355789,-1.5111066,-1.7215878,1.2672758
371.0000000,0.6092317,-0.6722127,3.5357563,-1.5218553,-1.7027635,1.2803926
372.0000000,0.6073608,-0.6700671,3.5333120,-1.5198661,-1.6712004,1.2982699
373.0000000,0.6044645,-0.6692145,3.5352595,-1.5121884,-1.6443543,1.3122684
374.0000000,0.6027765,-0.6680466,3.5334877,-1.5058575,-1.6269234,1.3276129
375.0000000,0.5999992,-0.6675671,3.5339185,-1.4995499,-1.6093623,1.3509635
376.0000000,0.5958903,-0.6677637,3.5358676,-1.4947840,-1.5943031,1.3841974
377.0000000,0.5925698,-0.6669927,3.5353913,-1.4901775,-1.5709707,1.4075011
378.0000000,0.5890026,-0.6657164,3.5346439,-1.4904578,-1.5490032,1.4339598
379.0000000,0.5853648,-0.6645871,3.5349174,-1.4927673,-1.5298873,1.4589627
380.0000000,0.5822787,-0.6635705,3.5349353,-1.4986193,-1.5059898,1.4745704
381.0000000,0.5807979,-0.6631021,3.5349509,-1.5111341,-1.4884354,1.4670667
382.0000000,0.5770295,-0.6612673,3.5348704,-1.5327565,-1.4475343,1.4642712
383.0000000,0.5753188,-0.6602341,3.5347362,-1.5505179,-1.4296172,1.4551210
384.0000000,0.5714233,-0.6580594,3.5343629,-1.5693366,-1.3965072,1.4549199
385.0000000,0.5701399,-0.6579163,3.5344455,-1.5802845,-1.4027379,1.4477470
386.0000000,0.5666111,-0.6567605,3.5357404,-1.5991472,-1.3947350,1.4553053
387.0000000,0.5642762,-0.6556652,3.5372053,-1.6137614,-1.3981236,1.4552806
388.0000000,0.5618691,-0.6558924,3.5396440,-1.6155764,-1.3956330,1.4634126
389.0000000,0.5626934,-0.6559197,3.5384119,-1.6117457,-1.4000821,1.4727370
390.0000000,0.5610397,-0.6535161,3.5402833,-1.6379352,-1.3860740,1.4821080
391.0000000,0.5601397,-0.6528329,3.5413562,-1.6690498,-1.3872784,1.4859679
392.0000000,0.5612710,-0.6520385,3.5404309,-1.6690860,-1.3958494,1.4904460
393.0000000,0.5606565,-0.6514286,3.5431320,-1.6828462,-1.3957828,1.4956448
394.0000000,0.5616314,-0.6510049,3.5422570,-1.6847120,-1.4032303,1.4957364
395.0000000,0.5619678,-0.6507961,3.5434335,-1.6868230,-1.4055000,1.4994597
396.0000000,0.5625131,-0.6504484,3.5447658,-1.6851495,-1.4059873,1.5058742
397.0000000,0.5633030,-0.6498122,3.5455453,-1.6759469,-1.4088996,1.5180361
398.0000000,0.5649447,-0.6492041,3.5464953,-1.6694339,-1.4209891,1.5233555
399.0000000,0.5668035,-0.6485953,3.5466456,-1.6660106,-1.4310492,1.5292367
400.0000000,0.5685441,-0.6476839,3.5470951,-1.6617337,-1.4318368,1.5321300
401.0000000,0.5697720,-0.6467643,3.5477785,-1.6625655,-1.4240004,1.5373768
402.0000000,0.5710635,-0.6464348,3.5477735,-1.6660304,-1.4194693,1.5389578
403.0000000,0.5718546,-0.6466581,3.5488989,-1.6699884,-1.4157482,1.5358700
404.0000000,0.5740335,-0.6460453,3.5462979,-1.6657596,-1.4070660,1.5306591
405.0000000,0.5761349,-0.6455694,3.5455144,-1.6638960,-1.4023291,1.5141560
406.0000000,0.5782700,-0.6457253,3.5450557,-1.6616018,-1.4001364,1.5003593
407.0000000,0.5806701,-0.6458043,3.5441628,-1.6572560,-1.3990172,1.4940103
408.0000000,0.5837052,-0.6455835,3.5430888,-1.6525673,-1.4067548,1.4845389
409.0000000,0.5882237,-0.6462300,3.5420577,-1.6431117,-1.4251734,1.4750382
410.0000000,0.5914700,-0.6458310,3.5401971,-1.6337657,-1.4312071,1.4636796
411.0000000,0.5978529,-0.6482404,3.5393718,-1.6311230,-1.4991299,1.4572267
412.0000000,0.6035573,-0.6514338,3.5398545,-1.6320918,-1.5648875,1.4228568
413.0000000,0.6033256,-0.6522927,3.5374408,-1.6434377,-1.5743709,1.4274215
414.0000000,0.6091123,-0.6551549,3.5388371,-1.6205037,-1.6371744,1.3873311
415.0000000,0.6135750,-0.6571531,3.5366877,-1.6100846,-1.6878783,1.3715591
416.0000000,0.6170726,-0.6594591,3.5376477,-1.6031755,-1.7383955,1.3482430
417.0000000,0.6212325,-0.6604637,3.5351574,-1.5960509,-1.7873921,1.3268736
418.0000000,0.6256530,-0.6616962,3.5339020,-1.5817948,-1.8471182,1.3122415
419.0000000,0.6299634,-0.6614227,3.5313669,-1.5789588,-1.8975671,1.2845694
420.0000000,0.6345093,-0.6609817,3.5286771,-1.5668375,-1.9463413,1.2585785
421.0000000,0.6394582,-0.6607209,3.5268105,-1.5447472,-1.9943745,1.2306860
422.0000000,0.6448112,-0.6600225,3.5250980,-1.5190975,-2.0346397,1.1962135
423.0000000,0.6481993,-0.6594489,3.5237024,-1.5046456,-2.0684854,1.1739468
424.0000000,0.6503654,-0.6584084,3.5219282,-1.5055755,-2.0937509,1.1517603
425.0000000,0.6534350,-0.6579971,3.5219620,-1.4902055,-2.1319351,1.1209320
426.0000000,0.6566050,-0.6562717,3.5187294,-1.4706723,-2.1748517,1.0958363
427.0000000,0.6592021,-0.6551356,3.5176932,-1.4538517,-2.2076665,1.0718265
428.0000000,0.6613176,-0.6549141,3.5191892,-1.4310003,-2.2416696,1.0463220
429.0000000,0.6646750,-0.6535528,3.5172370,-1.4027427,-2.2818529,1.0206486
430.0000000,0.6681759,-0.6523947,3.5175694,-1.3739308,-2.3132909,0.9809952
431.0000000,0.6709759,-0.6508729,3.5170107,-1.3486997,-2.3480440,0.9384204
432.0000000,0.6729987,-0.6496946,3.5182807,-1.3144810,-2.3978741,0.9081558
433.0000000,0.6739616,-0.6491810,3.5189175,-1.2925254,-2.4412043,0.8761951
434.0000000,0.6736844,-0.6493669,3.5204114,-1.2701511,-2.4941176,0.8473223
435.0000000,0.6739149,-0.6487490,3.5187309,-1.2547443,-2.5371242,0.8093992
436.0000000,0.6727381,-0.6495777,3.5184323,-1.2421060,-2.5747166,0.7817475
437.0000000,0.6725602,-0.6495035,3.5180904,-1.2130249,-2.6240938,0.7518889
438.0000000,0.6708121,-0.6494589,3.5189694,-1.1925391,-2.6781705,0.7130733
439.0000000,0.6692266,-0.6490034,3.5172290,-1.1633915,-2.7405522,0.6789315
440.0000000,0.6673975,-0.6496023,3.5147875,-1.1451807,-2.7775470,0.6536912
441.0000000,0.6653044,-0.6496410,3.5146212,-1.1107919,-2.8195078,0.6237960
442.0000000,0.6629632,-0.6493536,3.5147739,-1.0787793,-2.8585232,0.5958626
443.0000000,0.6599159,-0.6515838,3.5156136,-1.0543015,-2.8758631,0.5831432
444.0000000,0.6569324,-0.6534888,3.5163748,-1.0288337,-2.9066424,0.5644643
445.0000000,0.6534750,-0.6560156,3.5178382,0.9994522,2.9135786,-0.5395239
446.0000000,0.6512611,-0.6572969,3.5175714,0.9662046,2.9189002,-0.5050843
447.0000000,0.6480234,-0.6605309,3.5185238,0.9441470,2.9067337,-0.4834194
448.0000000,0.6455479,-0.6614745,3.5198072,0.9063663,2.9047934,-0.4432566
449.0000000,0.6425180,-0.6643996,3.5228148,0.8707000,2.9002745,-0.4309244
450.0000000,0.6399267,-0.6652527,3.5233364,0.8233309,2.8919379,-0.4052646
451.0000000,0.6376779,-0.6670505,3.5225133,0.8044496,2.8797204,-0.3841879
452.0000000,0.6353500,-0.6673605,3.5227720,0.7707829,2.8702184,-0.3510180
453.0000000,0.6332333,-0.6686257,3.5246153,0.7455927,2.8689023,-0.3296613
454.0000000,0.6318271,-0.6685345,3.5233046,0.7122248,2.8689795,-0.3019642
455.0000000,0.6300883,-0.6693708,3.5256280,0.6820374,2.8758644,-0.2806880
456.0000000,0.6297226,-0.6684976,3.5266501,0.6513635,2.8921806,-0.2444729
457.0000000,0.6285183,-0.6696802,3.5293764,0.6329592,2.8954922,-0.2353872
458.0000000,0.6281879,-0.6695064,3.5293390,0.6047180,2.9035882,-0.2137389
459.0000000,0.6282258,-0.6704949,3.5308614,0.5878036,2.9099143,-0.2051651
460.0000000,0.6275487,-0.6709313,3.5342664,0.5465234,2.9242051,-0.1980784
461.0000000,0.6281524,-0.6702476,3.5336007,0.5300178,2.9313404,-0.1607745
462.0000000,0.6287639,-0.6705129,3.5348333,0.5069723,2.9421010,-0.1458672
463.0000000,0.6285672,-0.6713884,3.5372868,0.4570904,2.9628708,-0.1544653
464.0000000,0.6295347,-0.6714247,3.5360673,0.4290337,2.9723703,-0.1430455
465.0000000,0.6296759,-0.6721753,3.5395321,0.4319468,2.9826814,-0.1067807
466.0000000,0.6309934,-0.6718485,3.5395586,0.3923988,3.0025746,-0.0876106
467.0000000,0.6315620,-0.6716077,3.5402746,0.3721300,3.0060025,-0.0500272
468.0000000,0.6318963,-0.6719971,3.5405651,0.3497599,3.0073172,-0.0216129
469.0000000,0.6324573,-0.6722153,3.5413308,0.3097410,3.0186861,-0.0016294
470.0000000,0.6338558,-0.6746382,3.5411316,0.3043475,3.0129924,0.0066574
471.0000000,0.6341341,-0.6750715,3.5419315,0.2647274,3.0212830,0.0204972
472.0000000,0.6343732,-0.6751990,3.5430419,0.2274608,3.0291155,0.0343993
473.0000000,0.6350043,-0.6753770,3.5438646,0.1941853,3.0382410,0.0478132
474.0000000,0.6349537,-0.6743678,3.5448324,0.1558008,3.0496924,0.0766615
475.0000000,0.6347828,-0.6733571,3.5451487,0.1339790,3.0506372,0.1076126
476.0000000,0.6345294,-0.6718377,3.5451738,0.1015959,3.0517056,0.1376194
477.0000000,0.6343045,-0.6701025,3.5450378,0.0764809,3.0463119,0.1714562
478.0000000,0.6341095,-0.6681081,3.5455344,0.0471669,3.0524416,0.2031079
479.0000000,0.6334603,-0.6653253,3.5463070,0.0096436,3.0627382,0.2390007
480.0000000,0.6323805,-0.6614721,3.5458481,-0.0375800,3.0619664,0.2825831
481.0000000,0.6315677,-0.6580902,3.5460084,-0.0641942,3.0552519,0.3315727
482.0000000,0.6299679,-0.6558596,3.5475364,-0.1012887,3.0568520,0.3699943
483.0000000,0.6295428,-0.6529052,3.5457327,-0.1227935,3.0507016,0.4038466
484.0000000,0.6278055,-0.6507305,3.5472974,-0.1429623,3.0328444,0.4360431
485.0000000,0.6269898,-0.6479648,3.5457660,-0.1730494,3.0235805,0.4586414
486.0000000,0.6256485,-0.6461107,3.5465295,-0.2016643,3.0002294,0.4740936
487.0000000,0.6247203,-0.6436002,3.5453619,-0.2383446,2.9896079,0.4861600
488.0000000,0.6235852,-0.6422409,3.5467369,-0.2365799,2.9536650,0.5022986
489.0000000,0.6229951,-0.6400037,3.5453887,-0.2490385,2.9384592,0.5194305
490.0000000,0.6209676,-0.6381129,3.5463482,-0.2809006,2.9399118,0.5411955
491.0000000,0.6197190,-0.6355139,3.5445796,-0.3163541,2.9502909,0.5581538
492.0000000,0.6184111,-0.6343384,3.5450911,-0.3372390,2.9378978,0.5775885
493.0000000,0.6180623,-0.6323456,3.5433170,-0.3630444,2.9310684,0.6008304
494.0000000,0.6173761,-0.6308098,3.5424200,-0.3845816,2.9255409,0.6249710
495.0000000,0.6167552,-0.6300974,3.5440097,-0.4122880,2.9288064,0.6483110
496.0000000,0.6170490,-0.6283221,3.5438966,-0.4436760,2.9367205,0.6745853
497.0000000,0.6172011,-0.6269556,3.5452778,-0.4756458,2.9434666,0.6974604
498.0000000,0.6176498,-0.6256456,3.5462398,-0.5024671,2.9419299,0.7215924
499.0000000,0.6169600,-0.6236465,3.5472689,-0.5309297,2.9297857,0.7549018
500.0000000,0.6165242,-0.6222446,3.5475677,-0.5528582,2.9246155,0.7835794
501.0000000,0.6165571,-0.6216871,3.5480825,-0.5748206,2.9266410,0.8023943
502.0000000,0.6176844,-0.6218425,3.5479617,-0.5899261,2.9240619,0.8081808
503.0000000,0.6174512,-0.6220009,3.5502669,-0.6097551,2.9282015,0.8321701
504.0000000,0.6178300,-0.6216327,3.5502524,-0.6221235,2.9235895,0.8467263
505.0000000,0.6184497,-0.6210787,3.5477252,-0.6315977,2.8949630,0.8430806
506.0000000,0.6191304,-0.6211498,3.5482081,-0.6497693,2.9085909,0.8621993
507.0000000,0.6199119,-0.6218382,3.5485255,-0.6654691,2.9139997,0.8666966
508.0000000,0.6210666,-0.6226456,3.5474547,-0.6707311,2.9128105,0.8690079
509.0000000,0.6220663,-0.6233854,3.5465868,-0.6832158,2.9083562,0.8634144
510.0000000,0.6228034,-0.6234013,3.5478834,0.6972301,-2.9304413,-0.8853636
511.0000000,0.6235874,-0.6233960,3.5493529,0.6944302,-2.9192944,-0.8896980
512.0000000,0.6235266,-0.6237439,3.5502600,0.7039370,-2.9123563,-0.8882263
513.0000000,0.6239960,-0.6231308,3.5478874,0.7181212,-2.9034115,-0.8842474
514.0000000,0.6242452,-0.6227936,3.5471632,0.7269713,-2.8933853,-0.8849276
515.0000000,0.6244006,-0.6222458,3.5473618,0.7311933,-2.8860529,-0.8912196
516.0000000,0.6246834,-0.6216395,3.5475908,0.7316685,-2.8832521,-0.9017031
517.0000000,0.6246374,-0.6209610,3.5476921,0.7389977,-2.8804585,-0.9144424
518.0000000,0.6249852,-0.6203701,3.5472878,0.7442794,-2.8765129,-0.9213611
519.0000000,0.6244667,-0.6200799,3.5467079,0.7664079,-2.8635149,-0.9218367
520.0000000,0.6237423,-0.6206027,3.5475025,0.7820700,-2.8526508,-0.9239726
521.0000000,0.6235971,-0.6205893,3.5471481,0.7901244,-2.8445093,-0.9264154
522.0000000,0.6238861,-0.6198852,3.5450884,0.7966135,-2.8368789,-0.9318885
523.0000000,0.6234336,-0.6198593,3.5458314,0.8039704,-2.8294926,-0.9364285
524.0000000,0.6226201,-0.6196758,3.5480286,0.8103297,-2.8245376,-0.9429303
525.0000000,0.6224566,-0.6191196,3.5480471,0.8177092,-2.8175195,-0.9466729
526.0000000,0.6229882,-0.6181659,3.5464624,0.8239661,-2.8132375,-0.9500975
527.0000000,0.6227651,-0.6178204,3.5463558,0.8312647,-2.8031518,-0.9563126
528.0000000,0.6225421,-0.6175334,3.5460629,0.8413286,-2.7956153,-0.9605412
529.0000000,0.6221228,-0.6174269,3.5474796,0.8496847,-2.7984476,-0.9649769
530.0000000,0.6224713,-0.6161642,3.5459063,0.8577674,-2.7889065,-0.9729543
531.0000000,0.6220460,-0.6155359,3.5481713,0.8659885,-2.7779190,-0.9801068
532.0000000,0.6228225,-0.6134611,3.5478773,0.8667553,-2.7651267,-0.9873891
533.0000000,0.6216855,-0.6118305,3.5487829,0.8837069,-2.7358689,-1.0049312
534.0000000,0.6208456,-0.6099739,3.5501584,0.8970778,-2.7157254,-1.0212947
535.0000000,0.6179264,-0.6077988,3.5517355,0.9277896,-2.6753104,-1.0497300
536.0000000,0.6194725,-0.6058466,3.5516164,0.9323203,-2.6742851,-1.0312448
537.0000000,0.6187706,-0.6049923,3.5519714,0.9444796,-2.6594407,-1.0283485
538.0000000,0.6166842,-0.6045011,3.5525281,0.9614820,-2.6387645,-1.0383147
539.0000000,0.6150596,-0.6043309,3.5519140,0.9787956,-2.6275780,-1.0350560
540.0000000,0.6129596,-0.6041137,3.5520654,0.9881596,-2.6174612,-1.0428556
541.0000000,0.6113443,-0.6034690,3.5528832,0.9950771,-2.6094977,-1.0501309
542.0000000,0.6099844,-0.6023344,3.5534616,0.9977626,-2.6072730,-1.0609733
543.0000000,0.6079361,-0.6010934,3.5547000,0.9999946,-2.5966085,-1.0796885
544.0000000,0.6052103,-0.5997354,3.5548041,1.0191536,-2.5780234,-1.0916060
545.0000000,0.6022620,-0.5986366,3.5548236,1.0379149,-2.5589586,-1.1038713
546.0000000,0.5996678,-0.5980045,3.5551935,1.0523039,-2.5422551,-1.1135006
547.0000000,0.5978172,-0.5976349,3.5557339,1.0624134,-2.5333639,-1.1224066
548.0000000,0.5950534,-0.5973556,3.5568678,1.0763429,-2.5221649,-1.1363148
549.0000000,0.5931232,-0.5960943,3.5555959,1.0901753,-2.5014970,-1.1487095
550.0000000,0.5901937,-0.5957184,3.5574204,1.1064879,-2.4805719,-1.1599094
551.0000000,0.5883799,-0.5945538,3.5560777,1.1183571,-2.4613202,-1.1701716
552.0000000,0.5862219,-0.5935398,3.5563558,1.1269549,-2.4465194,-1.1789930
553.0000000,0.5835693,-0.5929064,3.5585879,1.1448818,-2.4414599,-1.1819725
554.0000000,0.5822556,-0.5911543,3.5570607,1.1551898,-2.4309105,-1.1874972
555.0000000,0.5801189,-0.5899453,3.5570422,1.1654543,-2.4131430,-1.1975590
556.0000000,0.5777283,-0.5889305,3.5592614,1.1709906,-2.3942032,-1.2087720
557.0000000,0.5761235,-0.5870898,3.5582213,1.1746292,-2.3726196,-1.2217736
558.0000000,0.5745580,-0.5858809,3.5584276,1.1812495,-2.3494517,-1.2330151
559.0000000,0.5723579,-0.5846401,3.5602469,1.1928438,-2.3216592,-1.2436632
560.0000000,0.5718153,-0.5827451,3.5586191,1.2012439,-2.2968511,-1.2531010
561.0000000,0.5706100,-0.5814699,3.5591278,1.2146449,-2.2787091,-1.2611206
562.0000000,0.5682781,-0.5806516,3.5609183,1.2308518,-2.2454590,-1.2714475
563.0000000,0.5678794,-0.5785819,3.5590267,1.2422092,-2.2233639,-1.2875684
564.0000000,0.5671279,-0.5775044,3.5592197,1.2522843,-2.1967006,-1.2944310
565.0000000,0.5650678,-0.5770105,3.5602203,1.2696331,-2.1562288,-1.3082209
566.0000000,0.5633476,-0.5767785,3.5602262,1.2872554,-2.1181989,-1.3205597
567.0000000,0.5622063,-0.5769647,3.5608708,1.2999095,-2.0898590,-1.3282828
568.0000000,0.5621614,-0.5774499,3.5596208,1.3161652,-2.0658472,-1.3116564
569.0000000,0.5656400,-0.5772806,3.5546009,1.3216062,-2.0605013,-1.2530632
570.0000000,0.5668783,-0.5774671,3.5529621,1.3247674,-2.0460490,-1.2309942
571.0000000,0.5644844,-0.5776657,3.5548785,1.3312317,-2.0183292,-1.2654042
572.0000000,0.5638664,-0.5769047,3.5580468,1.3288362,-2.0107984,-1.2963624
573.0000000,0.5640745,-0.5763876,3.5622956,1.3115139,-2.0046964,-1.3120326
574.0000000,0.5629165,-0.5754700,3.5623733,1.3155148,-1.9855388,-1.3231086
575.0000000,0.5626936,-0.5744277,3.5612244,1.3193661,-1.9713065,-1.3307650
576.0000000,0.5619977,-0.5736334,3.5621613,1.3287101,-1.9698473,-1.3385767
577.0000000,0.5643301,-0.5711958,3.5628099,1.3120454,-1.9891045,-1.3543438
578.0000000,0.5590475,-0.5714982,3.5613074,1.3269180,-1.9165903,-1.3634760
579.0000000,0.5578780,-0.5705961,3.5599515,1.3291160,-1.8825768,-1.3572218
580.0000000,0.5573714,-0.5697850,3.5599099,1.3343229,-1.8675938,-1.3605179
581.0000000,0.5571406,-0.5696251,3.5592689,1.3433679,-1.8502954,-1.3625320
582.0000000,0.5567713,-0.5696381,3.5595269,1.3497574,-1.8376056,-1.3721617
583.0000000,0.5562260,-0.5699406,3.5605741,1.3548675,-1.8266688,-1.3821363
584.0000000,0.5551667,-0.5703396,3.5606294,1.3579818,-1.8064348,-1.3878377
585.0000000,0.5530148,-0.5709913,3.5620344,1.3615908,-1.7817644,-1.3943366
586.0000000,0.5522330,-0.5707426,3.5599530,1.3625460,-1.7550485,-1.4014285
587.0000000,0.5513005,-0.5708770,3.5598928,1.3659289,-1.7367861,-1.4045711
588.0000000,0.5513132,-0.5706233,3.5596601,1.3709527,-1.7251687,-1.4029060
589.0000000,0.5510805,-0.5703053,3.5598001,1.3726328,-1.7075520,-1.4061459
590.0000000,0.5512598,-0.5700235,3.5598253,1.3771375,-1.6953370,-1.4119232
591.0000000,0.5502114,-0.5705791,3.5625486,1.3839945,-1.6787767,-1.4245013
592.0000000,0.5502198,-0.5706140,3.5603350,1.3787440,-1.6493746,-1.4312593
593.0000000,0.5495152,-0.5708145,3.5605692,1.3781217,-1.6287228,-1.4388307
594.0000000,0.5471020,-0.5718042,3.5644907,1.3912747,-1.6103343,-1.4812351
595.0000000,0.5438471,-0.5739670,3.5700264,1.4152607,-1.5869151,-1.5417424
596.0000000,0.5426683,-0.5749346,3.5713077,1.4242916,-1.5795194,-1.5576984
597.0000000,0.5431981,-0.5751765,3.5715199,1.4300013,-1.5728118,-1.5554372
598.0000000,0.5447061,-0.5752099,3.5702567,1.4307089,-1.5715451,-1.5411282
599.0000000,0.5463815,-0.5752658,3.5658089,1.4298396,-1.5638327,-1.5085051
600.0000000,0.5465710,-0.5765123,3.5646752,1.4289651,-1.5356713,-1.4928709
601.0000000,0.5453117,-0.5785359,3.5657542,1.4424500,-1.5073605,-1.5131473
602.0000000,0.5444024,-0.5794395,3.5662018,1.4511825,-1.4816886,-1.5347149
603.0000000,0.5438733,-0.5798573,3.5662374,1.4475402,-1.4523578,-1.5418629
604.0000000,0.5426071,-0.5809128,3.5676122,1.4485801,-1.4296144,-1.5505295
605.0000000,0.5421836,-0.5810229,3.5663973,1.4437468,-1.4063243,-1.5636344
606.0000000,0.5406899,-0.5823669,3.5683481,1.4502302,-1.3872329,-1.5823999
607.0000000,0.5404918,-0.5830405,3.5689986,1.4530827,-1.3852230,-1.5905814
608.0000000,0.5398269,-0.5846938,3.5687784,1.4497739,-1.3666335,-1.5822308
609.0000000,0.5412083,-0.5854050,3.5656682,1.4454845,-1.3492900,-1.5715380
610.0000000,0.5428538,-0.5852090,3.5647640,1.4452213,-1.3490836,-1.5615003
611.0000000,0.5429525,-0.5863632,3.5661521,1.4574328,-1.3293615,-1.5667190
612.0000000,0.5438213,-0.5867875,3.5660187,1.4522788,-1.3230100,-1.5723962
613.0000000,0.5436101,-0.5872339,3.5670952,1.4593961,-1.3111974,-1.5760113
614.0000000,0.5441706,-0.5881516,3.5676310,1.4571684,-1.2939730,-1.5817971
615.0000000,0.5450556,-0.5890136,3.5682350,1.4534768,-1.2795495,-1.5847501
616.0000000,0.5442522,-0.5897036,3.5697388,1.4373224,-1.2508572,-1.5893724
617.0000000,0.5468459,-0.5908034,3.5701023,1.4411724,-1.2403223,-1.5954620
618.0000000,0.5478332,-0.5920838,3.5686631,1.4346700,-1.2185063,-1.5877815
619.0000000,0.5492692,-0.5923101,3.5673647,1.4239602,-1.2051327,-1.5782359
620.0000000,0.5502095,-0.5924070,3.5679029,1.4159418,-1.2031316,-1.5683822
621.0000000,0.5515461,-0.5921409,3.5650440,1.4137005,-1.1926771,-1.5650644
622.0000000,0.5517843,-0.5923669,3.5648934,1.4167395,-1.1812323,-1.5627394
623.0000000,0.5509567,-0.5926659,3.5669117,1.4219134,-1.1681771,-1.5661062
624.0000000,0.5504472,-0.5930659,3.5677915,1.4247478,-1.1472835,-1.5761083
625.0000000,0.5507607,-0.5927682,3.5675668,1.4252651,-1.1347616,-1.5881297
626.0000000,0.5505917,-0.5930951,3.5689382,1.4307526,-1.1236903,-1.5928468
627.0000000,0.5508745,-0.5928042,3.5702174,1.4279150,-1.1164966,-1.6025854
628.0000000,0.5507760,-0.5930499,3.5711003,1.4225665,-1.1033925,-1.6100681
629.0000000,0.5508592,-0.5927762,3.5712750,1.4167111,-1.0936117,-1.6132660
630.0000000,0.5511458,-0.5925792,3.5719693,1.4101540,-1.0837129,-1.6128532
631.0000000,0.5520885,-0.5925460,3.5716635,1.4053025,-1.0717955,-1.6102021
632.0000000,0.5532002,-0.5928179,3.5706940,1.3991472,-1.0556166,-1.6032676
633.0000000,0.5540066,-0.5933449,3.5695928,1.4031546,-1.0415339,-1.5939246
634.0000000,0.5543149,-0.5935684,3.5694499,1.4048764,-1.0312472,-1.5931090
635.0000000,0.5542405,-0.5937802,3.5697736,1.4064780,-1.0245265,-1.5972477
636.0000000,0.5534911,-0.5937226,3.5713900,1.4084293,-1.0275540,-1.6059142
637.0000000,0.5530424,-0.5939116,3.5699857,1.4087649,-1.0151665,-1.6073432
638.0000000,0.5531731,-0.5936924,3.5675623,1.4080926,-1.0022654,-1.6061728
639.0000000,0.5529342,-0.5937812,3.5672255,1.4127491,-0.9950803,-1.6028942
640.0000000,0.5532713,-0.5935950,3.5666303,1.4148013,-0.9879246,-1.5951077
641.0000000,0.5537124,-0.5936270,3.5658078,1.4176948,-0.9812481,-1.5914917
642.0000000,0.5534043,-0.5940415,3.5667560,1.4221066,-0.9778230,-1.5875947
643.0000000,0.5533104,-0.5940087,3.5660307,1.4233403,-0.9731374,-1.5851993
644.0000000,0.5535214,-0.5936313,3.5649078,1.4308905,-0.9769866,-1.5873262
645.0000000,0.5533547,-0.5937468,3.5645277,1.4315158,-0.9754654,-1.5916113
646.0000000,0.5525901,-0.5944071,3.5664530,1.4335408,-0.9736855,-1.5908459
647.0000000,0.5521135,-0.5945641,3.5667877,1.4343291,-0.9730992,-1.5911964
648.0000000,0.5523448,-0.5943022,3.5648162,1.4356508,-0.9691987,-1.5859551
649.0000000,0.5521855,-0.5944295,3.5637522,1.4420348,-0.9673423,-1.5774974
650.0000000,0.5520074,-0.5943078,3.5639508,1.4477145,-0.9758643,-1.5783499
651.0000000,0.5519273,-0.5945330,3.5641199,1.4510877,-0.9821605,-1.5761641
652.0000000,0.5520022,-0.5951912,3.5635364,1.4585014,-0.9905276,-1.5671056
653.0000000,0.5517721,-0.5954608,3.5634016,1.4647239,-0.9989587,-1.5655359
654.0000000,0.5516336,-0.5934561,3.5639392,1.4577415,-1.0259547,-1.5677122
655.0000000,0.5513172,-0.5934817,3.5637405,1.4538218,-1.0300614,-1.5670358
656.0000000,0.5502043,-0.5943215,3.5661095,1.4564801,-1.0339384,-1.5703143
657.0000000,0.5509880,-0.5937446,3.5648361,1.4569240,-1.0447391,-1.5720633
658.0000000,0.5511825,-0.5942476,3.5645792,1.4602789,-1.0533717,-1.5697670
659.0000000,0.5513766,-0.5942290,3.5659579,1.4694782,-1.0762970,-1.5690884
660.0000000,0.5511401,-0.5952153,3.5686869,1.4843250,-1.0923855,-1.5784045
661.0000000,0.5513132,-0.5950835,3.5707330,1.4937458,-1.1276027,-1.5797406
662.0000000,0.5523818,-0.5946519,3.5692554,1.4958759,-1.1499227,-1.5813727
663.0000000,0.5529964,-0.5947443,3.5704769,1.4983156,-1.1770137,-1.5831931
664.0000000,0.5546198,-0.5925474,3.5710731,1.4950112,-1.2318169,-1.5835887
665.0000000,0.5557694,-0.5904179,3.5703491,1.4932542,-1.2766770,-1.5766932
666.0000000,0.5560236,-0.5898197,3.5707414,1.4887964,-1.3113294,-1.5754358
667.0000000,0.5563345,-0.5872880,3.5716319,1.4846979,-1.3554297,-1.5746435
668.0000000,0.5576594,-0.5849319,3.5680622,1.4788281,-1.3874954,-1.5615689
669.0000000,0.5582061,-0.5828435,3.5679064,1.4739308,-1.4234166,-1.5511341
670.0000000,0.5564194,-0.5840743,3.5734223,1.4958825,-1.4338451,-1.5745520
671.0000000,0.5579967,-0.5820440,3.5725397,1.4838445,-1.4659693,-1.5735605
672.0000000,0.5594206,-0.5823394,3.5716384,1.4763208,-1.4870495,-1.5559185
673.0000000,0.5609012,-0.5822005,3.5709524,1.4794652,-1.5119938,-1.5688188
674.0000000,0.5616724,-0.5825223,3.5732102,1.4772108,-1.5381029,-1.5872482
675.0000000,0.5631309,-0.5824134,3.5740853,1.4645538,-1.5649306,-1.5874938
676.0000000,0.5643053,-0.5825001,3.5765518,1.4587308,-1.5933630,-1.5882655
677.0000000,0.5679202,-0.5805345,3.5751942,1.4478210,-1.6411729,-1.5727031
678.0000000,0.5719402,-0.5784677,3.5708257,1.4289022,-1.6784928,-1.5408185
679.0000000,0.5744736,-0.5769960,3.5717360,1.4163415,-1.7146710,-1.5206617
680.0000000,0.5769861,-0.5759146,3.5711368,1.4042695,-1.7456769,-1.5080893
681.0000000,0.5787613,-0.5754572,3.5715055,1.3939015,-1.7651283,-1.5242708
682.0000000,0.5812006,-0.5742307,3.5712179,1.3915579,-1.8026607,-1.5038193
683.0000000,0.5828764,-0.5734499,3.5725088,1.3846614,-1.8255401,-1.5189318
684.0000000,0.5865643,-0.5715966,3.5707994,1.3674238,-1.8535673,-1.5056133
685.0000000,0.5909390,-0.5703850,3.5679013,1.3526786,-1.8810758,-1.4730288
686.0000000,0.5969713,-0.5710707,3.5603021,1.3449446,-1.8842399,-1.3981796
687.0000000,0.6026881,-0.5695841,3.5565702,1.3338931,-1.9247331,-1.3328566
688.0000000,0.6049857,-0.5687377,3.5612845,1.3157013,-1.9528112,-1.3606055
689.0000000,0.6076000,-0.5692050,3.5623662,1.3061632,-1.9669576,-1.3625416
690.0000000,0.6106260,-0.5697320,3.5644343,1.2940718,-1.9911941,-1.3707754
691.0000000,0.6132007,-0.5705827,3.5681718,1.2795598,-2.0153813,-1.3963367
692.0000000,0.6149294,-0.5716798,3.5720220,1.2674911,-2.0377854,-1.4284420
693.0000000,0.6171880,-0.5724652,3.5728198,1.2583305,-2.0552531,-1.4264178
694.0000000,0.6184435,-0.5740741,3.5745412,1.2583245,-2.0718418,-1.4183899
695.0000000,0.6204023,-0.5748646,3.5739936,1.2542611,-2.0905077,-1.4094020
696.0000000,0.6227098,-0.5749761,3.5724881,1.2462598,-2.1085060,-1.3990980
697.0000000,0.6240735,-0.5751140,3.5717156,1.2413596,-2.1251413,-1.3917311
698.0000000,0.6249170,-0.5755831,3.5715272,1.2474527,-2.1457914,-1.3937056
699.0000000,0.6257312,-0.5758353,3.5704104,1.2488566,-2.1570715,-1.3809356
700.0000000,0.6257813,-0.5756556,3.5703086,1.2452300,-2.1684842,-1.3751938
701.0000000,0.6258960,-0.5759686,3.5691121,1.2475290,-2.1809650,-1.3672462
702.0000000,0.6260707,-0.5761865,3.5691274,1.2448272,-2.1914841,-1.3616620
703.0000000,0.6257732,-0.5766056,3.5705611,1.2402299,-2.2101985,-1.3597018
704.0000000,0.6267321,-0.5764464,3.5682002,1.2367784,-2.2298660,-1.3548653
705.0000000,0.6267624,-0.5764892,3.5680760,1.2347989,-2.2483375,-1.3482993
706.0000000,0.6265521,-0.5770949,3.5694386,1.2283144,-2.2695152,-1.3411533
707.0000000,0.6272888,-0.5771325,3.5688850,1.2129285,-2.2914148,-1.3386689
708.0000000,0.6280916,-0.5769651,3.5687625,1.2024183,-2.3128505,-1.3340169
709.0000000,0.6295209,-0.5764983,3.5677948,1.1936184,-2.3354924,-1.3253677
710.0000000,0.6300826,-0.5770756,3.5694664,1.1826795,-2.3592255,-1.3174953
711.0000000,0.6314936,-0.5766603,3.5687765,1.1704195,-2.3852144,-1.3094043
712.0000000,0.6323900,-0.5766367,3.5690495,1.1643878,-2.4087450,-1.2987574
713.0000000,0.6324224,-0.5774522,3.5708488,1.1578123,-2.4300078,-1.2894563
714.0000000,0.6335499,-0.5772297,3.5695885,1.1484888,-2.4494467,-1.2812346
715.0000000,0.6347678,-0.5769329,3.5711280,1.1385358,-2.4854952,-1.2697619
716.0000000,0.6354308,-0.5772489,3.5728849,1.1315981,-2.5151912,-1.2592739
717.0000000,0.6367908,-0.5771623,3.5716555,1.1198700,-2.5328212,-1.2471326
718.0000000,0.6363463,-0.5781794,3.5729032,1.1051290,-2.5189194,-1.2373895
719.0000000,0.6382418,-0.5778688,3.5717299,1.0849450,-2.5377496,-1.2299993
720.0000000,0.6398785,-0.5783378,3.5719430,1.0666166,-2.5570157,-1.2184046
721.0000000,0.6417251,-0.5791661,3.5724151,1.0476011,-2.5759944,-1.2039668
722.0000000,0.6435933,-0.5801127,3.5731199,1.0286890,-2.5965024,-1.1899759
723.0000000,0.6460330,-0.5813102,3.5727400,1.0107480,-2.6177042,-1.1695788
724.0000000,0.6481111,-0.5827612,3.5719925,0.9984428,-2.6393808,-1.1463641
725.0000000,0.6504753,-0.5841693,3.5713435,0.9766049,-2.6571418,-1.1217153
726.0000000,0.6533408,-0.5860502,3.5709116,0.9523189,-2.6796032,-1.0957652
727.0000000,0.6545327,-0.5873486,3.5721872,0.9293187,-2.6855379,-1.0984640
728.0000000,0.6554716,-0.5891764,3.5731633,0.9213471,-2.6918312,-1.0981375
729.0000000,0.6582694,-0.5909668,3.5739777,0.8978700,-2.7060520,-1.0776312
730.0000000,0.6626787,-0.5923990,3.5747134,0.8539541,-2.7210903,-1.0404538
731.0000000,0.6648989,-0.5937400,3.5749347,0.8338457,-2.7308060,-1.0274794
732.0000000,0.6663978,-0.5953211,3.5764612,0.8147728,-2.7490866,-1.0136888
733.0000000,0.6690080,-0.5960940,3.5746464,0.7899341,-2.7665148,-0.9995264
734.0000000,0.6708357,-0.5980903,3.5766464,0.7577228,-2.7822543,-0.9726489
735.0000000,0.6730561,-0.5987654,3.5754169,0.7318460,-2.8001615,-0.9515510
736.0000000,0.6751390,-0.5999299,3.5745911,0.7043920,-2.8138458,-0.9202329
737.0000000,0.6769254,-0.6007949,3.5742462,0.6760770,-2.8325858,-0.8912813
738.0000000,0.6779141,-0.6010506,3.5742875,0.6530000,-2.8617659,-0.8692435
739.0000000,0.6783366,-0.6010630,3.5741916,0.6337777,-2.8818012,-0.8591993
740.0000000,0.6780832,-0.6008967,3.5741621,0.6197794,-2.8928956,-0.8516964
741.0000000,0.6780059,-0.6007012,3.5737006,0.5973906,-2.9096280,-0.8409676
742.0000000,0.6778836,-0.6007105,3.5732191,0.5727533,-2.9338003,-0.8286806
743.0000000,0.6780372,-0.6005464,3.5730201,0.5483373,-2.9492873,-0.8148331
744.0000000,0.6778450,-0.6003077,3.5731272,0.5295771,-2.9598234,-0.7988829
745.0000000,0.6776466,-0.5999861,3.5731455,0.5141377,-2.9685078,-0.7860711
746.0000000,0.6773729,-0.5998704,3.5734478,0.4982910,-2.9769333,-0.7765336
747.0000000,0.6765621,-0.6003869,3.5753528,0.4828044,-2.9838964,-0.7672309
748.0000000,0.6772892,-0.6000969,3.5731374,0.4600539,-2.9923064,-0.7571035
749.0000000,0.6776662,-0.6004176,3.5731423,0.4339890,-3.0035294,-0.7451448
750.0000000,0.6768739,-0.6009897,3.5746837,0.4136031,-3.0079342,-0.7394691
751.0000000,0.6772428,-0.6006725,3.5724809,0.3953245,-3.0163765,-0.7377657
752.0000000,0.6773307,-0.6007383,3.5719168,-0.3719799,3.0317633,0.7310723
753.0000000,0.6774318,-0.6007059,3.5710992,-0.3476335,3.0262789,0.7168902
754.0000000,0.6767964,-0.6011107,3.5719463,-0.3334118,3.0297076,0.6984067
755.0000000,0.6771097,-0.6006032,3.5705371,-0.3145999,3.0303038,0.6797722
756.0000000,0.6767473,-0.6008701,3.5700462,-0.2967209,3.0311909,0.6565113
757.0000000,0.6766424,-0.6012312,3.5695663,-0.2837198,3.0394128,0.6290123
758.0000000,0.6764331,-0.6014717,3.5699121,-0.2633397,3.0412617,0.6122120
759.0000000,0.6753409,-0.6021903,3.5715765,-0.2407595,3.0429927,0.5933992
760.0000000,0.6750162,-0.6024874,3.5692489,-0.2178392,3.0594906,0.5735727
761.0000000,0.6742649,-0.6032169,3.5692129,-0.1927697,3.0709233,0.5569254
762.0000000,0.6731546,-0.6039679,3.5690761,-0.1610692,3.0680329,0.5420910
763.0000000,0.6721249,-0.6048956,3.5690584,-0.1389492,3.0674886,0.5266563
764.0000000,0.6709089,-0.6061122,3.5689747,-0.1367913,3.0848867,0.4932286
765.0000000,0.6696177,-0.6071895,3.5691174,-0.1278553,3.0883961,0.4744194
766.0000000,0.6677179,-0.6085765,3.5704517,-0.1277622,3.0959017,0.4545024
767.0000000,0.6671586,-0.6096367,3.5677421,-0.1043884,3.0930208,0.4290109
768.0000000,0.6657252,-0.6107659,3.5674137,-0.0834273,3.0886340,0.4054283
769.0000000,0.6632953,-0.6123115,3.5684127,-0.0685116,3.0934792,0.3794800
770.0000000,0.6616015,-0.6129305,3.5655381,-0.0642373,3.1129101,0.3513958
771.0000000,0.6599224,-0.6143095,3.5637047,-0.0343174,3.1110102,0.3229069
772.0000000,0.6572289,-0.6154205,3.5624830,-0.0331897,3.1268629,0.2872592
773.0000000,0.6549687,-0.6169865,3.5607989,-0.0017430,-3.1283412,-0.2619164
774.0000000,0.6532311,-0.6195533,3.5606145,0.0891067,3.1251183,0.2392019
775.0000000,0.6507313,-0.6210271,3.5575129,0.1245670,3.1235309,0.2194601
776.0000000,0.6476357,-0.6214516,3.5545447,0.1514466,3.1104809,0.2161866
777.0000000,0.6444209,-0.6211407,3.5509521,0.1349423,3.1117176,0.1994699
778.0000000,0.6409128,-0.6220537,3.5483757,0.1258225,3.1041553,0.1793002
779.0000000,0.6371591,-0.6226081,3.5457745,0.1375100,3.0913960,0.1765468
780.0000000,0.6338863,-0.6228907,3.5451868,0.1554920,3.0882859,0.1769103
781.0000000,0.6299970,-0.6207460,3.5449132,0.1296138,3.0964433,0.1823967
782.0000000,0.6276445,-0.6208434,3.5435016,0.1401536,3.1015218,0.1697916
783.0000000,0.6237681,-0.6223303,3.5428343,0.1431814,3.0945232,0.1540878
784.0000000,0.6210299,-0.6228005,3.5389042,0.1399759,3.0930932,0.1416764
785.0000000,0.6177094,-0.6243222,3.5386265,0.1561277,3.0831372,0.1354455
786.0000000,0.6151996,-0.6238513,3.5338320,0.1381735,3.0803474,0.1262040
787.0000000,0.6109083,-0.6236211,3.5331020,0.1415071,3.0587467,0.1313637
788.0000000,0.6081607,-0.6225146,3.5283831,0.1652560,3.0424704,0.1328509
789.0000000,0.6046836,-0.6229196,3.5274587,0.2064510,3.0266628,0.1333483
790.0000000,0.6013777,-0.6221991,3.5255848,0.2205151,3.0305242,0.1276040
791.0000000,0.5993803,-0.6219572,3.5236959,0.2629709,3.0294404,0.1382199
792.0000000,0.5963397,-0.6211152,3.5228261,0.2601775,3.0405238,0.1384843
793.0000000,0.5937548,-0.6213926,3.5224918,0.2859656,3.0450452,0.1401918
794.0000000,0.5912292,-0.6214470,3.5224470,0.3009029,3.0432635,0.1438095
795.0000000,0.5890532,-0.6219373,3.5226811,0.3211083,3.0440830,0.1423822
796.0000000,0.5867984,-0.6222773,3.5229942,0.3349076,3.0464925,0.1411205
797.0000000,0.5847275,-0.6222723,3.5223681,0.3276730,3.0598079,0.1354946
798.0000000,0.5831287,-0.6226501,3.5221380,0.3332379,3.0622628,0.1316672
799.0000000,0.5818157,-0.6233940,3.5225043,0.3395014,3.0695922,0.1209283
800.0000000,0.5803180,-0.6235194,3.5231166,0.3414662,3.0735541,0.1156400
801.0000000,0.5786057,-0.6233555,3.5235073,0.3255896,3.0773879,0.1116917
802.0000000,0.5773315,-0.6238437,3.5235763,0.3288654,3.0759592,0.1080294
803.0000000,0.5760114,-0.6243505,3.5241176,0.3301827,3.0782683,0.1034298
804.0000000,0.5748315,-0.6247164,3.5245941,0.3294945,3.0798730,0.0994949
805.0000000,0.5738688,-0.6249182,3.5250447,0.3267903,3.0820191,0.0961299
806.0000000,0.5730081,-0.6251075,3.5250862,0.3310578,3.0811632,0.0987296
807.0000000,0.5722971,-0.6253836,3.5253072,0.3448692,3.0745260,0.1064476
808.0000000,0.5716758,-0.6252118,3.5246453,0.3532935,3.0711613,0.1127062
809.0000000,0.5710075,-0.6252201,3.5249138,0.3594883,3.0714910,0.1150648
810.0000000,0.5702841,-0.6249899,3.5248120,0.3631500,3.0720043,0.1179211
811.0000000,0.5697439,-0.6248399,3.5247140,0.3674718,3.0730313,0.1168068
812.0000000,0.5689588,-0.6247311,3.5249608,0.3763691,3.0714353,0.1154510
813.0000000,0.5680225,-0.6240909,3.5252119,0.3770799,3.0749216,0.1136433
814.0000000,0.5666382,-0.6238935,3.5274554,0.3564832,3.0964235,0.0942281
815.0000000,0.5664937,-0.6235961,3.5252206,0.3510211,3.1136682,0.0686104
816.0000000,0.5657966,-0.6234739,3.5258096,-0.3581334,-3.1133133,-0.0556155
817.0000000,0.5649326,-0.6238118,3.5268701,-0.3929859,-3.1053050,-0.0470746
818.0000000,0.5647573,-0.6249893,3.5275774,-0.4009322,-3.0899658,-0.0047342
819.0000000,0.5645394,-0.6253175,3.5273085,-0.3950370,-3.0865529,0.0151949
820.0000000,0.5656683,-0.6275378,3.5284752,-0.4198204,-3.0667317,0.0451810
821.0000000,0.5650742,-0.6276248,3.5296938,-0.4115483,-3.0683665,0.0419640
822.0000000,0.5660548,-0.6284693,3.5279849,-0.4121943,-3.0650727,0.0534611
823.0000000,0.5658760,-0.6279396,3.5275249,-0.4007645,-3.0677395,0.0396271
824.0000000,0.5662282,-0.6285124,3.5282342,-0.4026448,-3.0639903,0.0312493
825.0000000,0.5658360,-0.6290011,3.5274893,-0.3722897,-3.0841433,0.0251497
826.0000000,0.5662217,-0.6306682,3.5272583,-0.3537657,-3.0887273,0.0424179
827.0000000,0.5663679,-0.6319045,3.5265546,-0.3474546,-3.0967347,0.0532856
828.0000000,0.5673642,-0.6327358,3.5263789,-0.3499625,-3.1025869,0.0611935
829.0000000,0.5677528,-0.6333599,3.5256698,0.3442274,3.1162177,-0.0380292
830.0000000,0.5670488,-0.6328748,3.5252200,0.3242218,3.0939791,-0.0143412
831.0000000,0.5672431,-0.6338581,3.5260200,0.3442167,3.0923741,-0.0153392
832.0000000,0.5670471,-0.6339762,3.5256070,0.3583181,3.0843679,-0.0040525
833.0000000,0.5668182,-0.6340721,3.5255828,0.3631904,3.0843246,-0.0058486
834.0000000,0.5670371,-0.6347281,3.5240147,0.3679266,3.0921278,-0.0173358
835.0000000,0.5667069,-0.6357212,3.5240656,0.3697983,3.0991094,-0.0290302
836.0000000,0.5655932,-0.6365482,3.5241595,0.3744736,3.1055457,-0.0386719
837.0000000,0.5642300,-0.6363232,3.5239978,0.3899303,3.1121348,-0.0377066
838.0000000,0.5626905,-0.6371439,3.5256351,-0.4053450,-3.1065200,0.0577951
839.0000000,0.5608022,-0.6365907,3.5254787,-0.3936753,-3.1058298,0.0870552
840.0000000,0.5595102,-0.6350501,3.5233874,-0.3583596,-3.0868377,0.1124764
841.0000000,0.5579991,-0.6339999,3.5227901,-0.3596821,-3.0919411,0.1002125
842.0000000,0.5571570,-0.6348625,3.5220309,-0.3827354,-3.0870309,0.1096261
843.0000000,0.5557363,-0.6351134,3.5214496,-0.3668629,-3.1009873,0.1248917
844.0000000,0.5549660,-0.6357008,3.5202396,-0.3611831,-3.1054889,0.1424690
845.0000000,0.5538785,-0.6386708,3.5251859,-0.3754347,-3.0723838,0.1788971
846.0000000,0.5527928,-0.6400917,3.5246366,-0.3823697,-3.0531007,0.2027019
847.0000000,0.5510752,-0.6438916,3.5240716,-0.4146639,-3.0311709,0.2410086
848.0000000,0.5498927,-0.6467073,3.5219920,-0.4710537,-3.0200095,0.2469186
849.0000000,0.5487008,-0.6464365,3.5220547,-0.4717136,-3.0125536,0.2369618
850.0000000,0.5441732,-0.6473399,3.5237728,-0.4163428,-3.0251974,0.2441826
851.0000000,0.5379984,-0.6497300,3.5230893,-0.3777060,-3.0131674,0.2563221
852.0000000,0.5286689,-0.6568955,3.5191816,-0.3976682,-2.9911054,0.3035496
853.0000000,0.5147157,-0.6685069,3.5182315,-0.4314751,-2.9635541,0.3682320
854.0000000,0.4980326,-0.6808455,3.5125813,-0.4610633,-2.9469930,0.4474324
855.0000000,0.4773536,-0.6940191,3.5072524,-0.5006841,-2.9426721,0.5240845
856.0000000,0.4535732,-0.7080108,3.5024551,-0.5457300,-2.9362204,0.5977169
857.0000000,0.4252782,-0.7236198,3.4969094,-0.6167808,-2.9460844,0.7015550
858.0000000,0.3939209,-0.7398154,3.4968088,-0.6828985,-2.9104513,0.8182294
859.0000000,0.3604503,-0.7513486,3.4959793,-0.7305464,-2.8898166,0.9021595
860.0000000,0.3215532,-0.7658429,3.4973761,-0.8308328,-2.8397833,1.0401324
861.0000000,0.2818246,-0.7756786,3.5028526,-0.9082008,-2.7398977,1.1560982
862.0000000,0.2415867,-0.7816213,3.5075800,-0.9783647,-2.6610802,1.2618337
863.0000000,0.1985359,-0.7840270,3.5136113,-1.0894819,-2.5667717,1.3676797
864.0000000,0.1579185,-0.7823666,3.5201225,-1.1815066,-2.4723966,1.4538540
865.0000000,0.1226473,-0.7770997,3.5273644,-1.2505555,-2.4007534,1.4813514
866.0000000,0.0888352,-0.7702483,3.5312519,-1.3354307,-2.3159667,1.5568686
867.0000000,0.0576820,-0.7618883,3.5378122,-1.4082640,-2.2033450,1.6105312
868.0000000,0.0351486,-0.7542027,3.5438349,-1.4446851,-2.1353424,1.6679109
869.0000000,0.0184288,-0.7475176,3.5461521,-1.4757197,-2.0760963,1.6838960
870.0000000,0.0069885,-0.7405105,3.5482537,-1.4743259,-2.0040879,1.7069198
871.0000000,0.0067382,-0.7356288,3.5492986,-1.4068914,-1.9869929,1.7066149
872.0000000,0.0067258,-0.7327952,3.5451949,-1.4085818,-1.9465250,1.7045095
873.0000000,0.0074959,-0.7305950,3.5407135,-1.4380815,-1.8781509,1.7241703
874.0000000,0.0205989,-0.7321780,3.5287823,-1.4421662,-1.9070959,1.6855105
875.0000000,0.0397401,-0.7331958,3.5163462,-1.4295285,-1.9563769,1.6418890
876.0000000,0.0572519,-0.7335142,3.5060635,-1.4280562,-1.9550332,1.6280426
877.0000000,0.0942588,-0.7340178,3.4918290,-1.3196791,-2.1147071,1.5165933
878.0000000,0.1209664,-0.7334110,3.4807382,-1.2875775,-2.1487990,1.4571395
879.0000000,0.1499052,-0.7319573,3.4690101,-1.2545977,-2.1983585,1.4133866
880.0000000,0.1804895,-0.7304419,3.4554025,-1.2353622,-2.2452925,1.3542579
881.0000000,0.2096548,-0.7260299,3.4456234,-1.2004348,-2.2633218,1.3088834
882.0000000,0.2414098,-0.7208656,3.4306810,-1.1813707,-2.2932780,1.2434947
883.0000000,0.2741756,-0.7145764,3.4181013,-1.1609031,-2.3219496,1.1791184
884.0000000,0.3081770,-0.7066363,3.4059668,-1.1323034,-2.3580989,1.1079159
885.0000000,0.3386068,-0.6993681,3.3907468,-1.1617647,-2.3827975,1.0641011
886.0000000,0.3713737,-0.6893314,3.3801939,-1.1438350,-2.4075645,1.0089126
887.0000000,0.4119897,-0.6729398,3.3730219,-1.0560895,-2.4932542,0.8804262
888.0000000,0.4432459,-0.6611809,3.3621534,-1.0453166,-2.5443347,0.8253616
889.0000000,0.4755802,-0.6473141,3.3524319,-1.0149914,-2.6278947,0.7518260
890.0000000,0.5053658,-0.6349849,3.3427142,-0.9697078,-2.6748747,0.7032731
891.0000000,0.5333591,-0.6244389,3.3338359,-0.9301907,-2.7189252,0.6675153
892.0000000,0.5595477,-0.6137987,3.3247718,-0.8932967,-2.7625485,0.6211010
893.0000000,0.5848970,-0.6030338,3.3125424,-0.8790143,-2.8142640,0.5593449
894.0000000,0.6080542,-0.5940821,3.3034149,-0.8544645,-2.8394479,0.4939304
895.0000000,0.6318517,-0.5859575,3.2904112,-0.8334125,-2.8606004,0.4451603
896.0000000,0.6543865,-0.5778304,3.2797321,-0.7987152,-2.8875290,0.3933742
897.0000000,0.6774707,-0.5702841,3.2709389,-0.7599218,-2.9202216,0.3253626
898.0000000,0.7005472,-0.5612816,3.2594415,-0.7214053,-2.9442028,0.2424309
899.0000000,0.7224441,-0.5532361,3.2508641,-0.7262532,-2.9625269,0.1534085
900.0000000,0.7451658,-0.5465269,3.2408827,-0.6547455,-2.9676388,0.1404194
901.0000000,0.7661107,-0.5378381,3.2333833,-0.5957955,-2.9841131,0.0922459
902.0000000,0.7864726,-0.5292146,3.2257817,-0.5545493,-2.9961328,0.0491694
903.0000000,0.8057399,-0.5208504,3.2184947,-0.5342703,-3.0010473,-0.0145421
904.0000000,0.8215296,-0.5136191,3.2100949,-0.4928139,-3.0085419,-0.0493375
905.0000000,0.8357201,-0.5089469,3.1993333,-0.4888927,-3.0212574,-0.0844366
906.0000000,0.8484635,-0.5059211,3.1875367,-0.4944587,-3.0286708,-0.1047915
907.0000000,0.8596256,-0.5030559,3.1772590,-0.5037320,-3.0228316,-0.1220042
908.0000000,0.8692024,-0.5001911,3.1619247,-0.5039078,-3.0773557,-0.1464693
909.0000000,0.8787627,-0.4953074,3.1450816,0.4815685,3.0762030,0.1784129
910.0000000,0.8878157,-0.4904466,3.1284938,0.4500123,3.0241023,0.2179379
