0.0000000,5.8121090,-0.1556679,2.5448025,-0.2259234,-0.1666561,-0.2495468
1.0000000,5.5820317,-0.1691384,2.4809717,-0.2946769,-0.0740089,-0.2485348
2.0000000,5.4921740,-0.1805593,2.4599612,-0.3327507,-0.0020236,-0.2256857
3.0000000,5.4063931,-0.1843683,2.4401747,-0.3438893,-0.0022769,-0.2474584
4.0000000,5.3152413,-0.1769923,2.4204332,-0.3471745,0.0116043,-0.2753225
5.0000000,5.2230343,-0.1586803,2.3923321,-0.3557405,0.0307474,-0.2794843
6.0000000,5.1256500,-0.1432505,2.3642013,-0.3350225,0.0347110,-0.2774890
7.0000000,5.0250987,-0.1325059,2.3321346,-0.2637127,0.0809151,-0.2479340
8.0000000,4.9307473,-0.1180331,2.3023838,-0.3382448,0.1361422,-0.2069331
9.0000000,4.8355634,-0.1194388,2.2774094,-0.3756762,0.1778435,-0.1664873
10.0000000,4.7029183,-0.1365092,2.2418197,-0.4249421,0.2100126,-0.0705424
11.0000000,4.6128228,-0.1506354,2.2219319,-0.4442051,0.1926757,-0.0143976
12.0000000,4.5176654,-0.1576829,2.2028331,-0.4643812,0.1559850,-0.0243350
13.0000000,4.4236295,-0.1524212,2.1905771,-0.4783970,0.1468551,0.0007002
14.0000000,4.3743867,-0.1475354,2.1841013,-0.4638538,0.1480222,-0.0037356
15.0000000,4.3277994,-0.1377447,2.1814156,-0.4936382,0.1806191,0.0147137
16.0000000,4.2244002,-0.1262813,2.1678642,-0.4615104,0.1661734,0.0196595
17.0000000,4.1221461,-0.1223232,2.1625783,-0.4525897,0.1736153,0.0622602
18.0000000,4.0687673,-0.1228193,2.1637088,-0.4738395,0.1841287,0.0790057
19.0000000,4.0169252,-0.1274320,2.1621057,-0.4771524,0.1953295,0.0901804
20.0000000,3.9680767,-0.1358883,2.1620414,-0.4794591,0.2056851,0.0985351
21.0000000,3.9190331,-0.1487268,2.1630846,-0.4548715,0.2228841,0.0943622
22.0000000,0.6545739,-0.5507112,2.6482553,0.0164084,0.2056310,1.4297575
23.0000000,0.6601636,-0.5596375,2.6549581,0.0313624,0.1885729,1.4348839
24.0000000,0.6648755,-0.5674448,2.6623030,0.0369978,0.2001906,1.4348011
25.0000000,0.6688640,-0.5755210,2.6702617,0.0277993,0.1746565,1.4468580
26.0000000,0.6730664,-0.5843217,2.6774905,0.0118836,0.1522759,1.4435064
27.0000000,0.6793785,-0.5974050,2.6850600,0.0482206,0.1499831,1.4460762
28.0000000,0.6827495,-0.6064842,2.6916922,0.0446903,0.1145849,1.4450659
29.0000000,0.6867032,-0.6171072,2.6971483,0.0732577,0.1145494,1.4305342
30.0000000,0.6889944,-0.6222296,2.7032259,0.0530641,0.0969130,1.4292077
31.0000000,0.6915576,-0.6273465,2.7085729,0.0425689,0.0955055,1.4264214
32.0000000,0.6932874,-0.6303353,2.7125311,0.0276839,0.1048919,1.4177970
33.0000000,0.6941330,-0.6327693,2.7164979,0.0143899,0.1095507,1.4152622
34.0000000,0.6970050,-0.6361009,2.7209691,0.0284002,0.1414766,1.4200862
35.0000000,0.6983414,-0.6386470,2.7254454,0.0282653,0.1329011,1.4311908
36.0000000,0.7006629,-0.6412839,2.7292483,0.0267279,0.1332079,1.4405567
37.0000000,0.7014225,-0.6427771,2.7318376,0.0251222,0.1497013,1.4298093
38.0000000,0.7012475,-0.6430225,2.7343090,0.0117456,0.1396990,1.4300052
39.0000000,0.7026269,-0.6442695,2.7362348,0.0054078,0.1420039,1.4282099
40.0000000,0.7031078,-0.6453604,2.7387451,0.0067354,0.1452871,1.4187742
41.0000000,0.7034798,-0.6452118,2.7411724,0.0045826,0.1518968,1.4149715
42.0000000,0.7036960,-0.6443456,2.7440168,-0.0038933,0.1479710,1.4223653
43.0000000,0.7028368,-0.6415153,2.7473903,-0.0317810,0.1387781,1.4333236
44.0000000,0.7042561,-0.6446438,2.7493763,0.0077222,0.1504033,1.4254430
45.0000000,0.7038293,-0.6447878,2.7515849,0.0067276,0.1424738,1.4299390
46.0000000,0.7028787,-0.6442115,2.7535883,-0.0056227,0.1162444,1.4360011
47.0000000,0.7030561,-0.6449246,2.7556984,-0.0095533,0.0971788,1.4369606
48.0000000,0.7034357,-0.6458818,2.7573690,-0.0088604,0.0889505,1.4346300
49.0000000,0.7037747,-0.6462549,2.7585032,-0.0132189,0.0813947,1.4333945
50.0000000,0.7049730,-0.6471469,2.7588683,-0.0008509,0.0896091,1.4195978
51.0000000,0.7051938,-0.6464907,2.7597876,-0.0056199,0.0931229,1.4202919
52.0000000,0.7048695,-0.6451972,2.7612419,-0.0140888,0.0962372,1.4273799
53.0000000,0.7053261,-0.6440029,2.7620065,-0.0185067,0.1064291,1.4382079
54.0000000,0.7069349,-0.6442397,2.7629192,-0.0013571,0.1350306,1.4343476
55.0000000,0.7073152,-0.6433952,2.7640300,-0.0100737,0.1375034,1.4333516
56.0000000,0.7083573,-0.6440331,2.7654225,0.0007757,0.1484355,1.4311451
57.0000000,0.7076542,-0.6435198,2.7672479,-0.0031667,0.1522876,1.4280150
58.0000000,0.7065651,-0.6428782,2.7684562,0.0005669,0.1625108,1.4136947
59.0000000,0.7053819,-0.6427782,2.7698474,0.0156636,0.1772429,1.3983347
60.0000000,0.7037246,-0.6427231,2.7722199,0.0245591,0.1593746,1.4009569
61.0000000,0.7024417,-0.6421661,2.7742720,0.0255149,0.1346346,1.4163075
62.0000000,0.7016373,-0.6408335,2.7746205,0.0093945,0.1173368,1.4271272
63.0000000,0.7019825,-0.6400592,2.7748126,0.0101316,0.1218896,1.4333152
64.0000000,0.7039289,-0.6407276,2.7751706,0.0290456,0.1584397,1.4429596
65.0000000,0.7052002,-0.6407923,2.7770132,0.0464516,0.1820625,1.4742023
66.0000000,0.7059202,-0.6412857,2.7777606,0.0542173,0.1844347,1.4945792
67.0000000,0.7070007,-0.6412982,2.7784922,0.0531978,0.1911115,1.5156969
68.0000000,0.7082281,-0.6408173,2.7785699,0.0447514,0.1848718,1.5374178
69.0000000,0.7090404,-0.6394191,2.7782116,0.0274206,0.1821220,1.5487050
70.0000000,0.7090631,-0.6393837,2.7784131,0.0258865,0.1780212,1.5663737
71.0000000,0.7082503,-0.6397235,2.7776525,0.0285447,0.1560062,1.5701121
72.0000000,0.7063456,-0.6401068,2.7755541,0.0288472,0.1319514,1.5605859
73.0000000,0.7026772,-0.6408855,2.7727262,0.0207746,0.1074065,1.5484311
74.0000000,0.6949701,-0.6414256,2.7690281,-0.0089937,0.0701342,1.5199749
75.0000000,0.6833861,-0.6420002,2.7625598,-0.0521457,0.0391151,1.4627017
76.0000000,0.6660888,-0.6486138,2.7558788,-0.0535475,0.0030616,1.4139900
77.0000000,0.6427717,-0.6607921,2.7501462,-0.0138378,-0.0122879,1.3721108
78.0000000,0.6128533,-0.6742464,2.7455385,0.0166581,-0.0147780,1.3247432
79.0000000,0.5756965,-0.6890256,2.7406080,0.0342259,-0.0627123,1.2776030
80.0000000,0.5306079,-0.7049426,2.7357985,0.0680453,-0.1120613,1.1970758
81.0000000,0.4775643,-0.7230107,2.7307945,0.1404504,-0.1621750,1.0827132
82.0000000,0.4188342,-0.7341293,2.7318509,0.1702224,-0.1789032,0.9834338
83.0000000,0.3578200,-0.7474866,2.7358222,0.2390759,-0.2034612,0.8676374
84.0000000,0.2940984,-0.7624160,2.7470235,0.3465003,-0.2350264,0.7425816
85.0000000,0.2332711,-0.7686486,2.7656569,0.3988690,-0.2430149,0.6717816
86.0000000,0.1733232,-0.7733618,2.7907450,0.4671421,-0.2830496,0.6115305
87.0000000,0.1218071,-0.7735183,2.8237587,0.5311073,-0.3090614,0.6327756
88.0000000,0.0785890,-0.7866529,2.8691014,0.7806857,-0.4769355,0.6316783
89.0000000,0.0444474,-0.7869537,2.9226462,0.9821162,-0.6799762,0.6571607
90.0000000,0.4507246,-0.7928183,2.6639767,0.7398593,-0.1833946,0.8178446
91.0000000,0.5161138,-0.7480099,2.6941792,0.3322208,-0.1142619,1.4024861
92.0000000,0.5467560,-0.7366955,2.6989965,0.2856743,-0.1010684,1.4557949
93.0000000,0.5733099,-0.7268248,2.7039005,0.2486842,-0.0933487,1.4942764
94.0000000,0.5946255,-0.7181742,2.7109663,0.2120737,-0.0733611,1.5228589
95.0000000,0.6141238,-0.7108815,2.7162064,0.1899835,-0.0554766,1.5564304
96.0000000,0.6295977,-0.7039341,2.7236940,0.1572448,-0.0606523,1.5918111
97.0000000,0.6426215,-0.6976533,2.7309849,0.1418235,-0.0344590,1.6199588
98.0000000,0.6528907,-0.6913224,2.7390062,0.1278643,-0.0219504,1.6479942
99.0000000,0.6613774,-0.6856166,2.7452375,0.1191575,-0.0184080,1.6673215
100.0000000,0.6681314,-0.6810457,2.7509265,0.1135723,0.0003818,1.6789054
101.0000000,0.6730201,-0.6773611,2.7572889,0.1035709,0.0115649,1.6852653
102.0000000,0.6774781,-0.6740365,2.7585458,0.0929897,0.0065272,1.6879046
103.0000000,0.6811433,-0.6726986,2.7614201,0.1005319,0.0252444,1.6925333
104.0000000,0.6843894,-0.6713786,2.7646263,0.1022064,0.0401605,1.7031518
105.0000000,0.6867537,-0.6709654,2.7678921,0.1034125,0.0491150,1.7046402
106.0000000,0.6895702,-0.6690120,2.7680920,0.0935305,0.0478079,1.7148347
107.0000000,0.6913772,-0.6682839,2.7697004,0.0998767,0.0656217,1.7121987
108.0000000,0.6919587,-0.6672266,2.7714342,0.0976640,0.0699168,1.7063075
109.0000000,0.6922429,-0.6652826,2.7711499,0.0905842,0.0725402,1.6942665
110.0000000,0.6922641,-0.6624165,2.7696104,0.0798919,0.0742985,1.6794773
111.0000000,0.6908476,-0.6603622,2.7696609,0.0759873,0.0894366,1.6654952
112.0000000,0.6897395,-0.6586777,2.7703286,0.0774516,0.1188723,1.6512210
113.0000000,0.6876144,-0.6574291,2.7714703,0.0749189,0.1335476,1.6418623
114.0000000,0.6854928,-0.6561648,2.7725220,0.0631521,0.1305577,1.6355918
115.0000000,0.6832097,-0.6546654,2.7731122,0.0519078,0.1277735,1.6217938
116.0000000,0.6828687,-0.6547824,2.7741622,0.0731411,0.1432141,1.6121801
117.0000000,0.6824980,-0.6534827,2.7750739,0.0785985,0.1500436,1.6023129
118.0000000,0.6804225,-0.6492162,2.7751130,0.0489260,0.1444855,1.5806147
119.0000000,0.6799252,-0.6459821,2.7755232,0.0281095,0.1467791,1.5616665
120.0000000,0.6811016,-0.6456733,2.7762049,0.0512575,0.1667035,1.5488339
121.0000000,0.6804376,-0.6447579,2.7777441,0.0527582,0.1731358,1.5366047
122.0000000,0.6792758,-0.6409485,2.7752579,0.0247889,0.1838589,1.5010998
123.0000000,0.6786165,-0.6383789,2.7761406,0.0000875,0.1739893,1.4892519
124.0000000,0.6782277,-0.6369108,2.7778718,-0.0150893,0.1624974,1.4871711
125.0000000,0.6797550,-0.6365285,2.7785579,-0.0159846,0.1626354,1.4836673
126.0000000,0.6795154,-0.6326562,2.7806200,-0.0517185,0.1573131,1.4747606
127.0000000,0.6802464,-0.6308200,2.7860852,-0.0681610,0.1701315,1.4913929
128.0000000,0.6823685,-0.6297823,2.7856815,-0.0692988,0.1620658,1.4876336
129.0000000,0.6843264,-0.6304833,2.7862870,-0.0616821,0.1535578,1.4810666
130.0000000,0.6873565,-0.6322392,2.7869893,-0.0367492,0.1710693,1.4641889
131.0000000,0.6899998,-0.6333600,2.7897912,-0.0183619,0.1814924,1.4821972
132.0000000,0.6919923,-0.6368895,2.7898089,0.0209895,0.1800654,1.4747777
133.0000000,0.6933501,-0.6369847,2.7915491,0.0195921,0.1628664,1.4803369
134.0000000,0.6952837,-0.6302311,2.7910597,-0.0420501,0.1482472,1.4652477
135.0000000,0.6971624,-0.6272122,2.7921938,-0.0648450,0.1446714,1.4700392
136.0000000,0.6995800,-0.6261142,2.7940902,-0.0657887,0.1595901,1.4788685
137.0000000,0.7011008,-0.6261476,2.7957007,-0.0637787,0.1550122,1.4775688
138.0000000,0.7039871,-0.6266462,2.7933291,-0.0520810,0.1595266,1.4707790
139.0000000,0.7063360,-0.6278254,2.7951161,-0.0438764,0.1658082,1.4664437
140.0000000,0.7082999,-0.6309899,2.7961466,-0.0262058,0.1739250,1.4519919
141.0000000,0.7097659,-0.6331960,2.8004289,-0.0180146,0.1787798,1.4624640
142.0000000,0.7113569,-0.6358334,2.8043828,-0.0004399,0.1915492,1.4609320
143.0000000,0.7117696,-0.6375016,2.8070635,0.0120585,0.1948733,1.4561602
144.0000000,0.7110114,-0.6387662,2.8100096,0.0175594,0.1835070,1.4501727
145.0000000,0.7106197,-0.6395581,2.8122880,0.0204542,0.1767177,1.4447509
146.0000000,0.7108128,-0.6410990,2.8148943,0.0372231,0.1821961,1.4454415
147.0000000,0.7083838,-0.6413972,2.8184630,0.0280373,0.1647351,1.4453377
148.0000000,0.7073050,-0.6405259,2.8188542,0.0210906,0.1542001,1.4411023
149.0000000,0.7058268,-0.6394024,2.8193153,0.0196939,0.1693241,1.4166319
150.0000000,0.7043693,-0.6389843,2.8209379,0.0186392,0.1770118,1.4062137
151.0000000,0.7025101,-0.6377279,2.8223760,0.0080992,0.1826085,1.3923935
152.0000000,0.7005332,-0.6369425,2.8252145,-0.0018785,0.1892945,1.3862145
153.0000000,0.6988525,-0.6372614,2.8291421,-0.0038773,0.1975217,1.3822655
154.0000000,0.6974008,-0.6370152,2.8336407,-0.0125114,0.2079214,1.3762854
155.0000000,0.6963058,-0.6374928,2.8399063,-0.0205408,0.2115532,1.3769157
156.0000000,0.6956127,-0.6384828,2.8465871,-0.0226707,0.2264109,1.3703602
157.0000000,0.6946733,-0.6401389,2.8532271,-0.0215863,0.2245330,1.3733020
158.0000000,0.6932991,-0.6422194,2.8603640,-0.0164976,0.2191102,1.3794132
159.0000000,0.6910856,-0.6427284,2.8678695,-0.0212978,0.2023136,1.3915214
160.0000000,0.6887302,-0.6426896,2.8751504,-0.0265226,0.1812845,1.4091693
161.0000000,0.6872468,-0.6438963,2.8818378,-0.0045824,0.1910829,1.4105374
162.0000000,0.6850183,-0.6435221,2.8902293,-0.0065984,0.1881645,1.4221591
163.0000000,0.6842589,-0.6420588,2.8953736,-0.0098580,0.1930431,1.4321602
164.0000000,0.6828101,-0.6415311,2.9050374,-0.0090337,0.2064632,1.4441377
165.0000000,0.6826935,-0.6401627,2.9114383,-0.0089646,0.2147581,1.4576654
166.0000000,0.6817956,-0.6382370,2.9213091,-0.0228657,0.1994893,1.4816895
167.0000000,0.6814744,-0.6367419,2.9316989,-0.0350815,0.2035867,1.4902379
168.0000000,0.6815243,-0.6384044,2.9429663,-0.0203821,0.1963218,1.4990794
169.0000000,0.6808624,-0.6387174,2.9565006,-0.0200468,0.1827872,1.5118775
170.0000000,0.6801739,-0.6409369,2.9721184,-0.0137312,0.1890085,1.5177410
171.0000000,0.6806138,-0.6424251,2.9854177,-0.0069093,0.1888689,1.5242956
172.0000000,0.6790862,-0.6434264,3.0032868,-0.0105028,0.1823784,1.5279032
173.0000000,0.6808908,-0.6469326,3.0195199,0.0146717,0.1917437,1.5397950
174.0000000,0.6811552,-0.6477613,3.0352489,0.0107469,0.1934743,1.5420348
175.0000000,0.6824050,-0.6485336,3.0516793,0.0179153,0.2011538,1.5507144
176.0000000,0.6820867,-0.6471639,3.0671818,-0.0002534,0.1909609,1.5511814
177.0000000,0.6831381,-0.6483210,3.0867218,0.0068988,0.1876863,1.5589179
178.0000000,0.6840162,-0.6470819,3.1045029,-0.0018783,0.1900278,1.5542526
179.0000000,0.6854820,-0.6455270,3.1229655,-0.0113837,0.1752580,1.5535761
180.0000000,0.6872571,-0.6448433,3.1433725,-0.0129642,0.1731701,1.5423942
181.0000000,0.6900663,-0.6442008,3.1647226,-0.0098255,0.1672122,1.5272133
182.0000000,0.6930921,-0.6421447,3.1846470,-0.0144157,0.1578208,1.5161020
183.0000000,0.6952751,-0.6419467,3.2084838,-0.0133495,0.1477922,1.5135142
184.0000000,0.6973231,-0.6401223,3.2301987,-0.0185724,0.1377481,1.5087715
185.0000000,0.6991296,-0.6391681,3.2507408,-0.0146941,0.1477246,1.4994051
186.0000000,0.6999574,-0.6377238,3.2705767,-0.0201881,0.1472845,1.4992037
187.0000000,0.7025826,-0.6375647,3.2889552,-0.0062793,0.1877625,1.4833307
188.0000000,0.7036896,-0.6396577,3.3118944,0.0073303,0.2009549,1.4908812
189.0000000,0.7044611,-0.6405557,3.3331065,0.0085006,0.2132350,1.4975590
190.0000000,0.7048876,-0.6419883,3.3519737,0.0111728,0.2131323,1.4944670
191.0000000,0.7041960,-0.6438525,3.3709050,-0.0029888,0.1941033,1.4841459
192.0000000,0.7038360,-0.6486068,3.3920429,0.0159583,0.1916399,1.4748339
193.0000000,0.7015147,-0.6509165,3.4119382,0.0064322,0.1689581,1.4737151
194.0000000,0.7005541,-0.6522063,3.4303764,0.0093457,0.1759120,1.4683371
195.0000000,0.6963518,-0.6529305,3.4537443,-0.0178861,0.1397351,1.4888835
196.0000000,0.6935885,-0.6532477,3.4738169,-0.0250000,0.1466080,1.4842758
197.0000000,0.6897795,-0.6547970,3.4965523,-0.0195485,0.1421202,1.4951098
198.0000000,0.6855023,-0.6552687,3.5178699,-0.0229012,0.1350015,1.5059314
199.0000000,0.6809978,-0.6560066,3.5389544,-0.0233511,0.1196347,1.5155118
200.0000000,0.6760528,-0.6554375,3.5588373,-0.0253291,0.1109533,1.5179126
201.0000000,0.6704700,-0.6523961,3.5754889,-0.0379830,0.1150624,1.5083173
202.0000000,0.6632040,-0.6496996,3.5933139,-0.0435107,0.1113827,1.5183543
203.0000000,0.6560814,-0.6443658,3.6100332,-0.0507716,0.1347502,1.5085620
204.0000000,0.6470764,-0.6405883,3.6294501,-0.0414934,0.1344185,1.5113432
205.0000000,0.6383665,-0.6353371,3.6468066,-0.0317296,0.1393865,1.5204468
206.0000000,0.6292493,-0.6289536,3.6623077,-0.0235140,0.1468277,1.5145245
207.0000000,0.6188550,-0.6234437,3.6816251,-0.0164039,0.1394010,1.5150240
208.0000000,0.6092792,-0.6174351,3.6986715,-0.0216481,0.1492470,1.5106051
209.0000000,0.6005194,-0.6132830,3.7156607,-0.0164335,0.1597650,1.5016922
210.0000000,0.5924814,-0.6107105,3.7332891,-0.0136385,0.1636785,1.4933468
211.0000000,0.5851564,-0.6100055,3.7515280,-0.0093384,0.1727278,1.4887685
212.0000000,0.5789676,-0.6105760,3.7693706,-0.0058086,0.1765298,1.4935134
213.0000000,0.5749047,-0.6118728,3.7857724,0.0019249,0.1898876,1.4943668
214.0000000,0.5700793,-0.6120043,3.8048970,-0.0201903,0.2019339,1.4963735
215.0000000,0.5656424,-0.6170866,3.8395473,-0.0391463,0.1873358,1.4859957
216.0000000,0.5666304,-0.6235592,3.8598107,-0.0062858,0.1881525,1.5122940
217.0000000,0.5660086,-0.6281903,3.8795350,0.0039931,0.1783090,1.5169399
218.0000000,0.5668380,-0.6304727,3.8991665,-0.0009305,0.1748427,1.5199607
219.0000000,0.5680077,-0.6321188,3.9170935,-0.0034456,0.1683635,1.5231919
220.0000000,0.5696490,-0.6340634,3.9357460,-0.0084154,0.1618796,1.5249022
221.0000000,0.5722258,-0.6348779,3.9546691,-0.0070297,0.1557932,1.5242178
222.0000000,0.5746219,-0.6371890,3.9737331,0.0003058,0.1483211,1.5362125
223.0000000,0.5794244,-0.6360580,3.9908973,-0.0122313,0.1554289,1.5182101
224.0000000,0.5856600,-0.6354783,4.0065944,-0.0155614,0.1604080,1.5177170
225.0000000,0.5915654,-0.6338129,4.0245944,-0.0206637,0.1647289,1.5140003
226.0000000,0.5987892,-0.6337461,4.0396363,-0.0160834,0.1284053,1.5407794
227.0000000,0.6047144,-0.6317351,4.0569417,-0.0223781,0.1254038,1.5236308
228.0000000,0.6107850,-0.6299278,4.0729336,-0.0285847,0.1322670,1.5073452
229.0000000,0.6172562,-0.6284703,4.0901065,-0.0199581,0.1345789,1.5005453
230.0000000,0.6228240,-0.6269480,4.1085244,-0.0219046,0.1172779,1.5090160
231.0000000,0.6286132,-0.6280903,4.1258295,0.0034309,0.1223338,1.5247375
232.0000000,0.6334651,-0.6275010,4.1414979,0.0146794,0.1303496,1.5294160
233.0000000,0.6376126,-0.6256640,4.1566419,0.0052573,0.1337128,1.5360367
234.0000000,0.6417589,-0.6250863,4.1679567,0.0077211,0.1545441,1.5269835
235.0000000,0.6444335,-0.6254359,4.1807801,-0.0026218,0.1617121,1.5170645
236.0000000,0.6480348,-0.6254698,4.1900208,-0.0042481,0.1665367,1.5096032
237.0000000,0.6504521,-0.6252191,4.2000234,-0.0233625,0.1550811,1.5158705
238.0000000,0.6529844,-0.6277024,4.2118210,-0.0284441,0.1422810,1.5368323
239.0000000,0.6553764,-0.6298883,4.2187024,-0.0177464,0.1618230,1.5202175
240.0000000,0.6579013,-0.6310661,4.2237406,-0.0141260,0.1693112,1.5142383
241.0000000,0.6599872,-0.6326015,4.2283682,-0.0144930,0.1470032,1.5205745
242.0000000,0.6611302,-0.6345801,4.2326218,-0.0143556,0.1607732,1.5085852
243.0000000,0.6618054,-0.6342252,4.2338815,-0.0375693,0.1628928,1.5057225
244.0000000,0.6631234,-0.6348464,4.2326021,-0.0450029,0.1616908,1.5065559
245.0000000,0.6659906,-0.6367576,4.2266960,-0.0209901,0.1635693,1.5001826
246.0000000,0.6658545,-0.6383129,4.2234831,-0.0139108,0.1639868,1.4999930
247.0000000,0.6659372,-0.6368839,4.2164482,-0.0208357,0.1665647,1.5042811
248.0000000,0.6660640,-0.6350458,4.2083450,-0.0194971,0.1706682,1.5074228
249.0000000,0.6662741,-0.6331195,4.1978497,-0.0146238,0.1766249,1.5169806
250.0000000,0.6653779,-0.6301650,4.1853576,-0.0131627,0.1886179,1.4999734
251.0000000,0.6637075,-0.6280884,4.1735630,-0.0013668,0.1982792,1.5189264
252.0000000,0.6625652,-0.6258175,4.1608080,0.0007642,0.2262286,1.5148123
253.0000000,0.6601396,-0.6232686,4.1436600,-0.0069424,0.2217718,1.5192498
254.0000000,0.6589754,-0.6212422,4.1245469,0.0025997,0.2268765,1.5212739
255.0000000,0.6554866,-0.6198617,4.1077404,0.0024974,0.2189181,1.5223358
256.0000000,0.6525605,-0.6191946,4.0882219,0.0025616,0.1681875,1.5462091
257.0000000,0.6496520,-0.6176468,4.0671079,-0.0030166,0.1621582,1.5491194
258.0000000,0.6458519,-0.6185148,4.0474310,0.0003639,0.1805019,1.5301538
259.0000000,0.6423881,-0.6199993,4.0264706,0.0006368,0.1718578,1.5340253
260.0000000,0.6382742,-0.6216475,4.0034943,-0.0028582,0.1719096,1.5345435
261.0000000,0.6334884,-0.6251150,3.9826242,0.0016022,0.1732366,1.5333801
262.0000000,0.6290667,-0.6269494,3.9592689,-0.0025569,0.1835168,1.5319450
263.0000000,0.6247826,-0.6290437,3.9370063,-0.0044026,0.1833345,1.5331521
264.0000000,0.6206203,-0.6319553,3.9158680,-0.0000852,0.1838779,1.5351198
265.0000000,0.6165478,-0.6347882,3.8949485,-0.0003695,0.1846265,1.5387391
266.0000000,0.6130805,-0.6386663,3.8750365,0.0108470,0.1792614,1.5458262
267.0000000,0.6089084,-0.6406659,3.8558214,-0.0036785,0.1657627,1.5563960
268.0000000,0.6048374,-0.6436483,3.8372146,-0.0076166,0.1634808,1.5557024
269.0000000,0.6023221,-0.6458488,3.8160115,-0.0015985,0.1723087,1.5415294
270.0000000,0.5991609,-0.6485193,3.8010436,0.0006581,0.1535673,1.5541588
271.0000000,0.5973196,-0.6498604,3.7821281,0.0051376,0.1754633,1.5451629
272.0000000,0.5955644,-0.6516240,3.7668264,0.0096957,0.1784958,1.5530217
273.0000000,0.5931635,-0.6530292,3.7540643,0.0103790,0.1866442,1.5554387
274.0000000,0.5912957,-0.6529680,3.7397629,0.0005811,0.1940145,1.5526481
275.0000000,0.5906367,-0.6523738,3.7267407,-0.0124486,0.1797091,1.5729283
276.0000000,0.5892985,-0.6517760,3.7150922,-0.0289287,0.1762030,1.5814566
277.0000000,0.5881839,-0.6513985,3.7048179,-0.0371065,0.1877208,1.5853308
278.0000000,0.5874302,-0.6511751,3.6947270,-0.0395093,0.1913338,1.5850140
279.0000000,0.5871899,-0.6515085,3.6852769,-0.0308726,0.1882192,1.5899668
280.0000000,0.5869281,-0.6513771,3.6756473,-0.0263307,0.1882516,1.5972785
281.0000000,0.5865009,-0.6512543,3.6660557,-0.0087235,0.1965488,1.5894125
282.0000000,0.5857763,-0.6510029,3.6567979,0.0114970,0.1937503,1.5864844
283.0000000,0.5857012,-0.6526073,3.6472747,0.0490440,0.1854450,1.5758739
284.0000000,0.5848680,-0.6539127,3.6397275,0.0684826,0.1649988,1.5714214
285.0000000,0.5840220,-0.6539263,3.6325428,0.0731633,0.1627010,1.5644249
286.0000000,0.5847473,-0.6577952,3.6233348,0.1125961,0.1699687,1.5376735
287.0000000,0.5846846,-0.6612492,3.6180283,0.1466182,0.1857496,1.5243561
288.0000000,0.5853851,-0.6636159,3.6115788,0.1609255,0.1774965,1.5075129
289.0000000,0.5850861,-0.6679846,3.6078237,0.1911548,0.1677899,1.4951767
290.0000000,0.5846303,-0.6730137,3.6052012,0.2334013,0.1500884,1.4975152
291.0000000,0.5834219,-0.6777481,3.6039600,0.2667004,0.1399954,1.4995517
292.0000000,0.5835979,-0.6824983,3.5981807,0.3047732,0.1175925,1.5018248
293.0000000,0.5831666,-0.6874094,3.5958118,0.3485638,0.1184863,1.5111529
294.0000000,0.5798576,-0.6972672,3.5885981,0.4410854,0.1037773,1.4648505
295.0000000,0.5777416,-0.7019469,3.5869755,0.4865020,0.1056121,1.4701791
296.0000000,0.5748081,-0.7074372,3.5846063,0.5460152,0.1032450,1.4666372
297.0000000,0.5736208,-0.7108490,3.5835236,0.5756886,0.0844824,1.4773931
298.0000000,0.5725434,-0.7136110,3.5823541,0.6054171,0.0870445,1.4935761
299.0000000,0.5705781,-0.7174208,3.5830338,0.6393744,0.0842685,1.4982877
300.0000000,0.5698133,-0.7189745,3.5796928,0.6661989,0.0789791,1.5001083
301.0000000,0.5675077,-0.7219367,3.5777025,0.7060295,0.0824024,1.4900488
302.0000000,0.5652504,-0.7267356,3.5784559,0.7575773,0.0901885,1.4910549
303.0000000,0.5640981,-0.7298987,3.5744818,0.8094818,0.0942141,1.4827364
304.0000000,0.5641894,-0.7311978,3.5741684,0.8282188,0.0909049,1.4804894
305.0000000,0.5668254,-0.7288849,3.5703442,0.8301582,0.1048984,1.4818265
306.0000000,0.5675337,-0.7294406,3.5689447,0.8596802,0.1184470,1.4922484
307.0000000,0.5690079,-0.7288421,3.5673177,0.8854617,0.1334501,1.5045925
308.0000000,0.5718515,-0.7279048,3.5683160,0.9082099,0.1304022,1.5388086
309.0000000,0.5740499,-0.7266897,3.5680428,0.9351328,0.1343756,1.5570077
310.0000000,0.5759993,-0.7256044,3.5681877,0.9651890,0.1352980,1.5714618
311.0000000,0.5790246,-0.7224364,3.5640589,0.9834486,0.1431088,1.5651422
312.0000000,0.5812135,-0.7218882,3.5671059,1.0084283,0.1318019,1.5876203
313.0000000,0.5846934,-0.7193938,3.5658537,1.0240767,0.1246424,1.6060826
314.0000000,0.5866301,-0.7182149,3.5662465,1.0420990,0.1229214,1.6127990
315.0000000,0.5892262,-0.7164712,3.5652150,1.0520345,0.1323418,1.6168577
316.0000000,0.5905247,-0.7163121,3.5669814,1.0687107,0.1315511,1.6256474
317.0000000,0.5930824,-0.7143507,3.5649238,1.0799568,0.1327430,1.6176061
318.0000000,0.5939217,-0.7139354,3.5661048,1.0912847,0.1365758,1.6229954
319.0000000,0.5956094,-0.7128695,3.5645452,1.1012348,0.1404651,1.6299067
320.0000000,0.5970695,-0.7115656,3.5630201,1.1076749,0.1471608,1.6262363
321.0000000,0.5983694,-0.7100805,3.5608416,1.1184951,0.1680536,1.6275236
322.0000000,0.5997255,-0.7084153,3.5591978,1.1325068,0.1874459,1.6358247
323.0000000,0.5998142,-0.7067680,3.5590105,1.1488703,0.2009030,1.6397912
324.0000000,0.5997119,-0.7054285,3.5576501,1.1660379,0.1999623,1.6357491
325.0000000,0.5999699,-0.7038146,3.5556149,1.1823992,0.1992199,1.6372572
326.0000000,0.5991418,-0.7030207,3.5568926,1.1978227,0.2013161,1.6370846
327.0000000,0.5989966,-0.7023706,3.5545168,1.2162949,0.2004377,1.6334162
328.0000000,0.5987887,-0.7020329,3.5531289,1.2341950,0.2113699,1.6368870
329.0000000,0.5985141,-0.7018019,3.5521057,1.2562468,0.2227330,1.6440137
330.0000000,0.5971549,-0.7021127,3.5515562,1.2794645,0.2194145,1.6394416
331.0000000,0.5954814,-0.7027799,3.5518998,1.3036679,0.2068117,1.6302412
332.0000000,0.5939260,-0.7026893,3.5527372,1.3252321,0.2021354,1.6210044
333.0000000,0.5918067,-0.7032181,3.5547692,1.3426574,0.1982269,1.6118836
334.0000000,0.5911384,-0.7026644,3.5536250,1.3581577,0.1939738,1.6044937
335.0000000,0.5903208,-0.7019466,3.5547199,1.3718366,0.1909985,1.5977919
336.0000000,0.5890141,-0.7015462,3.5557411,1.3900500,0.1837630,1.5877500
337.0000000,0.5882773,-0.7013804,3.5574571,1.4048452,0.1733698,1.5848975
338.0000000,0.5868957,-0.7014388,3.5607949,1.4137326,0.1648106,1.5804804
339.0000000,0.5868149,-0.7012185,3.5613534,1.4136102,0.1602099,1.5760150
340.0000000,0.5882559,-0.7002654,3.5600137,1.4020633,0.1605373,1.5712967
341.0000000,0.5893357,-0.7000760,3.5605884,1.3860972,0.1629118,1.5628744
342.0000000,0.5906734,-0.7005370,3.5624089,1.3688987,0.1665592,1.5549484
343.0000000,0.5928698,-0.7004296,3.5614012,1.3523135,0.1771147,1.5505067
344.0000000,0.5945315,-0.7008721,3.5604517,1.3442748,0.1875068,1.5426823
345.0000000,0.5973620,-0.7009369,3.5601103,1.3342694,0.1850888,1.5418595
346.0000000,0.5993221,-0.7011489,3.5608540,1.3291240,0.1832025,1.5382644
347.0000000,0.6017203,-0.7009823,3.5608465,1.3222010,0.1841781,1.5395997
348.0000000,0.6029539,-0.7016933,3.5635279,1.3188841,0.1793757,1.5419548
349.0000000,0.6050940,-0.7016346,3.5625795,1.3145405,0.1753791,1.5448588
350.0000000,0.6071754,-0.7022340,3.5639018,1.3018791,0.1716755,1.5481050
351.0000000,0.6083376,-0.7033546,3.5662188,1.2905087,0.1680920,1.5456859
352.0000000,0.6098046,-0.7046939,3.5663638,1.2831317,0.1682413,1.5495228
353.0000000,0.6118333,-0.7058257,3.5665381,1.2702837,0.1728855,1.5545284
354.0000000,0.6137426,-0.7071271,3.5669166,1.2553360,0.1739365,1.5530547
355.0000000,0.6159976,-0.7075481,3.5650617,1.2413499,0.1790236,1.5520480
356.0000000,0.6166935,-0.7086172,3.5663767,1.2343358,0.1821143,1.5559080
357.0000000,0.6169090,-0.7089528,3.5651050,1.2510259,0.1902024,1.5767833
358.0000000,0.6165724,-0.7089242,3.5663580,1.2593412,0.1954330,1.5786920
359.0000000,0.6164861,-0.7084532,3.5664425,1.2706704,0.1880575,1.5676235
360.0000000,0.6155396,-0.7080956,3.5663104,1.2951563,0.1849295,1.5691291
361.0000000,0.6141889,-0.7076353,3.5645533,1.3274977,0.1822309,1.5754106
362.0000000,0.6114442,-0.7082547,3.5664604,1.3557530,0.1772307,1.5756520
363.0000000,0.6093624,-0.7086525,3.5665445,1.3785249,0.1733129,1.5733152
364.0000000,0.6076121,-0.7089047,3.5653937,1.4046770,0.1701761,1.5780762
365.0000000,0.6069009,-0.7083639,3.5629703,1.4283654,0.1704778,1.5853111
366.0000000,0.6053152,-0.7083439,3.5638558,1.4521983,0.1684250,1.5889209
367.0000000,0.6044466,-0.7073144,3.5627979,1.4729575,0.1711030,1.5914847
368.0000000,0.6037552,-0.7062334,3.5620829,1.4896995,0.1707840,1.5929365
369.0000000,0.6031625,-0.7053627,3.5607237,1.5067561,0.1693105,1.5887336
370.0000000,0.6025147,-0.7045994,3.5598301,1.5208643,0.1649864,1.5922185
371.0000000,0.6016254,-0.7037463,3.5597674,1.5366762,0.1551564,1.5905101
372.0000000,0.6014087,-0.7018729,3.5581302,1.5583685,0.1491191,1.5977626
373.0000000,0.6018660,-0.7004937,3.5585411,1.5750303,0.1447446,1.6148423
374.0000000,0.6033223,-0.6986953,3.5558566,1.5872115,0.1378308,1.6187680
375.0000000,0.6038094,-0.6974725,3.5556040,1.5981763,0.1362085,1.6248955
376.0000000,0.6041231,-0.6968831,3.5569352,1.6093283,0.1347187,1.6322674
377.0000000,0.6046641,-0.6957895,3.5552093,1.6215479,0.1365521,1.6388597
378.0000000,0.6053567,-0.6946536,3.5537170,1.6307098,0.1394689,1.6467427
379.0000000,0.6056683,-0.6933017,3.5510237,1.6443399,0.1457058,1.6450030
380.0000000,0.6065698,-0.6915820,3.5478953,1.6530557,0.1549154,1.6430538
381.0000000,0.6062284,-0.6913770,3.5482827,1.6616292,0.1600410,1.6428548
382.0000000,0.6057019,-0.6908976,3.5478864,1.6737454,0.1710939,1.6448485
383.0000000,0.6059425,-0.6899695,3.5458241,1.6825041,0.1898899,1.6547480
384.0000000,0.6064103,-0.6894690,3.5454262,1.6843461,0.2067854,1.6589157
385.0000000,0.6064398,-0.6891667,3.5461933,1.6904791,0.2122194,1.6683450
386.0000000,0.6066298,-0.6886529,3.5460894,1.6889995,0.2038919,1.6526597
387.0000000,0.6080384,-0.6872330,3.5444655,1.6854723,0.1945063,1.6365139
388.0000000,0.6085124,-0.6847517,3.5428569,1.7001856,0.1912337,1.6365238
389.0000000,0.6090946,-0.6833220,3.5410154,1.7253070,0.1809947,1.6484101
390.0000000,0.6096053,-0.6815774,3.5405207,1.7494634,0.1889036,1.6716054
391.0000000,0.6119661,-0.6793107,3.5374486,1.7739519,0.1925352,1.7077535
392.0000000,0.6132555,-0.6782048,3.5370830,1.7940276,0.1713053,1.7232338
393.0000000,0.6121802,-0.6759973,3.5366570,1.8275728,0.1643984,1.7228203
394.0000000,0.6110728,-0.6736996,3.5355789,1.8612418,0.1626044,1.7299045
395.0000000,0.6092317,-0.6722127,3.5357563,1.8837667,0.1602320,1.7214585
396.0000000,0.6073608,-0.6700671,3.5333120,1.9123633,0.1488695,1.7239690
397.0000000,0.6044645,-0.6692145,3.5352595,1.9351838,0.1325557,1.7325213
398.0000000,0.6027765,-0.6680466,3.5334877,1.9511491,0.1188923,1.7332163
399.0000000,0.5999992,-0.6675671,3.5339185,1.9703286,0.0981006,1.7280705
400.0000000,0.5958903,-0.6677637,3.5358676,1.9920560,0.0703159,1.7127740
401.0000000,0.5925698,-0.6669927,3.5353913,2.0164905,0.0510374,1.7071376
402.0000000,0.5890026,-0.6657164,3.5346439,2.0412900,0.0339175,1.6939032
403.0000000,0.5853648,-0.6645871,3.5349174,2.0639565,0.0183202,1.6787871
404.0000000,0.5822787,-0.6635705,3.5349353,2.0882187,0.0116504,1.6698972
405.0000000,0.5807979,-0.6631021,3.5349509,2.1025637,0.0254632,1.6726229
406.0000000,0.5770295,-0.6612673,3.5348704,2.1390866,0.0433886,1.6711406
407.0000000,0.5753188,-0.6602341,3.5347362,2.1548911,0.0630648,1.6700335
408.0000000,0.5714233,-0.6580594,3.5343629,2.1855764,0.0778587,1.6644138
409.0000000,0.5701399,-0.6579163,3.5344455,2.1810935,0.0911233,1.6593586
410.0000000,0.5666111,-0.6567605,3.5357404,2.1932867,0.0998004,1.6396919
411.0000000,0.5642762,-0.6556652,3.5372053,2.1933793,0.1103673,1.6265542
412.0000000,0.5618691,-0.6558924,3.5396440,2.1986703,0.1044867,1.6192180
413.0000000,0.5626934,-0.6559197,3.5384119,2.1964100,0.0966996,1.6130707
414.0000000,0.5610397,-0.6535161,3.5402833,2.2153504,0.1093248,1.5869273
415.0000000,0.5601397,-0.6528329,3.5413562,2.2219332,0.1280120,1.5567632
416.0000000,0.5612710,-0.6520385,3.5404309,2.2162019,0.1262501,1.5503436
417.0000000,0.5606565,-0.6514286,3.5431320,2.2206277,0.1312645,1.5343724
418.0000000,0.5616314,-0.6510049,3.5422570,2.2154294,0.1338150,1.5302393
419.0000000,0.5619678,-0.6507961,3.5434335,2.2148284,0.1327105,1.5247487
420.0000000,0.5625131,-0.6504484,3.5447658,2.2151344,0.1267757,1.5211544
421.0000000,0.5633030,-0.6498122,3.5455453,2.2137819,0.1115880,1.5183355
422.0000000,0.5649447,-0.6492041,3.5464953,2.2038121,0.1027219,1.5167145
423.0000000,0.5668035,-0.6485953,3.5466456,2.1964473,0.0963834,1.5120515
424.0000000,0.5685441,-0.6476839,3.5470951,2.1956144,0.0913578,1.5130763
425.0000000,0.5697720,-0.6467643,3.5477785,2.2028009,0.0882323,1.5102656
426.0000000,0.5710635,-0.6464348,3.5477735,2.2072636,0.0897213,1.5072152
427.0000000,0.5718546,-0.6466581,3.5488989,2.2111010,0.0931519,1.5075754
428.0000000,0.5740335,-0.6460453,3.5462979,2.2158351,0.0957350,1.5171708
429.0000000,0.5761349,-0.6455694,3.5455144,2.2154924,0.1059903,1.5335966
430.0000000,0.5782700,-0.6457253,3.5450557,2.2134807,0.1137042,1.5477014
431.0000000,0.5806701,-0.6458043,3.5441628,2.2119647,0.1149489,1.5569832
432.0000000,0.5837052,-0.6455835,3.5430888,2.2025074,0.1180731,1.5668141
433.0000000,0.5882237,-0.6462300,3.5420577,2.1834383,0.1175070,1.5776786
434.0000000,0.5914700,-0.6458310,3.5401971,2.1738840,0.1188677,1.5930535
435.0000000,0.5978529,-0.6482404,3.5393718,2.1184852,0.1203918,1.5796662
436.0000000,0.6035573,-0.6514338,3.5398545,2.0598031,0.1417287,1.5840446
437.0000000,0.6033256,-0.6522927,3.5374408,2.0560659,0.1482663,1.5670467
438.0000000,0.6091123,-0.6551549,3.5388371,1.9928962,0.1565172,1.5931611
439.0000000,0.6135750,-0.6571531,3.5366877,1.9477665,0.1599147,1.5921920
440.0000000,0.6170726,-0.6594591,3.5376477,1.9022527,0.1679338,1.5934053
441.0000000,0.6212325,-0.6604637,3.5351574,1.8580530,0.1768602,1.5913978
442.0000000,0.6256530,-0.6616962,3.5339020,1.8075483,0.1748260,1.5842718
443.0000000,0.6299634,-0.6614227,3.5313669,1.7624705,0.1890966,1.5796993
444.0000000,0.6345093,-0.6609817,3.5286771,1.7170086,0.1965110,1.5800636
445.0000000,0.6394582,-0.6607209,3.5268105,1.6688199,0.1985104,1.5878255
446.0000000,0.6448112,-0.6600225,3.5250980,1.6223400,0.2026268,1.6047141
447.0000000,0.6481993,-0.6594489,3.5237024,1.5876252,0.2060838,1.6086673
448.0000000,0.6503654,-0.6584084,3.5219282,1.5632447,0.2191702,1.6059388
449.0000000,0.6534350,-0.6579971,3.5219620,1.5238242,0.2258102,1.6114439
450.0000000,0.6566050,-0.6562717,3.5187294,1.4812098,0.2286472,1.6107564
451.0000000,0.6592021,-0.6551356,3.5176932,1.4460236,0.2316347,1.6137805
452.0000000,0.6613176,-0.6549141,3.5191892,1.4081741,0.2303371,1.6208850
453.0000000,0.6646750,-0.6535528,3.5172370,1.3640610,0.2282044,1.6242616
454.0000000,0.6681759,-0.6523947,3.5175694,1.3190958,0.2332515,1.6405067
455.0000000,0.6709759,-0.6508729,3.5170107,1.2717228,0.2420677,1.6515814
456.0000000,0.6729987,-0.6496946,3.5182807,1.2184615,0.2371162,1.6496477
457.0000000,0.6739616,-0.6491810,3.5189175,1.1727563,0.2406700,1.6440205
458.0000000,0.6736844,-0.6493669,3.5204114,1.1250487,0.2407084,1.6289089
459.0000000,0.6739149,-0.6487490,3.5187309,1.0805751,0.2519910,1.6181461
460.0000000,0.6727381,-0.6495777,3.5184323,1.0450834,0.2581872,1.6056356
461.0000000,0.6725602,-0.6495035,3.5180904,0.9973086,0.2560124,1.5917697
462.0000000,0.6708121,-0.6494589,3.5189694,0.9480738,0.2617200,1.5722483
463.0000000,0.6692266,-0.6490034,3.5172290,0.8949157,0.2606078,1.5454361
464.0000000,0.6673975,-0.6496023,3.5147875,0.8607554,0.2628388,1.5294892
465.0000000,0.6653044,-0.6496410,3.5146212,0.8167075,0.2579972,1.5182416
466.0000000,0.6629632,-0.6493536,3.5147739,0.7758530,0.2535892,1.5064981
467.0000000,0.6599159,-0.6515838,3.5156136,0.7536386,0.2467490,1.5051172
468.0000000,0.6569324,-0.6534888,3.5163748,0.7236714,0.2415622,1.4934727
469.0000000,0.6534750,-0.6560156,3.5178382,0.6952003,0.2388190,1.4772256
470.0000000,0.6512611,-0.6572969,3.5175714,0.6610896,0.2403022,1.4702983
471.0000000,0.6480234,-0.6605309,3.5185238,0.6411100,0.2415243,1.4513123
472.0000000,0.6455479,-0.6614745,3.5198072,0.6025884,0.2437481,1.4372335
473.0000000,0.6425180,-0.6643996,3.5228148,0.5798666,0.2319587,1.4252396
474.0000000,0.6399267,-0.6652527,3.5233364,0.5449138,0.2221565,1.4051992
475.0000000,0.6376779,-0.6670505,3.5225133,0.5261159,0.2250270,1.3869983
476.0000000,0.6353500,-0.6673605,3.5227720,0.4935288,0.2259874,1.3687399
477.0000000,0.6332333,-0.6686257,3.5246153,0.4704723,0.2238447,1.3621302
478.0000000,0.6318271,-0.6685345,3.5233046,0.4398738,0.2217801,1.3534770
479.0000000,0.6300883,-0.6693708,3.5256280,0.4133401,0.2163837,1.3546534
480.0000000,0.6297226,-0.6684976,3.5266501,0.3773797,0.2187086,1.3631820
481.0000000,0.6285183,-0.6696802,3.5293764,0.3626790,0.2133052,1.3640356
482.0000000,0.6281879,-0.6695064,3.5293390,0.3363326,0.2098618,1.3658421
483.0000000,0.6282258,-0.6704949,3.5308614,0.3225414,0.2051119,1.3694915
484.0000000,0.6275487,-0.6709313,3.5342664,0.2964572,0.1861879,1.3784946
485.0000000,0.6281524,-0.6702476,3.5336007,0.2680687,0.1968594,1.3809114
486.0000000,0.6287639,-0.6705129,3.5348333,0.2478414,0.1919219,1.3882148
487.0000000,0.6285672,-0.6713884,3.5372868,0.2259178,0.1601252,1.4035715
488.0000000,0.6295347,-0.6714247,3.5360673,0.2055577,0.1513758,1.4084915
489.0000000,0.6296759,-0.6721753,3.5395321,0.1877909,0.1701086,1.4196561
490.0000000,0.6309934,-0.6718485,3.5395586,0.1568093,0.1586274,1.4338730
491.0000000,0.6315620,-0.6716077,3.5402746,0.1269895,0.1671769,1.4345493
492.0000000,0.6318963,-0.6719971,3.5405651,0.1009893,0.1700795,1.4333698
493.0000000,0.6324573,-0.6722153,3.5413308,0.0700921,0.1589742,1.4409993
494.0000000,0.6338558,-0.6746382,3.5411316,0.0633202,0.1608430,1.4347508
495.0000000,0.6341341,-0.6750715,3.5419315,0.0360033,0.1470417,1.4397140
496.0000000,0.6343732,-0.6751990,3.5430419,0.0097727,0.1344369,1.4448200
497.0000000,0.6350043,-0.6753770,3.5438646,-0.0142064,0.1235981,1.4517741
498.0000000,0.6349537,-0.6743678,3.5448324,-0.0486873,0.1177052,1.4614602
499.0000000,0.6347828,-0.6733571,3.5451487,-0.0758447,0.1219092,1.4619470
500.0000000,0.6345294,-0.6718377,3.5451738,-0.1077694,0.1202757,1.4623328
501.0000000,0.6343045,-0.6701025,3.5450378,-0.1378476,0.1246692,1.4572330
502.0000000,0.6341095,-0.6681081,3.5455344,-0.1688203,0.1249923,1.4635532
503.0000000,0.6334603,-0.6653253,3.5463070,-0.2057122,0.1229244,1.4746740
504.0000000,0.6323805,-0.6614721,3.5458481,-0.2516200,0.1203603,1.4752126
505.0000000,0.6315677,-0.6580902,3.5460084,-0.2900215,0.1314216,1.4717153
506.0000000,0.6299679,-0.6558596,3.5475364,-0.3277581,0.1310819,1.4774521
507.0000000,0.6295428,-0.6529052,3.5457327,-0.3556424,0.1372671,1.4728307
508.0000000,0.6278055,-0.6507305,3.5472974,-0.3825350,0.1439112,1.4592650
509.0000000,0.6269898,-0.6479648,3.5457660,-0.4091167,0.1402985,1.4514973
510.0000000,0.6256485,-0.6461107,3.5465295,-0.4323534,0.1345861,1.4309126
511.0000000,0.6247203,-0.6436002,3.5453619,-0.4574325,0.1222464,1.4213952
512.0000000,0.6235852,-0.6422409,3.5467369,-0.4668564,0.1335298,1.3882678
513.0000000,0.6229951,-0.6400037,3.5453887,-0.4829353,0.1366254,1.3743455
514.0000000,0.6209676,-0.6381129,3.5463482,-0.5100828,0.1306085,1.3802336
515.0000000,0.6197190,-0.6355139,3.5445796,-0.5361679,0.1197337,1.3928783
516.0000000,0.6184111,-0.6343384,3.5450911,-0.5577561,0.1192252,1.3847183
517.0000000,0.6180623,-0.6323456,3.5433170,-0.5833281,0.1177564,1.3812199
518.0000000,0.6173761,-0.6308098,3.5424200,-0.6067137,0.1186752,1.3797909
519.0000000,0.6167552,-0.6300974,3.5440097,-0.6319831,0.1154758,1.3890405
520.0000000,0.6170490,-0.6283221,3.5438966,-0.6605001,0.1114413,1.4016393
521.0000000,0.6172011,-0.6269556,3.5452778,-0.6875148,0.1055404,1.4141824
522.0000000,0.6176498,-0.6256456,3.5462398,-0.7131898,0.1034307,1.4184702
523.0000000,0.6169600,-0.6236465,3.5472689,-0.7456222,0.1056389,1.4140224
524.0000000,0.6165242,-0.6222446,3.5475677,-0.7714924,0.1084699,1.4153854
525.0000000,0.6165571,-0.6216871,3.5480825,-0.7915476,0.1060430,1.4227902
526.0000000,0.6176844,-0.6218425,3.5479617,-0.8022776,0.1010684,1.4226493
527.0000000,0.6174512,-0.6220009,3.5502669,-0.8234121,0.1023366,1.4346947
528.0000000,0.6178300,-0.6216327,3.5502524,-0.8369270,0.1032565,1.4341041
529.0000000,0.6184497,-0.6210787,3.5477252,-0.8432199,0.0979329,1.4045149
530.0000000,0.6191304,-0.6211498,3.5482081,-0.8599737,0.0969148,1.4237529
531.0000000,0.6199119,-0.6218382,3.5485255,-0.8691795,0.0905441,1.4320300
532.0000000,0.6210666,-0.6226456,3.5474547,-0.8724899,0.0889024,1.4317346
533.0000000,0.6220663,-0.6233854,3.5465868,-0.8765530,0.0798428,1.4275303
534.0000000,0.6228034,-0.6234013,3.5478834,-0.8922446,0.0817472,1.4593112
535.0000000,0.6235874,-0.6233960,3.5493529,-0.8973667,0.0853813,1.4687212
536.0000000,0.6235266,-0.6237439,3.5502600,-0.9031345,0.0798943,1.4735592
537.0000000,0.6239960,-0.6231308,3.5478874,-0.9107405,0.0702191,1.4770305
538.0000000,0.6242452,-0.6227936,3.5471632,-0.9183080,0.0658925,1.4825823
539.0000000,0.6244006,-0.6222458,3.5473618,-0.9257681,0.0669376,1.4853228
540.0000000,0.6246834,-0.6216395,3.5475908,-0.9319213,0.0720599,1.4835019
541.0000000,0.6246374,-0.6209610,3.5476921,-0.9417274,0.0748723,1.4785781
542.0000000,0.6249852,-0.6203701,3.5472878,-0.9484538,0.0755131,1.4770929
543.0000000,0.6244667,-0.6200799,3.5467079,-0.9631292,0.0641145,1.4803340
544.0000000,0.6237423,-0.6206027,3.5475025,-0.9742398,0.0572385,1.4847866
545.0000000,0.6235971,-0.6205893,3.5471481,-0.9811912,0.0543107,1.4882779
546.0000000,0.6238861,-0.6198852,3.5450884,-0.9891483,0.0532624,1.4887086
547.0000000,0.6234336,-0.6198593,3.5458314,-0.9974154,0.0517933,1.4908279
548.0000000,0.6226201,-0.6196758,3.5480286,-1.0053356,0.0520387,1.4912078
549.0000000,0.6224566,-0.6191196,3.5480471,-1.0130353,0.0499754,1.4927636
550.0000000,0.6229882,-0.6181659,3.5464624,-1.0184850,0.0481750,1.4915843
551.0000000,0.6227651,-0.6178204,3.5463558,-1.0279442,0.0475912,1.4950114
552.0000000,0.6225421,-0.6175334,3.5460629,-1.0372528,0.0442982,1.4955054
553.0000000,0.6221228,-0.6174269,3.5474796,-1.0419186,0.0425191,1.4888645
554.0000000,0.6224713,-0.6161642,3.5459063,-1.0526779,0.0419870,1.4890264
555.0000000,0.6220460,-0.6155359,3.5481713,-1.0638242,0.0415624,1.4933078
556.0000000,0.6228225,-0.6134611,3.5478773,-1.0725646,0.0444543,1.4994969
557.0000000,0.6216855,-0.6118305,3.5487829,-1.0997600,0.0442712,1.5093351
558.0000000,0.6208456,-0.6099739,3.5501584,-1.1215854,0.0455410,1.5130525
559.0000000,0.6179264,-0.6077988,3.5517355,-1.1648803,0.0436236,1.5198297
560.0000000,0.6194725,-0.6058466,3.5516164,-1.1595329,0.0307336,1.5267758
561.0000000,0.6187706,-0.6049923,3.5519714,-1.1703010,0.0221057,1.5346614
562.0000000,0.6166842,-0.6045011,3.5525281,-1.1912450,0.0176687,1.5389395
563.0000000,0.6150596,-0.6043309,3.5519140,-1.2020819,0.0060934,1.5413738
564.0000000,0.6129596,-0.6041137,3.5520654,-1.2137965,0.0050981,1.5416151
565.0000000,0.6113443,-0.6034690,3.5528832,-1.2237319,0.0050564,1.5412659
566.0000000,0.6099844,-0.6023344,3.5534616,-1.2303176,0.0095602,1.5363477
567.0000000,0.6079361,-0.6010934,3.5547000,-1.2439819,0.0185917,1.5347515
568.0000000,0.6052103,-0.5997354,3.5548041,-1.2655435,0.0141642,1.5341174
569.0000000,0.6022620,-0.5986366,3.5548236,-1.2874337,0.0101170,1.5334675
570.0000000,0.5996678,-0.5980045,3.5551935,-1.3057170,0.0069458,1.5341235
571.0000000,0.5978172,-0.5976349,3.5557339,-1.3179152,0.0062749,1.5313487
572.0000000,0.5950534,-0.5973556,3.5568678,-1.3340079,0.0066437,1.5268428
573.0000000,0.5931232,-0.5960943,3.5555959,-1.3543764,0.0050645,1.5278388
574.0000000,0.5901937,-0.5957184,3.5574204,-1.3761892,0.0020937,1.5299095
575.0000000,0.5883799,-0.5945538,3.5560777,-1.3945722,0.0002320,1.5311132
576.0000000,0.5862219,-0.5935398,3.5563558,-1.4091829,-0.0001248,1.5323491
577.0000000,0.5835693,-0.5929064,3.5585879,-1.4199564,-0.0079413,1.5259236
578.0000000,0.5822556,-0.5911543,3.5570607,-1.4314640,-0.0114968,1.5234507
579.0000000,0.5801189,-0.5899453,3.5570422,-1.4487646,-0.0121353,1.5248087
580.0000000,0.5777283,-0.5889305,3.5592614,-1.4657279,-0.0086441,1.5302519
581.0000000,0.5761235,-0.5870898,3.5582213,-1.4839903,-0.0044111,1.5349286
582.0000000,0.5745580,-0.5858809,3.5584276,-1.5037997,-0.0023809,1.5407453
583.0000000,0.5723579,-0.5846401,3.5602469,-1.5278603,-0.0029887,1.5481318
584.0000000,0.5718153,-0.5827451,3.5586191,-1.5482841,-0.0035891,1.5533959
585.0000000,0.5706100,-0.5814699,3.5591278,-1.5669842,-0.0070311,1.5528451
586.0000000,0.5682781,-0.5806516,3.5609183,-1.5967748,-0.0108146,1.5599569
587.0000000,0.5678794,-0.5785819,3.5590267,-1.6196376,-0.0092067,1.5560189
588.0000000,0.5671279,-0.5775044,3.5592197,-1.6421599,-0.0118093,1.5627005
589.0000000,0.5650678,-0.5770105,3.5602203,-1.6787950,-0.0152817,1.5681785
590.0000000,0.5633476,-0.5767785,3.5602262,-1.7130224,-0.0197830,1.5719183
591.0000000,0.5622063,-0.5769647,3.5608708,-1.7383255,-0.0236113,1.5755872
592.0000000,0.5621614,-0.5774499,3.5596208,-1.7539549,-0.0457590,1.5894253
593.0000000,0.5656400,-0.5772806,3.5546009,-1.7375000,-0.0885982,1.6257177
594.0000000,0.5668783,-0.5774671,3.5529621,-1.7394070,-0.1063583,1.6460757
595.0000000,0.5644844,-0.5776657,3.5548785,-1.7727124,-0.0889673,1.6363093
596.0000000,0.5638664,-0.5769047,3.5580468,-1.7884264,-0.0670147,1.6224610
597.0000000,0.5640745,-0.5763876,3.5622956,-1.7927243,-0.0447242,1.6294806
598.0000000,0.5629165,-0.5754700,3.5623733,-1.8102819,-0.0406459,1.6304748
599.0000000,0.5626936,-0.5744277,3.5612244,-1.8236168,-0.0390385,1.6298781
600.0000000,0.5619977,-0.5736334,3.5621613,-1.8301136,-0.0390666,1.6197854
601.0000000,0.5643301,-0.5711958,3.5628099,-1.8160734,-0.0173861,1.6094753
602.0000000,0.5590475,-0.5714982,3.5613074,-1.8731883,-0.0232676,1.6330724
603.0000000,0.5578780,-0.5705961,3.5599515,-1.8951933,-0.0306355,1.6538515
604.0000000,0.5573714,-0.5697850,3.5599099,-1.9086697,-0.0324524,1.6555353
605.0000000,0.5571406,-0.5696251,3.5592689,-1.9245958,-0.0379542,1.6562400
606.0000000,0.5567713,-0.5696381,3.5595269,-1.9389274,-0.0362544,1.6509135
607.0000000,0.5562260,-0.5699406,3.5605741,-1.9521075,-0.0331177,1.6453389
608.0000000,0.5551667,-0.5703396,3.5606294,-1.9695572,-0.0321212,1.6487756
609.0000000,0.5530148,-0.5709913,3.5620344,-1.9904293,-0.0296733,1.6547762
610.0000000,0.5522330,-0.5707426,3.5599530,-2.0118645,-0.0273981,1.6605443
611.0000000,0.5513005,-0.5708770,3.5598928,-2.0273131,-0.0280379,1.6642878
612.0000000,0.5513132,-0.5706233,3.5596601,-2.0370483,-0.0332349,1.6669851
613.0000000,0.5510805,-0.5703053,3.5598001,-2.0517395,-0.0328346,1.6712728
614.0000000,0.5512598,-0.5700235,3.5598253,-2.0640086,-0.0322714,1.6687842
615.0000000,0.5502114,-0.5705791,3.5625486,-2.0826729,-0.0268841,1.6626064
616.0000000,0.5502198,-0.5706140,3.5603350,-2.1044596,-0.0204094,1.6733468
617.0000000,0.5495152,-0.5708145,3.5605692,-2.1220638,-0.0149524,1.6766859
618.0000000,0.5471020,-0.5718042,3.5644907,-2.1530270,0.0068613,1.6400361
619.0000000,0.5438471,-0.5739670,3.5700264,-2.1949257,0.0337946,1.5804360
620.0000000,0.5426683,-0.5749346,3.5713077,-2.2076797,0.0388921,1.5624615
621.0000000,0.5431981,-0.5751765,3.5715199,-2.2139873,0.0330338,1.5620660
622.0000000,0.5447061,-0.5752099,3.5702567,-2.2118812,0.0220247,1.5737033
623.0000000,0.5463815,-0.5752658,3.5658089,-2.2085939,-0.0019583,1.6037522
624.0000000,0.5465710,-0.5765123,3.5646752,-2.2256918,-0.0129635,1.6283858
625.0000000,0.5453117,-0.5785359,3.5657542,-2.2563012,-0.0077948,1.6105734
626.0000000,0.5444024,-0.5794395,3.5662018,-2.2840170,0.0008245,1.5929623
627.0000000,0.5438733,-0.5798573,3.5662374,-2.3078897,0.0080239,1.5991105
628.0000000,0.5426071,-0.5809128,3.5676122,-2.3282725,0.0149041,1.5988722
629.0000000,0.5421836,-0.5810229,3.5663973,-2.3480432,0.0273698,1.5977655
630.0000000,0.5406899,-0.5823669,3.5683481,-2.3696170,0.0366641,1.5810041
631.0000000,0.5404918,-0.5830405,3.5689986,-2.3741933,0.0407075,1.5716550
632.0000000,0.5398269,-0.5846938,3.5687784,-2.3865610,0.0380160,1.5878909
633.0000000,0.5412083,-0.5854050,3.5656682,-2.3967225,0.0315180,1.6046318
634.0000000,0.5428538,-0.5852090,3.5647640,-2.3944962,0.0236035,1.6137467
635.0000000,0.5429525,-0.5863632,3.5661521,-2.4151753,0.0178855,1.6030518
636.0000000,0.5438213,-0.5867875,3.5660187,-2.4199408,0.0264002,1.6043340
637.0000000,0.5436101,-0.5872339,3.5670952,-2.4324728,0.0237659,1.5976442
638.0000000,0.5441706,-0.5881516,3.5676310,-2.4476451,0.0293813,1.5980077
639.0000000,0.5450556,-0.5890136,3.5682350,-2.4593259,0.0344370,1.6017337
640.0000000,0.5442522,-0.5897036,3.5697388,-2.4801233,0.0506239,1.6179856
641.0000000,0.5468459,-0.5908034,3.5701023,-2.4912255,0.0525437,1.6110548
642.0000000,0.5478332,-0.5920838,3.5686631,-2.5061224,0.0513767,1.6283212
643.0000000,0.5492692,-0.5923101,3.5673647,-2.5125363,0.0520885,1.6493818
644.0000000,0.5502095,-0.5924070,3.5679029,-2.5104257,0.0520277,1.6672270
645.0000000,0.5515461,-0.5921409,3.5650440,-2.5169917,0.0498094,1.6736103
646.0000000,0.5517843,-0.5923669,3.5648934,-2.5269074,0.0454605,1.6753252
647.0000000,0.5509567,-0.5926659,3.5669117,-2.5405391,0.0453940,1.6705921
648.0000000,0.5504472,-0.5930659,3.5677915,-2.5610258,0.0515977,1.6622110
649.0000000,0.5507607,-0.5927682,3.5675668,-2.5740786,0.0601709,1.6515074
650.0000000,0.5505917,-0.5930951,3.5689382,-2.5858332,0.0598782,1.6436804
651.0000000,0.5508745,-0.5928042,3.5702174,-2.5934830,0.0701007,1.6377131
652.0000000,0.5507760,-0.5930499,3.5711003,-2.6051532,0.0809604,1.6370736
653.0000000,0.5508592,-0.5927762,3.5712750,-2.6128494,0.0883383,1.6403786
654.0000000,0.5511458,-0.5925792,3.5719693,-2.6202335,0.0935719,1.6478538
655.0000000,0.5520885,-0.5925460,3.5716635,-2.6288666,0.0953847,1.6562043
656.0000000,0.5532002,-0.5928179,3.5706940,-2.6399456,0.0948265,1.6704705
657.0000000,0.5540066,-0.5933449,3.5695928,-2.6514540,0.0832294,1.6773853
658.0000000,0.5543149,-0.5935684,3.5694499,-2.6610911,0.0810132,1.6774515
659.0000000,0.5542405,-0.5937802,3.5697736,-2.6683738,0.0832714,1.6724435
660.0000000,0.5534911,-0.5937226,3.5713900,-2.6674147,0.0915410,1.6630953
661.0000000,0.5530424,-0.5939116,3.5699857,-2.6776849,0.0929946,1.6628238
662.0000000,0.5531731,-0.5936924,3.5675623,-2.6883329,0.0910575,1.6646836
663.0000000,0.5529342,-0.5937812,3.5672255,-2.6952496,0.0843724,1.6641822
664.0000000,0.5532713,-0.5935950,3.5666303,-2.7005731,0.0759908,1.6706262
665.0000000,0.5537124,-0.5936270,3.5658078,-2.7065115,0.0700803,1.6718647
666.0000000,0.5534043,-0.5940415,3.5667560,-2.7101629,0.0643063,1.6724777
667.0000000,0.5533104,-0.5940087,3.5660307,-2.7138549,0.0612085,1.6740136
668.0000000,0.5535214,-0.5936313,3.5649078,-2.7123906,0.0550151,1.6636436
669.0000000,0.5533547,-0.5937468,3.5645277,-2.7145209,0.0579113,1.6587444
670.0000000,0.5525901,-0.5944071,3.5664530,-2.7168076,0.0570792,1.6584877
671.0000000,0.5521135,-0.5945641,3.5667877,-2.7179794,0.0566953,1.6572963
672.0000000,0.5523448,-0.5943022,3.5648162,-2.7204095,0.0493951,1.6607296
673.0000000,0.5521855,-0.5944295,3.5637522,-2.7217217,0.0360414,1.6629645
674.0000000,0.5520074,-0.5943078,3.5639508,-2.7156465,0.0318725,1.6560391
675.0000000,0.5519273,-0.5945330,3.5641199,-2.7105983,0.0269027,1.6544380
676.0000000,0.5520022,-0.5951912,3.5635364,-2.7028198,0.0121492,1.6554899
677.0000000,0.5517721,-0.5954608,3.5634016,-2.6964085,0.0053205,1.6502234
678.0000000,0.5516336,-0.5934561,3.5639392,-2.6719566,0.0137085,1.6527876
679.0000000,0.5513172,-0.5934817,3.5637405,-2.6674039,0.0162824,1.6567335
680.0000000,0.5502043,-0.5943215,3.5661095,-2.6653087,0.0189493,1.6518750
681.0000000,0.5509880,-0.5937446,3.5648361,-2.6555078,0.0190279,1.6480978
682.0000000,0.5511825,-0.5942476,3.5645792,-2.6481558,0.0140296,1.6461927
683.0000000,0.5513766,-0.5942290,3.5659579,-2.6306618,0.0061920,1.6355099
684.0000000,0.5511401,-0.5952153,3.5686869,-2.6226873,0.0019953,1.6103874
685.0000000,0.5513132,-0.5950835,3.5707330,-2.5950767,-0.0024692,1.5967271
686.0000000,0.5523818,-0.5946519,3.5692554,-2.5761185,-0.0039767,1.5893446
687.0000000,0.5529964,-0.5947443,3.5704769,-2.5543755,-0.0035653,1.5814599
688.0000000,0.5546198,-0.5925474,3.5710731,-2.5080791,0.0007981,1.5750670
689.0000000,0.5557694,-0.5904179,3.5703491,-2.4689799,-0.0027754,1.5739294
690.0000000,0.5560236,-0.5898197,3.5707414,-2.4394753,0.0017142,1.5725453
691.0000000,0.5563345,-0.5872880,3.5716319,-2.4026975,0.0055174,1.5666463
692.0000000,0.5576594,-0.5849319,3.5680622,-2.3716474,-0.0011562,1.5739967
693.0000000,0.5582061,-0.5828435,3.5679064,-2.3393877,-0.0047311,1.5772975
694.0000000,0.5564194,-0.5840743,3.5734223,-2.3423746,-0.0010610,1.5362806
695.0000000,0.5579967,-0.5820440,3.5725397,-2.3138166,0.0065844,1.5374356
696.0000000,0.5594206,-0.5823394,3.5716384,-2.2911448,0.0003028,1.5534006
697.0000000,0.5609012,-0.5822005,3.5709524,-2.2744046,0.0069916,1.5312166
698.0000000,0.5616724,-0.5825223,3.5732102,-2.2575430,0.0230230,1.5095648
699.0000000,0.5631309,-0.5824134,3.5740853,-2.2341553,0.0323493,1.5107525
700.0000000,0.5643053,-0.5825001,3.5765518,-2.2118711,0.0384108,1.5060104
701.0000000,0.5679202,-0.5805345,3.5751942,-2.1691119,0.0355757,1.5103340
702.0000000,0.5719402,-0.5784677,3.5708257,-2.1284900,0.0256759,1.5355792
703.0000000,0.5744736,-0.5769960,3.5717360,-2.0940874,0.0210778,1.5468840
704.0000000,0.5769861,-0.5759146,3.5711368,-2.0645690,0.0210227,1.5527594
705.0000000,0.5787613,-0.5754572,3.5715055,-2.0515321,0.0386443,1.5386551
706.0000000,0.5812006,-0.5742307,3.5712179,-2.0182938,0.0277062,1.5402609
707.0000000,0.5828764,-0.5734499,3.5725088,-2.0036596,0.0430801,1.5235292
708.0000000,0.5865643,-0.5715966,3.5707994,-1.9750043,0.0451095,1.5322300
709.0000000,0.5909390,-0.5703850,3.5679013,-1.9416004,0.0329943,1.5536085
710.0000000,0.5969713,-0.5710707,3.5603021,-1.9133969,-0.0129834,1.6118683
711.0000000,0.6026881,-0.5695841,3.5565702,-1.8595636,-0.0492280,1.6439104
712.0000000,0.6049857,-0.5687377,3.5612845,-1.8445800,-0.0173989,1.6222852
713.0000000,0.6076000,-0.5692050,3.5623662,-1.8327804,-0.0095082,1.6197525
714.0000000,0.6106260,-0.5697320,3.5644343,-1.8153600,0.0046486,1.6089687
715.0000000,0.6132007,-0.5705827,3.5681718,-1.8030938,0.0314663,1.5875521
716.0000000,0.6149294,-0.5716798,3.5720220,-1.7949897,0.0601756,1.5604088
717.0000000,0.6171880,-0.5724652,3.5728198,-1.7799176,0.0647229,1.5577093
718.0000000,0.6184435,-0.5740741,3.5745412,-1.7665883,0.0608237,1.5550895
719.0000000,0.6204023,-0.5748646,3.5739936,-1.7496514,0.0579268,1.5531427
720.0000000,0.6227098,-0.5749761,3.5724881,-1.7316002,0.0560094,1.5537201
721.0000000,0.6240735,-0.5751140,3.5717156,-1.7165700,0.0544555,1.5517088
722.0000000,0.6249170,-0.5755831,3.5715272,-1.7060171,0.0522407,1.5339689
723.0000000,0.6257312,-0.5758353,3.5704104,-1.6951229,0.0434496,1.5345027
724.0000000,0.6257813,-0.5756556,3.5703086,-1.6850771,0.0421633,1.5335128
725.0000000,0.6258960,-0.5759686,3.5691121,-1.6748348,0.0360264,1.5295602
726.0000000,0.6260707,-0.5761865,3.5691274,-1.6656997,0.0345858,1.5283315
727.0000000,0.6257732,-0.5766056,3.5705611,-1.6517920,0.0372773,1.5220223
728.0000000,0.6267321,-0.5764464,3.5682002,-1.6363342,0.0360183,1.5136184
729.0000000,0.6267624,-0.5764892,3.5680760,-1.6223873,0.0336035,1.5072040
730.0000000,0.6265521,-0.5770949,3.5694386,-1.6052723,0.0341875,1.5030938
731.0000000,0.6272888,-0.5771325,3.5688850,-1.5852586,0.0421190,1.4997871
732.0000000,0.6280916,-0.5769651,3.5687625,-1.5665396,0.0459278,1.4949690
733.0000000,0.6295209,-0.5764983,3.5677948,-1.5468980,0.0457833,1.4893931
734.0000000,0.6300826,-0.5770756,3.5694664,-1.5264670,0.0484025,1.4855358
735.0000000,0.6314936,-0.5766603,3.5687765,-1.5042348,0.0505673,1.4786451
736.0000000,0.6323900,-0.5766367,3.5690495,-1.4851137,0.0480692,1.4717973
737.0000000,0.6324224,-0.5774522,3.5708488,-1.4678499,0.0472369,1.4670643
738.0000000,0.6335499,-0.5772297,3.5695885,-1.4507228,0.0474097,1.4619511
739.0000000,0.6347678,-0.5769329,3.5711280,-1.4236430,0.0472594,1.4484019
740.0000000,0.6354308,-0.5772489,3.5728849,-1.4016515,0.0459815,1.4373953
741.0000000,0.6367908,-0.5771623,3.5716555,-1.3836724,0.0454969,1.4365096
742.0000000,0.6363463,-0.5781794,3.5729032,-1.3826567,0.0483971,1.4609555
743.0000000,0.6382418,-0.5778688,3.5717299,-1.3622992,0.0552070,1.4604592
744.0000000,0.6398785,-0.5783378,3.5719430,-1.3412393,0.0590943,1.4616601
745.0000000,0.6417251,-0.5791661,3.5724151,-1.3193447,0.0617039,1.4645924
746.0000000,0.6435933,-0.5801127,3.5731199,-1.2969856,0.0645454,1.4655995
747.0000000,0.6460330,-0.5813102,3.5727400,-1.2717418,0.0633574,1.4683141
748.0000000,0.6481111,-0.5827612,3.5719925,-1.2474159,0.0575381,1.4690676
749.0000000,0.6504753,-0.5841693,3.5713435,-1.2207508,0.0561382,1.4774989
750.0000000,0.6533408,-0.5860502,3.5709116,-1.1900237,0.0555341,1.4835207
751.0000000,0.6545327,-0.5873486,3.5721872,-1.1792165,0.0695017,1.4876190
752.0000000,0.6554716,-0.5891764,3.5731633,-1.1734039,0.0736190,1.4860642
753.0000000,0.6582694,-0.5909668,3.5739777,-1.1495739,0.0753177,1.4943670
754.0000000,0.6626787,-0.5923990,3.5747134,-1.1094900,0.0791554,1.5177717
755.0000000,0.6648989,-0.5937400,3.5749347,-1.0912422,0.0831356,1.5237294
756.0000000,0.6663978,-0.5953211,3.5764612,-1.0692524,0.0865214,1.5235710
757.0000000,0.6690080,-0.5960940,3.5746464,-1.0450065,0.0919922,1.5233029
758.0000000,0.6708357,-0.5980903,3.5766464,-1.0132083,0.0954295,1.5350701
759.0000000,0.6730561,-0.5987654,3.5754169,-0.9855473,0.0979398,1.5368677
760.0000000,0.6751390,-0.5999299,3.5745911,-0.9540489,0.0959334,1.5469769
761.0000000,0.6769254,-0.6007949,3.5742462,-0.9212056,0.0957893,1.5513850
762.0000000,0.6779141,-0.6010506,3.5742875,-0.8902051,0.0965566,1.5415983
763.0000000,0.6783366,-0.6010630,3.5741916,-0.8699717,0.1014755,1.5333696
764.0000000,0.6780832,-0.6008967,3.5741621,-0.8565389,0.1049025,1.5302849
765.0000000,0.6780059,-0.6007012,3.5737006,-0.8358615,0.1109469,1.5254414
766.0000000,0.6778836,-0.6007105,3.5732191,-0.8111193,0.1173072,1.5148224
767.0000000,0.6780372,-0.6005464,3.5730201,-0.7888768,0.1228275,1.5120378
768.0000000,0.6778450,-0.6003077,3.5731272,-0.7701656,0.1242721,1.5126748
769.0000000,0.6776466,-0.5999861,3.5731455,-0.7547724,0.1257161,1.5128538
770.0000000,0.6773729,-0.5998704,3.5734478,-0.7407759,0.1289954,1.5122529
771.0000000,0.6765621,-0.6003869,3.5753528,-0.7271198,0.1323802,1.5140830
772.0000000,0.6772892,-0.6000969,3.5731374,-0.7091486,0.1387307,1.5132793
773.0000000,0.6776662,-0.6004176,3.5731423,-0.6884150,0.1459520,1.5124241
774.0000000,0.6768739,-0.6009897,3.5746837,-0.6747953,0.1536714,1.5158663
775.0000000,0.6772428,-0.6006725,3.5724809,-0.6627874,0.1619439,1.5109934
776.0000000,0.6773307,-0.6007383,3.5719168,-0.6444850,0.1701564,1.5014916
777.0000000,0.6774318,-0.6007059,3.5710992,-0.6258036,0.1763140,1.4924399
778.0000000,0.6767964,-0.6011107,3.5719463,-0.6089477,0.1744613,1.4936782
779.0000000,0.6771097,-0.6006032,3.5705371,-0.5905606,0.1751047,1.4896726
780.0000000,0.6767473,-0.6008701,3.5700462,-0.5701691,0.1729228,1.4864087
781.0000000,0.6766424,-0.6012312,3.5695663,-0.5492486,0.1656114,1.4901080
782.0000000,0.6764331,-0.6014717,3.5699121,-0.5306992,0.1677809,1.4889467
783.0000000,0.6753409,-0.6021903,3.5715765,-0.5096444,0.1701039,1.4888688
784.0000000,0.6750162,-0.6024874,3.5692489,-0.4869181,0.1710183,1.5009216
785.0000000,0.6742649,-0.6032169,3.5692129,-0.4654777,0.1749005,1.5098977
786.0000000,0.6731546,-0.6039679,3.5690761,-0.4426781,0.1841781,1.5048768
787.0000000,0.6721249,-0.6048956,3.5690584,-0.4240038,0.1879913,1.5023663
788.0000000,0.6709089,-0.6061122,3.5689747,-0.4052526,0.1714708,1.5160518
789.0000000,0.6696177,-0.6071895,3.5691174,-0.3914179,0.1666520,1.5175611
790.0000000,0.6677179,-0.6085765,3.5704517,-0.3807427,0.1563131,1.5242626
791.0000000,0.6671586,-0.6096367,3.5677421,-0.3563600,0.1560729,1.5174135
792.0000000,0.6657252,-0.6107659,3.5674137,-0.3343453,0.1555662,1.5111783
793.0000000,0.6632953,-0.6123115,3.5684127,-0.3133171,0.1500329,1.5153673
794.0000000,0.6616015,-0.6129305,3.5655381,-0.2958955,0.1372089,1.5312166
795.0000000,0.6599224,-0.6143095,3.5637047,-0.2668729,0.1386128,1.5272547
796.0000000,0.6572289,-0.6154205,3.5624830,-0.2483372,0.1206401,1.5407219
797.0000000,0.6549687,-0.6169865,3.5607989,-0.2187567,0.1256687,1.5460062
798.0000000,0.6532311,-0.6195533,3.5606145,-0.1638360,0.1587698,1.5414646
799.0000000,0.6507313,-0.6210271,3.5575129,-0.1356791,0.1671137,1.5403313
800.0000000,0.6476357,-0.6214516,3.5545447,-0.1202112,0.1800259,1.5285012
801.0000000,0.6444209,-0.6211407,3.5509521,-0.1202186,0.1636005,1.5269864
802.0000000,0.6409128,-0.6220537,3.5483757,-0.1144144,0.1496734,1.5180693
803.0000000,0.6371591,-0.6226081,3.5457745,-0.1073184,0.1551144,1.5055832
804.0000000,0.6338863,-0.6228907,3.5451868,-0.0993686,0.1645588,1.5038925
805.0000000,0.6299970,-0.6207460,3.5449132,-0.1160767,0.1535650,1.5108218
806.0000000,0.6276445,-0.6208434,3.5435016,-0.1045216,0.1523630,1.5154376
807.0000000,0.6237681,-0.6223303,3.5428343,-0.0943969,0.1463811,1.5092141
808.0000000,0.6210299,-0.6228005,3.5389042,-0.0895836,0.1390142,1.5058163
809.0000000,0.6177094,-0.6243222,3.5386265,-0.0778026,0.1445321,1.4980699
810.0000000,0.6151996,-0.6238513,3.5338320,-0.0813350,0.1313550,1.4924760
811.0000000,0.6109083,-0.6236211,3.5331020,-0.0819224,0.1367519,1.4725885
812.0000000,0.6081607,-0.6225146,3.5283831,-0.0707921,0.1510026,1.4565244
813.0000000,0.6046836,-0.6229196,3.5274587,-0.0499404,0.1730692,1.4450057
814.0000000,0.6013777,-0.6221991,3.5255848,-0.0400372,0.1771311,1.4494515
815.0000000,0.5993803,-0.6219572,3.5236959,-0.0243763,0.2044157,1.4510819
816.0000000,0.5963397,-0.6211152,3.5228261,-0.0261154,0.2022590,1.4618046
817.0000000,0.5937548,-0.6213926,3.5224918,-0.0141768,0.2158244,1.4684235
818.0000000,0.5912292,-0.6214470,3.5224470,-0.0089139,0.2253477,1.4682034
819.0000000,0.5890532,-0.6219373,3.5226811,0.0013994,0.2347976,1.4707821
820.0000000,0.5867984,-0.6222773,3.5229942,0.0085180,0.2409882,1.4746828
821.0000000,0.5847275,-0.6222723,3.5223681,0.0073671,0.2334298,1.4865916
822.0000000,0.5831287,-0.6226501,3.5221380,0.0119914,0.2341159,1.4893345
823.0000000,0.5818157,-0.6233940,3.5225043,0.0201357,0.2313078,1.4969333
824.0000000,0.5803180,-0.6235194,3.5231166,0.0233206,0.2293226,1.5010062
825.0000000,0.5786057,-0.6233555,3.5235073,0.0173316,0.2190608,1.5033217
826.0000000,0.5773315,-0.6238437,3.5235763,0.0208659,0.2189721,1.5019272
827.0000000,0.5760114,-0.6243505,3.5241176,0.0237478,0.2172003,1.5042351
828.0000000,0.5748315,-0.6247164,3.5245941,0.0252318,0.2147425,1.5056385
829.0000000,0.5738688,-0.6249182,3.5250447,0.0255501,0.2115345,1.5075338
830.0000000,0.5730081,-0.6251075,3.5250862,0.0263133,0.2149855,1.5071153
831.0000000,0.5722971,-0.6253836,3.5253072,0.0295237,0.2263235,1.5023939
832.0000000,0.5716758,-0.6252118,3.5246453,0.0306342,0.2339595,1.4997296
833.0000000,0.5710075,-0.6252201,3.5249138,0.0326681,0.2381754,1.5009707
834.0000000,0.5702841,-0.6249899,3.5248120,0.0331529,0.2414450,1.5018506
835.0000000,0.5697439,-0.6248399,3.5247140,0.0357919,0.2429832,1.5031268
836.0000000,0.5689588,-0.6247311,3.5249608,0.0410094,0.2468874,1.5025216
837.0000000,0.5680225,-0.6240909,3.5252119,0.0421552,0.2459994,1.5059509
838.0000000,0.5666382,-0.6238935,3.5274554,0.0415638,0.2238666,1.5260412
839.0000000,0.5664937,-0.6235961,3.5252206,0.0514520,0.2074397,1.5407299
840.0000000,0.5657966,-0.6234739,3.5258096,0.0616491,0.2043045,1.5554148
841.0000000,0.5649326,-0.6238118,3.5268701,0.0832975,0.2179995,1.5589272
842.0000000,0.5647573,-0.6249893,3.5275774,0.1099657,0.2017855,1.5728978
843.0000000,0.5645394,-0.6253175,3.5273085,0.1176550,0.1890301,1.5767206
844.0000000,0.5656683,-0.6275378,3.5284752,0.1470700,0.1874032,1.5923637
845.0000000,0.5650742,-0.6276248,3.5296938,0.1412774,0.1843107,1.5932014
846.0000000,0.5660548,-0.6284693,3.5279849,0.1474857,0.1793139,1.5949851
847.0000000,0.5658760,-0.6279396,3.5275249,0.1343538,0.1804014,1.5940311
848.0000000,0.5662282,-0.6285124,3.5282342,0.1314984,0.1857740,1.5977827
849.0000000,0.5658360,-0.6290011,3.5274893,0.1115382,0.1725488,1.5821775
850.0000000,0.5662217,-0.6306682,3.5272583,0.1108862,0.1543001,1.5796307
851.0000000,0.5663679,-0.6319045,3.5265546,0.1125144,0.1454246,1.5720645
852.0000000,0.5673642,-0.6327358,3.5263789,0.1170013,0.1426550,1.5657198
853.0000000,0.5677528,-0.6333599,3.5256698,0.1012083,0.1512205,1.5412580
854.0000000,0.5670488,-0.6328748,3.5252200,0.0801723,0.1544920,1.5174966
855.0000000,0.5672431,-0.6338581,3.5260200,0.0909690,0.1637812,1.5187609
856.0000000,0.5670471,-0.6339762,3.5256070,0.0930749,0.1770355,1.5124907
857.0000000,0.5668182,-0.6340721,3.5255828,0.0968328,0.1785620,1.5129992
858.0000000,0.5670371,-0.6347281,3.5240147,0.1050791,0.1749664,1.5199111
859.0000000,0.5667069,-0.6357212,3.5240656,0.1119333,0.1696620,1.5267792
860.0000000,0.5655932,-0.6365482,3.5241595,0.1190039,0.1666695,1.5338959
861.0000000,0.5642300,-0.6363232,3.5239978,0.1259250,0.1744283,1.5421265
862.0000000,0.5626905,-0.6371439,3.5256351,0.1443088,0.1718154,1.5557769
863.0000000,0.5608022,-0.6365907,3.5254787,0.1531650,0.1514419,1.5569551
864.0000000,0.5595102,-0.6350501,3.5233874,0.1502965,0.1215842,1.5780913
865.0000000,0.5579991,-0.6339999,3.5227901,0.1444361,0.1279121,1.5744537
866.0000000,0.5571570,-0.6348625,3.5220309,0.1614114,0.1350520,1.5757580
867.0000000,0.5557363,-0.6351134,3.5214496,0.1601111,0.1191380,1.5633030
868.0000000,0.5549660,-0.6357008,3.5202396,0.1655867,0.1078900,1.5574710
869.0000000,0.5538785,-0.6386708,3.5251859,0.1943140,0.0967183,1.5864358
870.0000000,0.5527928,-0.6400917,3.5246366,0.2122205,0.0887165,1.6012806
871.0000000,0.5510752,-0.6438916,3.5240716,0.2507050,0.0861984,1.6136896
872.0000000,0.5498927,-0.6467073,3.5219920,0.2833308,0.1127472,1.6143579
873.0000000,0.5487008,-0.6464365,3.5220547,0.2792475,0.1181727,1.6231061
874.0000000,0.5441732,-0.6473399,3.5237728,0.2538388,0.0849599,1.6201840
875.0000000,0.5379984,-0.6497300,3.5230893,0.2434235,0.0582674,1.6363803
876.0000000,0.5286689,-0.6568955,3.5191816,0.2811959,0.0448544,1.6473957
877.0000000,0.5147157,-0.6685069,3.5182315,0.3366161,0.0282795,1.6597236
878.0000000,0.4980326,-0.6808455,3.5125813,0.3952198,0.0032700,1.6542987
879.0000000,0.4773536,-0.6940191,3.5072524,0.4546614,-0.0147694,1.6331651
880.0000000,0.4535732,-0.7080108,3.5024551,0.5146501,-0.0282327,1.6106820
881.0000000,0.4252782,-0.7236198,3.4969094,0.5949027,-0.0416929,1.5545375
882.0000000,0.3939209,-0.7398154,3.4968088,0.6893291,-0.0661792,1.5303997
883.0000000,0.3604503,-0.7513486,3.4959793,0.7548205,-0.0829224,1.5032471
884.0000000,0.3215532,-0.7658429,3.4973761,0.8754697,-0.1001239,1.4573298
885.0000000,0.2818246,-0.7756786,3.5028526,0.9955555,-0.1209346,1.4563861
886.0000000,0.2415867,-0.7816213,3.5075800,1.0992293,-0.1396361,1.4356233
887.0000000,0.1985359,-0.7840270,3.5136113,1.2243594,-0.1362824,1.3983004
888.0000000,0.1579185,-0.7823666,3.5201225,1.3340351,-0.1334506,1.3684600
889.0000000,0.1226473,-0.7770997,3.5273644,1.4055426,-0.1139503,1.3644759
890.0000000,0.0888352,-0.7702483,3.5312519,1.5017019,-0.1068222,1.3207604
891.0000000,0.0576820,-0.7618883,3.5378122,1.6049499,-0.0979755,1.3063649
892.0000000,0.0351486,-0.7542027,3.5438349,1.6703602,-0.1097349,1.2793751
893.0000000,0.0184288,-0.7475176,3.5461521,1.7198577,-0.1028369,1.2782400
894.0000000,0.0069885,-0.7405105,3.5482537,1.7722302,-0.1206071,1.2960938
895.0000000,0.0067382,-0.7356288,3.5492986,1.7672836,-0.1650071,1.3462437
896.0000000,0.0067258,-0.7327952,3.5451949,1.7950002,-0.1664187,1.3658022
897.0000000,0.0074959,-0.7305950,3.5407135,1.8534676,-0.1633155,1.3620430
898.0000000,0.0205989,-0.7321780,3.5287823,1.8267993,-0.1375869,1.3779445
899.0000000,0.0397401,-0.7331958,3.5163462,1.7805750,-0.1185760,1.3975200
900.0000000,0.0572519,-0.7335142,3.5060635,1.7780917,-0.1121376,1.4098309
901.0000000,0.0942588,-0.7340178,3.4918290,1.6124573,-0.1102963,1.4758498
902.0000000,0.1209664,-0.7334110,3.4807382,1.5627753,-0.0961208,1.5171082
903.0000000,0.1499052,-0.7319573,3.4690101,1.5068533,-0.0898168,1.5359525
904.0000000,0.1804895,-0.7304419,3.4554025,1.4520217,-0.0666414,1.5561762
905.0000000,0.2096548,-0.7260299,3.4456234,1.4134523,-0.0637664,1.5934655
906.0000000,0.2414098,-0.7208656,3.4306810,1.3648983,-0.0364602,1.6232872
907.0000000,0.2741756,-0.7145764,3.4181013,1.3155009,-0.0114367,1.6521634
908.0000000,0.3081770,-0.7066363,3.4059668,1.2550546,0.0128178,1.6809071
909.0000000,0.3386068,-0.6993681,3.3907468,1.2352143,0.0564137,1.6708635
910.0000000,0.3713737,-0.6893314,3.3801939,1.1908913,0.0775727,1.6897902
