1,0.7063725516774139,1.085139121692022,5.12479525708048,2.3395919243335626,2.3488008356621872,-0.3847603503172439,3
1,0.7214034928047948,0.5075534511499035,5.20434965797936,-2.068242389176762,-2.0898383007720325,0.17887610141008034,2
1,0.7361616383765539,-0.09937117720049908,5.264651040236503,-2.0700832038594683,-2.090375696479041,0.02307747253627831,0
1,-0.04225277069658863,1.0727371349760544,5.284226613471444,-2.1041761509507464,-2.131713636290922,0.3002852250011061,1
1,-0.026530284664461678,-0.1125211980250918,5.428042694305623,-2.145884542904771,-2.1880204252245585,0.17902161131733327,8
2,0.8995056807687833,0.5036726344873501,5.091632506350847,-2.051372522561777,-2.0702217553186717,0.21605098539881376,12
2,0.7080965755811316,1.083384823841111,5.126712816989475,1.9286214995090023,2.0596386278470344,-0.379281413797226,3
2,0.7230925480507165,0.5061694378151432,5.208266250405334,2.0721026075302285,2.1572968912555006,-0.27297459947277636,2
2,0.7368567429689908,-0.10064942476474117,5.263805890473969,-2.061088554455426,-2.080458010664438,0.014694008181035936,0
2,-0.041504064361395615,1.0704007443912131,5.280127124810009,2.2878407490902544,2.3145889765461862,-0.32813086391799884,1
2,-0.02573513833223818,-0.11424539709170058,5.415681476082221,-2.138972883456727,-2.1826972620224,0.2294804855765836,8
3,0.8998118593436494,0.5016633050202917,5.089313053851634,-2.0478646230209954,-2.0644357448002353,0.2047689665962757,12
3,0.8851923412250299,1.0728299273661273,5.018921669110106,-2.0626836491547706,-2.0672000981371417,0.3184455528252318,13
3,0.9129244563935772,-0.09666096757408152,5.137090333158011,-2.1576885160747166,-2.220818917168368,0.3099187367666,10
3,0.16979909576806212,-0.1100343239174463,5.31832261170006,-2.220308791456512,-2.2552438998455893,-0.18317397108615632,18
3,0.1467579176508266,1.0670981213535853,5.216541128902335,-2.1145263653830297,-2.141575394194228,0.29092738150300107,11
3,0.7054315687177365,1.0769449927193881,5.1032614054581735,1.9370288559406084,2.067303581304334,-0.3358821485767371,3
3,0.733455500569222,-0.1019411514278947,5.232116930544163,-2.052306237889005,-2.0566901870866032,-0.014887231102210977,0
3,0.7224546129413367,0.5031695391713505,5.1998579610006,2.080086111224779,2.166224312306631,-0.22716075241219405,2
3,-0.04124480838266401,1.071318450450691,5.290838852749885,-2.1234967558289237,-2.154461581848344,0.26448935103282933,1
3,-0.025559127589822383,-0.1156093533318945,5.395359788583859,-2.1074694336638213,-2.1514783920367764,0.24024029955073006,8
4,0.7066354405898561,1.0762695195370566,5.108063886829714,1.9244593353493786,2.0517645579283155,-0.3855311981991443,3
4,0.7298075800441232,0.5066489063571239,5.2501752028371005,-2.144717589209272,-2.1995666114009946,0.24828086980444544,2
4,0.7373129724230228,-0.10472679189944344,5.257770600839442,-2.0576885362159643,-2.075967149853205,0.014522234042185582,0
4,-0.0401451125243107,1.0705565276297573,5.297718916696005,1.873198658562548,1.9932480169710791,-0.08369993251284698,1
4,-0.024726087525924065,-0.11793451289140836,5.414927487153719,-2.1211766135136316,-2.1657009169082935,0.22114317521811855,8
5,0.9140563326291924,-0.09999175502505715,5.139239183101297,-2.0442844135816394,-2.053646776653173,0.03253248661862413,10
5,0.8859941824040272,1.069754101976967,5.018906971595473,-2.0651821989664456,-2.070292887830269,0.31352022805828805,13
5,0.1471939870543892,1.0634546774796791,5.213855682324565,-2.1125325737749407,-2.1397004303032863,0.278756887875124,11
5,0.8984805653653546,0.4973662757543757,5.077734622319526,-2.0469207486618215,-2.061577517598013,0.196561660948824,12
5,0.1696691380770265,-0.11344636728995433,5.318928109768706,-2.127642453622661,-2.169611526827906,0.18796897057483256,18
5,0.7178262671911563,1.0925537167685475,5.18968419391984,2.126316184346757,2.1984085703481755,-0.3773728375952521,3
5,0.7223903463792585,0.5004316369438848,5.1987040633258745,-2.067448932094212,-2.091280313947261,0.18889331153236852,2
5,0.7349798504607932,-0.10618805696546442,5.2388745889637525,-2.039893824978968,-2.0563345302623652,0.0011041008886265714,0
5,-0.04103180355596647,1.0655184804786941,5.278504160685773,-2.110968196923437,-2.1383998369953625,0.29099790536849907,1
5,-0.025048306341174196,-0.11951881066928909,5.4093862277542835,-2.26325852366448,-2.2970591101606783,-0.2954247767929928,8
6,0.8850988743211999,1.067947236115031,5.014179650620133,-2.061540225964583,-2.0664380861388336,0.3209708482693015,13
6,0.14680533798679843,1.061234105905574,5.206334713669957,-2.112691515916479,-2.138769039223905,0.28047811041148607,11
6,0.9135945977235113,-0.10129664764964817,5.13688791731094,-2.146647874630286,-2.205489886197818,0.3078520482158979,10
6,0.8988767071497338,0.49679201906784903,5.08046564388687,-2.046570835872168,-2.0630217449707926,0.1914402132367407,12
6,0.16947815203593672,-0.11451882080010982,5.321419539472397,-2.124096195922694,-2.1648789510505786,0.18565771414032173,18
6,0.7058605961276754,1.0733090434985593,5.102910727958801,1.9386022858581897,2.062628056527055,-0.36047886812153657,3
6,0.7236678405259489,0.49988729521322994,5.20477861365751,2.084277447417845,2.170963808844054,-0.23511489214677342,2
6,0.7356400638282548,-0.10726059720850918,5.2442761282326,-2.0404369565410496,-2.057138533285062,0.0053151313279026615,0
6,-0.041118716027111236,1.0671598621264085,5.2902454017492815,-2.1104741075221862,-2.14043665811879,0.28165168246023004,1
6,-0.025983824281123665,-0.12073845624296112,5.432706892094474,-2.1245772863017147,-2.160063639845324,0.11248571421338018,8
7,0.8989465322845153,0.495524640691761,5.080660238468757,-2.0506395874192918,-2.0667528459272,0.20507873628331705,12
7,0.884580889863148,1.0661104162194452,5.009527813886878,-2.0579516007174203,-2.0574075629434474,0.3169976705744479,13
7,0.9119444350035483,-0.10252622333278645,5.126944745713259,-2.1449234046437873,-2.2066270021019605,0.3220021402778846,10
7,0.16938533317652193,-0.11582145936387817,5.313871420790016,-2.1157536814086115,-2.161529413116413,0.20402205620827005,18
7,0.14653145394437903,1.059516681857028,5.203173849546704,-2.115496791229792,-2.141016753968515,0.2813980915679348,11
7,0.7178740957404102,1.0904834536832428,5.1890052003733755,2.1196112441903647,2.199823203282395,-0.36948589527551084,3
7,0.7244308444926193,0.49951499046720765,5.211312167739099,-2.070924500617404,-2.094510882098632,0.228680140284755,2
7,0.7375302828589458,-0.1087103862566513,5.256003496669478,-2.0670396225878336,-2.083035249742944,-0.010853183124544124,0
7,-0.04059923920208873,1.0704707321965101,5.314279733296737,1.8767149403387235,1.99223755625306,-0.10918416846044998,1
7,-0.02526658720405975,-0.12199988217735834,5.396368838793411,-2.096121796630524,-2.1419490380755626,0.2236750979695007,8
8,0.7085994460901467,1.0755412967034712,5.122953895947415,-2.071366289007446,-2.080273623581014,0.32074312208488326,3
8,0.7222789222584977,0.49620528209819087,5.192659796544259,-2.2612441773632046,-2.348542073159239,0.34268257658866336,2
8,0.7361213445649846,-0.11032286750106879,5.245859550806692,-2.0513373363851,-2.0697871220071815,-0.001316485905368267,0
8,-0.04042530372373478,1.0595986215448752,5.265521465242022,1.8581632098090712,1.9732613413998266,-0.13961301389277705,1
8,-0.025791281688681476,-0.1243152982675931,5.4237543051546995,-2.1389238607315444,-2.18613713310034,0.18149729041850274,8
9,0.8860374447086795,1.0662138626599849,5.016873044006075,-2.0656239797075906,-2.072136548253225,0.31252604674576956,13
9,0.8983083246057589,0.493155586174975,5.074628123404364,-2.0467483000555213,-2.058341404541595,0.20369980346644304,12
9,0.9103853886833643,-0.10462055993765676,5.116732862865644,-2.15932341087111,-2.2218199347684173,0.30852696571435234,10
9,0.16896628725299437,-0.11820531817186207,5.3102537134511705,-2.12927488343001,-2.1714698629400675,0.1945211447514659,18
9,0.14641125945070677,1.0593554305586872,5.2087605690922905,-2.1189697717432594,-2.145208864388318,0.2898391469274753,11
9,0.7080181080342798,1.0734236156449175,5.117129458796307,1.9325952260648667,2.0657501019025957,-0.3825450806450231,3
9,0.7218676242429769,0.4953965537073347,5.190942096165576,-2.058111949072824,-2.0853639786792324,0.2564507369902255,2
9,0.7366504163537281,-0.11130658258516013,5.248988122281204,-2.0679670584320444,-2.084665224404472,-0.010307458339538975,0
9,-0.04126741508370398,1.0639293318923913,5.2848029564534516,-2.103652654039061,-2.1305924596484513,0.2715203952918272,1
9,-0.025578925180116157,-0.12444378160595453,5.420284009760368,-2.243690023094818,-2.281947068903227,-0.26338136937233164,8
10,0.8996958969937028,0.4934812807188537,5.086166221046188,-2.0537438928595084,-2.0717891813799847,0.2163708786820699,12
10,0.9101739424752462,-0.10554510193887807,5.119477848202956,-2.154741090171656,-2.216031677107338,0.3090936480288886,10
10,0.884013871843836,1.063476784443787,5.007342765826007,-2.0598102653296824,-2.0611373232098167,0.31477050242427057,13
10,0.7069800234818371,1.071548156285847,5.111069796862766,1.9394612067957193,2.060794442993884,-0.41357186978291527,3
10,0.7361435378015193,-0.11233105125120146,5.250050466930929,-2.153090906318502,-2.2098630146647076,0.2584865664570509,0
10,0.723562290320939,0.4960791648366892,5.206968887047055,-2.0783313174659708,-2.103559386352644,0.2537387363397252,2
10,-0.042042580878365994,1.0637196395836204,5.287001907932879,2.2781670810332613,2.3052457408454488,-0.3435098512876211,1
10,-0.02664611612680374,-0.12497111137507813,5.404162886324447,2.233924211192333,2.280751324781588,-0.2141430357851869,8
11,0.7086358824476404,1.0757336599220237,5.131495143659353,1.9355635187437368,2.0706360235630887,-0.38029431929165863,3
11,0.7319267470136178,-0.11223551946391161,5.230115504772444,-2.0703374080929837,-2.0780925570194193,-0.050103330096211436,0
11,0.7201047030486236,0.4940191317268322,5.190073379911244,-2.0705361646266094,-2.0926919143187104,0.16553857331756025,2
11,-0.04348299462826973,1.0626568021309313,5.284611145798298,2.2917459601093877,2.315161567095907,-0.30196492991875334,1
11,-0.027531185050604805,-0.1257636207513374,5.400297411308626,-2.152436222783506,-2.19607461888184,0.1855027129979195,8
12,0.8810768652781288,1.0617962158960326,5.003827215448178,-2.059293725534106,-2.061387001832875,0.327726084108735,13
12,0.8945792799926863,0.49055003740152653,5.07039958380141,-2.043343788549997,-2.0573340619221607,0.21416696878450728,12
12,0.9082153044635789,-0.10753020753121752,5.121472020936975,-2.1611115507618344,-2.2225637043031434,0.28078526019907474,10
12,0.14287224337475696,1.0553691388582194,5.194727168063043,-2.1131368013865957,-2.1379900349342815,0.2734682079988005,11
12,0.1650242846006116,-0.12066423342952601,5.304953906545129,-2.1245140380877143,-2.1668894081546743,0.198558309324805,18
12,0.7027654716181785,1.069006181737009,5.100747335866661,-2.0581647508211645,-2.069818997124395,0.2606773192954088,3
12,0.7305486609075791,-0.11359975940678488,5.227961532419706,-2.0579541172515228,-2.0634089542291925,-0.04324568304704509,0
12,0.7189871132584351,0.49293415050667044,5.190234379133267,2.0752546346723935,2.1603803668955024,-0.2750125533036203,2
12,-0.04510252441580156,1.0627105744507175,5.284421749764652,2.280498091170059,2.312508296466428,-0.30017025490571203,1
12,-0.02991025123625723,-0.12692700454061132,5.41032096488624,-2.115921360196331,-2.155980133272074,0.16282024304661114,8
13,0.8924699640246269,0.489577166664488,5.066497883203553,-2.044198284799074,-2.057712219155923,0.19889813800788897,12
13,0.8800975507525011,1.0622052785478902,5.006522462697574,-2.062594881962519,-2.0634121363472984,0.33481257781846546,13
13,0.14085933832026068,1.05535963291708,5.19654517271061,-2.113103852662366,-2.1398506642555715,0.2938243915030653,11
13,0.9061944850003224,-0.10792829501079229,5.118826187699175,-2.042081374797887,-2.0533202853489123,0.043679008778111,10
13,0.1629434654921692,-0.12168661079419187,5.307516806319643,-2.1321110590699957,-2.1746822641570787,0.1716697753741944,18
13,0.7027144009232379,1.071171831238331,5.110929293204451,-2.070088458101171,-2.0806271072641604,0.3262404620722572,3
13,0.7167276006110519,0.4918461017809974,5.184535584263018,2.073181256069475,2.1605922587214352,-0.27890247523107614,2
13,0.7299687716461257,-0.11428713303673531,5.240180145049655,-2.0827700234851427,-2.095112743649084,-0.04340389331973962,0
13,-0.0466226292038705,1.0610448939955137,5.281373727348298,1.8747820573011647,1.9806294143600436,-0.13362284846699982,1
13,-0.031875547274638524,-0.12785442810745865,5.390679075039552,-2.0938023569344604,-2.1352855573048384,0.22187534516422902,8
14,0.6997929094509592,1.0677326669819553,5.099498952122768,-2.0628617827151747,-2.0757358945499345,0.26864903997083733,3
14,0.7153328765337036,0.4908175247323231,5.185371485587288,2.079856762327013,2.1607344137191262,-0.3399050901275913,2
14,0.7287939330575961,-0.11625655955871673,5.239675379417725,-2.190421563549225,-2.2484267470187658,0.27089142444369346,0
14,-0.04786129306575941,1.059674524540344,5.275828339540272,1.8783959235086256,1.9847334528801874,-0.1077988385827711,1
14,-0.033144814900480074,-0.12897988119829776,5.384661147491732,2.1434796323401244,2.1688155129083486,0.2611168806246026,8
15,0.6981915731158744,1.0650027829161193,5.087355919257072,-2.063912212415014,-2.0690805335510216,0.3346542133970186,3
15,0.7140696773037978,0.48953711400351263,5.17914608284588,-2.261729849175873,-2.3483987620882565,0.372482532375742,2
15,0.7248456309861699,-0.11649330869246716,5.215305353596685,-2.0435805822353696,-2.048697904414454,-0.05663449048907028,0
15,-0.049138880390036825,1.0565834212999943,5.258590448839807,-2.104613802522763,-2.135859552671791,0.2735474688955642,1
15,-0.035351996902227824,-0.1306214833243645,5.42969066725321,-2.1486902201507934,-2.180511712988293,0.08459868906657109,8
16,0.6987444421722329,1.067034591167522,5.099364411209178,-2.0669918309298994,-2.077553588033191,0.3244939855138481,3
16,0.7230581868034972,-0.11733486581075273,5.207888340201413,-2.0571913213239914,-2.06282947183502,-0.04335100704590814,0
16,0.7141170525783718,0.48910753796131096,5.1838204566943045,2.0780764371667284,2.1601273744683906,-0.2745225498399569,2
16,-0.05053218216687536,1.0583537632193403,5.2708677646336355,-2.12035894065695,-2.1392305984466136,0.2918121144788237,1
16,-0.036137752010543686,-0.13063166409375368,5.376852629837084,-2.1123772949818913,-2.152797633995902,0.2239796134178027,8
17,0.9021801747036157,-0.11314777986110945,5.109516522133398,-2.1524996485804784,-2.2115927091540013,0.31852836596955186,10
17,0.8887760202098658,0.4847970822282528,5.054550461343308,-2.0449666153143617,-2.057397406423501,0.22191880445313178,12
17,0.15815475665814793,-0.1257934264537979,5.280994042528846,-2.1289511099391603,-2.1711888228588636,0.22459862572961511,18
17,0.13733218120253404,1.0530438182990138,5.192911267182894,-2.120727228242457,-2.147533443192567,0.26516137128308703,11
17,0.8763526110547352,1.0571705890292762,4.992732577270012,-2.0608871356507676,-2.062616164757983,0.32371636726022907,13
17,0.6977760203426568,1.0650017387688473,5.092468990227452,2.3431409085020705,2.3512233458132434,-0.3619185059947774,3
17,0.7233340157730364,-0.11959932974401014,5.208578570248066,-2.184820042322818,-2.2516832190132607,0.3483480871600885,0
17,0.7135107440481594,0.48760939742038395,5.177195427021763,2.060538617406199,2.14684316696889,-0.3081222577368846,2
17,-0.050897518714947826,1.0602760411171723,5.282627267195208,2.2663385345576152,2.297115723920547,-0.33329540812990405,1
17,-0.0366716640728529,-0.13204970383571404,5.374207835459408,-2.1175322425381036,-2.1606874103684923,0.16225620501526478,8
18,0.6964222196333925,1.061708917347304,5.076304456901188,1.9414293092909687,2.0604968265567147,-0.35908262039833716,3
18,0.714218765655305,0.48752718303752846,5.182614514769662,2.0996769948714316,2.169380976091167,-0.2991595853951572,2
18,0.7221757241732107,-0.12020269781328236,5.203470573245656,-2.168769792696949,-2.2271377157381256,0.3326678090043579,0
18,-0.05076925096933485,1.0582156829507672,5.2726325002965835,1.8776367172805266,1.9895259635941303,-0.09211612245655358,1
18,-0.03740703816737406,-0.13342196532520786,5.396278627006603,-2.150901538247019,-2.1891664507917374,0.18700624504485847,8
19,0.8882129901170766,0.48315399395260583,5.046617184255419,-2.0447811914074605,-2.0557946751524425,0.22354186199035736,12
19,0.9023582190585517,-0.11453936961206843,5.106085081360858,-2.045096218046018,-2.050447956170447,0.02762707248583933,10
19,0.8774878785743918,1.0573746028837567,4.992259433189514,-2.069846299908087,-2.0733545043131345,0.3261475949652926,13
19,0.13696943270665268,1.0491272738837885,5.1720386175912125,-2.1147419822538627,-2.134061415280249,0.2849785585691586,11
19,0.1579049722806885,-0.12759004596896903,5.284888342586909,-2.1274477810113894,-2.1695200769332166,0.20775222440896346,18
19,0.6969663111904203,1.0624678112986266,5.077648259806652,-2.063887124530672,-2.0662639624785806,0.3481200654654854,3
19,0.7111189788621124,0.48469472989894874,5.156269870355052,2.078782150405548,2.1597799622822857,-0.2901374830220043,2
19,0.7258555209511671,-0.12129878629940374,5.224093462039314,-2.1686930085572893,-2.221395938369152,0.258230592023868,0
19,-0.05021877926179087,1.0529717143128199,5.247481293456599,1.8749040153102188,1.9771849681448126,-0.10292120429891616,1
19,-0.03721371916846362,-0.1337745376194223,5.376318576338603,-2.1288850954566585,-2.171128935147216,0.20169556902984714,8
20,0.6962448936281671,1.0616573180294102,5.072940773258017,-2.0599826845797926,-2.0625782369882404,0.34817694945203137,3
20,0.7128904687458145,0.4856930840378638,5.171043410036199,2.0914618630513555,2.172757798826935,-0.3251836881650754,2
20,0.7252398708121534,-0.12191408339405045,5.222511871302184,-2.0752759238781127,-2.083857937906093,-0.05861498641417787,0
20,-0.05148850399713157,1.0532319305418538,5.246311345576057,-2.1215510142778005,-2.135652186682205,0.2846055247353838,1
20,-0.03749368791295842,-0.13447359493850886,5.374150496427002,-2.2265558724236265,-2.2672019648761212,-0.29709324560590344,8
21,0.8869296645849966,0.48221746782285,5.036838959599425,-2.0418054554138356,-2.05184681877195,0.21009480813200068,12
21,0.8757550947579206,1.0555200430978278,4.977866051895787,-2.0692187340293873,-2.069345009740434,0.3333304391696613,13
21,0.9015586593455359,-0.11547865223643035,5.101232404867072,-2.0406679949008875,-2.0474294526861736,0.03819327968987452,10
21,0.13602885003752066,1.0487568769969722,5.1634944779766165,-2.118790509627869,-2.139711034221884,0.30294911711504374,11
21,0.15702512059271037,-0.12825145364408044,5.281563736460571,-2.131364258173205,-2.1745335481671466,0.18096819397101385,18
21,0.6952524406035402,1.0605735918197234,5.0606952691630624,-2.0567238523519205,-2.060397783040333,0.33858469919215406,3
21,0.7095292036431992,0.4831134730248559,5.144178981237073,2.0707392462095466,2.1565339365896783,-0.2559359852982221,2
21,0.7226719122418276,-0.12225397771883202,5.20276035472111,-2.180650785916145,-2.2387409782102363,0.29790538428887714,0
21,-0.051748299916417426,1.0591884903123225,5.269301686876463,2.270500577240157,2.3026088612361795,-0.30167762215867905,1
21,-0.038529548912443826,-0.13439357405686062,5.371768385092002,-2.1374411258493096,-2.1824280106043132,0.2163376053778766,8
22,0.6946498245429613,1.0610205281432568,5.059712038540365,-2.065398708584355,-2.0625230151576113,0.35143842612472576,3
22,0.7094522760709931,0.4840928738844292,5.14419011837185,2.0764659597084183,2.1540938539588645,-0.27279163436655685,2
22,0.7207856432757117,-0.12110454545250265,5.190553672073531,-2.0620178782624112,-2.0609062212197524,-0.07054819164541883,0
22,-0.051936270189457845,1.0542368229774373,5.240299971336381,1.8796407252169816,1.9828385681330187,-0.10120094071621082,1
22,-0.03954607828176408,-0.13401434606033602,5.3681275329521645,-2.129627626655494,-2.1665085669535156,0.2127401265111144,8
23,0.6947554011492728,1.0630400381576461,5.063586729044625,-2.0565506211075073,-2.059974387371205,0.31175758715486257,3
23,0.706625238573244,0.4835785411074891,5.130525029059686,2.0445172499655238,2.1295858742876224,-0.343033732890163,2
23,0.7254353781131734,-0.12144989299008,5.230760142611546,-2.1033125859630433,-2.1227818984313225,0.036537422165805834,0
23,-0.053269906658312355,1.056906299652649,5.246738722432936,1.881692726890146,1.9897785707660576,-0.09859509288188303,1
23,-0.04041750038547002,-0.1333201664990414,5.372782630640583,-2.1266334822623048,-2.160809295084924,0.18018931697053206,8
24,0.6903756284602188,1.059928503759417,5.040481692769474,-2.054817617647366,-2.0603361808341996,0.303681188268702,3
24,0.7060145692738864,0.4850845430067392,5.132334105059824,2.0530123814437693,2.143926377891644,-0.23297861697463132,2
24,0.7199351204906105,-0.11955906607063536,5.199727426268191,-2.048485565966614,-2.0523521644301583,-0.014583151592242558,0
24,-0.054866470128305235,1.0582059487699824,5.241268564649735,-2.124167850561861,-2.1469679819867675,0.29451136539163497,1
24,-0.04101579504504241,-0.1317242737013262,5.357389564739174,2.1394632813393564,2.1619668146564592,0.2750295813603046,8
25,0.8838018320600796,0.484714357899984,5.026820314822877,-2.2381427947346,-2.331595473457186,0.3600885260768501,12
25,0.70318840088771,1.0803888225364193,5.131021292042449,2.159432270585448,2.221217590237907,-0.38429207387623654,3
25,0.7054459513210728,0.4870771628404475,5.131633047114236,-2.0556807103099293,-2.0712532870814173,0.17905807352938133,2
25,0.7181156464519093,-0.11862928580920046,5.186740774435299,-2.074920728303532,-2.0758188357488505,-0.026362410903422916,0
25,-0.05585045144668493,1.0572868623053322,5.225955548828681,2.2763767592802253,2.3046568697293797,-0.2977137339719715,1
25,-0.04293807123588898,-0.13024022809419206,5.341347863185078,-2.116014883553691,-2.154106540051623,0.18640553488282377,8
26,0.6870319097925607,1.0598153453533272,5.024676688856837,-2.063087883552135,-2.0669510955223798,0.28385136312504516,3
26,0.7058730328181777,0.48868970263431066,5.141048206464626,-2.0584770596000905,-2.0774303554887017,0.19030703755349818,2
26,0.7185663473922758,-0.11850887810294168,5.195443705101068,-2.1602685430938067,-2.2075750511477192,0.2762964045339394,0
26,-0.0572765148838237,1.0593544986861283,5.229914465289218,-2.1168274611561486,-2.136392480436727,0.31231782372931816,1
26,-0.043634879012617936,-0.12993650348832073,5.346852857473861,-2.1186369816600443,-2.1584945766854555,0.17333417118538974,8
27,0.6902020817219773,1.0651837526862553,5.049102870327825,1.931488587671934,2.06014274622836,-0.3944558009174917,3
27,0.7030214265082434,0.48716266816319054,5.124545941959099,2.0550255679220086,2.146227005783926,-0.30969322539014466,2
27,0.7146114127615896,-0.1178820004702085,5.1763603569581065,-2.056494144784432,-2.0636736672612215,-0.03148026605567655,0
27,-0.05861851987106242,1.055471415641712,5.207711548996681,-2.1035855797925995,-2.1238205886282238,0.28476930795827393,1
27,-0.04462182411093278,-0.12983552337143486,5.337642216977317,2.1261141291598817,2.159939378635683,0.32616320556707384,8
28,0.8927297911394568,-0.11179762270047196,5.080334644045632,-2.0451184760234042,-2.049036612654747,0.024478552447014232,10
28,0.8796608149967208,0.48668971025133073,5.023843728459978,-2.0482056392999657,-2.0604153660155275,0.2243456039224853,12
28,0.8663917938655552,1.058276421572679,4.952832907228958,-2.067519767039664,-2.0664333797100434,0.3241421335089555,13
28,0.14817641209912813,-0.12415484812666722,5.265725242020083,-2.12612234894764,-2.1689829897839186,0.1692813051041195,18
28,0.12743811728352852,1.0535991908678861,5.1436436756597885,-2.1180387543129706,-2.139057564540627,0.2917456300248389,11
28,0.68798552676351,1.0662238443663064,5.049424867842715,-2.065614460343134,-2.0696454429576128,0.29650789057102783,3
28,0.700632365706484,0.48736423219759895,5.1193165107915934,2.0535480760519738,2.1496114690999866,-0.26071449664742397,2
28,0.7133319295885541,-0.11848510027260724,5.180898150513681,-2.188216261595332,-2.2384966147425533,0.28729402993953396,0
28,-0.06101873109264553,1.0614703444714917,5.234330379313557,2.2750888104378766,2.309213003523394,-0.31864338227817407,1
28,-0.0466947618126935,-0.12899464712161568,5.3278759633781165,-2.129167089052203,-2.15804266676099,0.2541824783855227,8
29,0.8658363407457209,1.059564255732864,4.953799540415815,-2.070060366019368,-2.0689138527755904,0.3358653802238504,13
29,0.8904175260487236,-0.11141513669621907,5.070838941428145,-2.1739858919763333,-2.2319939935916113,0.28738084075781395,10
29,0.8816327691712244,0.4888412065627491,5.039879138964296,-2.0504418553735375,-2.063227828286569,0.27007546478785494,12
29,0.12591794664068326,1.0532603764973243,5.136003456162169,-2.123645550005283,-2.1464523496723946,0.29884157626322444,11
29,0.14690417488109112,-0.12341146184129931,5.252804135835032,-2.1313345316396743,-2.170940707980987,0.19092812868187492,18
29,0.7009422461893707,1.088833760074006,5.151811757381797,2.136369490119504,2.2126335482982213,-0.37602189735617136,3
29,0.6997142050669853,0.4891770068009293,5.123060551680555,-2.0486574707882315,-2.069756287816839,0.1456217099277921,2
29,0.7142378711785861,-0.11786273915821688,5.1912780322308345,-2.1693791129283158,-2.2051629396675136,0.21602220591453683,0
29,-0.06228968531047263,1.0650053705793847,5.247315178684353,1.8893484625575105,1.9991412236836608,-0.07761079094555585,1
29,-0.04741766962551245,-0.1289116666730464,5.334178484065335,2.147193940306149,2.177882156311948,0.2432319242291658,8
30,0.8780869070029778,0.48859920205163837,5.028880329723659,-2.05423445624117,-2.067321750359653,0.2276307005901348,12
30,0.8893687064736908,-0.11071984449802148,5.0738980406120975,-2.1630722480184326,-2.220238188694859,0.3029659975049318,10
30,0.12383259786689294,1.0545250060010805,5.137822625475759,-2.120318840054149,-2.1413897375068816,0.290312813734556,11
30,0.8634828254621699,1.0599836877019868,4.951488975804917,-2.0667965300974345,-2.06705444830972,0.34621689945277795,13
30,0.14506924612047006,-0.12282657067383532,5.250286226249893,-2.13299317167349,-2.1737870199020555,0.18495546586971107,18
30,0.6845937929009316,1.067410560456522,5.046813588540859,-2.065470429914264,-2.068693379231164,0.3671357775770013,3
30,0.7003063198190586,0.49126007390293686,5.141361668369271,-2.063490826919298,-2.083704397047292,0.20547531051645712,2
30,0.715897924227597,-0.11695210278528062,5.21593121578632,-2.109807549120067,-2.127655765646083,0.06603260666806818,0
30,-0.06398455174721338,1.0641242469684038,5.239047491668853,1.8891902383063426,1.99510604137455,-0.11744052919806587,1
30,-0.04994533988661729,-0.12884280174950294,5.340086840861359,-2.124140497918496,-2.1565091310910596,0.20841077918323722,8
31,0.6824750983533645,1.067545446890678,5.041338468968069,1.9334893732551557,2.0636880258264325,-0.3588466377838247,3
31,0.6976054273009152,0.4909858017590135,5.129949337005724,2.083929272080528,2.1641357210770593,-0.22414406313431443,2
31,0.7116187082078027,-0.11633168063539327,5.194642748303997,2.2114588074032095,2.2519605657124275,-0.24857237314637792,0
31,-0.06602739060375828,1.0591320629082668,5.205333378609194,1.8698270098110827,1.974309530485384,-0.08613451055652166,1
31,-0.05269259290664237,-0.1277434091416769,5.334885880500349,-2.120460148298716,-2.1618916593580546,0.20146671221213494,8
32,0.8723672708356551,0.48928811271186873,5.017775154912745,-2.0542261190785487,-2.0718129622073387,0.22207470775591157,12
32,0.6813974426418388,1.0720618981203802,5.055461704621355,-2.081386073947799,-2.0970917097356216,0.3423970939134689,3
32,0.696351474368835,0.4916643660314459,5.137512930526496,2.1013442607395105,2.1838996197467653,-0.30948553789512323,2
32,0.7084459863758409,-0.11575742719014452,5.188963084976762,-2.095034441287792,-2.1061663983522556,0.01455058277064788,0
32,-0.06923782132534034,1.0625515909104832,5.217284714704973,1.8696594038937235,1.974215729889171,-0.10144990895724941,1
32,-0.05594837336419347,-0.12847180484238385,5.3348154608635845,-2.143154593309468,-2.1761749005378226,0.2417501909872368,8
33,0.8694095668528872,0.488918100148134,5.013038978712788,-2.050689958006742,-2.0653627600814994,0.22746389430156083,12
33,0.8822005825604281,-0.11013908742030062,5.063681217582696,-2.1603659358174534,-2.223029173778357,0.30910618337324974,10
33,0.8555771212624897,1.0608843190222081,4.941387207957241,-2.06701229340691,-2.0658254341619378,0.34501361896172794,13
33,0.1371409084344431,-0.12275343249492447,5.235603174459194,-2.1363631349330667,-2.1793571564000946,0.1932709386562793,18
33,0.11516173685197593,1.053423162920829,5.1197065994517565,-2.1243982394649175,-2.1480874344765617,0.2979792532020328,11
33,0.676544306914705,1.0685888740561664,5.036507227223577,2.3355479437188564,2.345277824299722,-0.3431797318554358,3
33,0.6932465261714497,0.49175337414684755,5.13364578546328,-2.23918427719742,-2.3315382285535238,0.3033045814632609,2
33,0.7061743353896238,-0.11701148924585777,5.186238889574344,2.203832348412819,2.2588226543244643,-0.24882606485828082,0
33,-0.07257810435467958,1.0638460398506524,5.2221853219413985,1.8852910435323336,1.9944590892918581,-0.0975865847088012,1
33,-0.058582382015711656,-0.12929281642138232,5.346215719566476,2.2740975089066398,2.30635521666588,-0.18056574873437692,8
34,0.864188096926698,0.48611090421170733,4.99578471319262,-2.0470904354342623,-2.0605282199607413,0.22560306881178474,12
34,0.8778528334878108,-0.1115841224424848,5.051522535001177,-2.1645911926347443,-2.2191854821580668,0.2868631219404166,10
34,0.6826112357244111,1.0807143557194123,5.10031801545091,2.110714122627985,2.188237112140294,-0.3547197464158985,3
34,0.6878496359764394,0.4889615504096484,5.116677538958743,2.050984025079979,2.1426863942560486,-0.2787987587853219,2
34,0.7020001089145265,-0.11790934125825059,5.173621148613758,-2.053447265385485,-2.0618854587260933,0.0032140055796454777,0
34,-0.07599671897570527,1.0618163223135837,5.217818452308319,1.878172670268239,1.9860496599883688,-0.11899565678041794,1
34,-0.06233573212301174,-0.1313862480136023,5.3561522392734116,-2.130632748946974,-2.176855495053969,0.18642040221901088,8
35,0.850207303602353,1.0585779793743884,4.933544020416214,-2.067117600546532,-2.0706815135125547,0.3292883163524691,13
35,0.863446228800356,0.48589479583843775,5.000076602765328,-2.0543155355418667,-2.072270121723171,0.21729044517355448,12
35,0.8766292765917686,-0.11275337175361697,5.0514575007531946,-2.1609427078844843,-2.224842830013384,0.29833711162421056,10
35,0.6712270739436795,1.0654456102611423,5.028793658512856,1.9389904166582124,2.057582288704625,-0.3935504212667705,3
35,0.6815319600738861,0.485812896046267,5.082720206841633,-2.045844908907006,-2.0664199183124,0.17543138296584326,2
35,0.7000929124261672,-0.11944466146162393,5.171819118840068,-2.1625506110299,-2.214558786715748,0.26801647555699154,0
35,-0.07918044283539831,1.0604492940058763,5.21181294402291,1.8877763624695172,1.99706171767475,-0.12024477249988338,1
35,-0.06384387649813854,-0.13258267185665015,5.337879636385494,-2.1406114722048266,-2.1824996841761863,0.19438613536141933,8
36,0.6699519741344745,1.0686178144413725,5.03680211603727,-2.081706495309679,-2.100825398634601,0.31074478387629906,3
36,0.697632979513795,-0.11994453405441213,5.165003622200335,2.185457496271867,2.246827369206952,-0.24091634959222644,0
36,0.6901627913372597,0.4928409157891808,5.1597291466753985,2.144616726763214,2.214054535846843,-0.3166410524836723,2
36,-0.08211387959801543,1.06098726304321,5.211730788161599,1.8882483605887603,2.0023945263011758,-0.10592964755786158,1
36,-0.06605769188845739,-0.13238191401800953,5.311697975329027,-2.108654399395002,-2.1512937260372627,0.21132090751884888,8
37,0.8447935150082536,1.057105991437347,4.917798432514431,-2.064648168122531,-2.0663656660163077,0.33269775593641665,13
37,0.8588932430151517,0.48546761226889906,4.988368766454939,-2.051539452601796,-2.070613391947086,0.2240816069018282,12
37,0.8725103768451205,-0.11298402055838752,5.038792302333276,-2.0574881764068103,-2.0661720050612393,0.0009191024384728985,10
37,0.10463591779994887,1.0496850832744575,5.100913432418748,-2.12206434983699,-2.146138807403109,0.29414461837017175,11
37,0.12759399953725212,-0.12675787984981313,5.209482376241143,-2.132135610623315,-2.1755724884488603,0.21073464892407123,18
37,0.6664808564863253,1.0660496204710856,5.021109213243958,2.34099928120732,2.3543476478559233,-0.34123180040342843,3
37,0.6793321333729838,0.48603135342752646,5.08840004973715,-2.059186780965539,-2.0770784585645643,0.1557400875151429,2
37,0.6987366340243522,-0.12090950298227325,5.1799722287069745,2.2122483879127057,2.278898696879769,-0.25181847006838637,0
37,-0.0831834801285716,1.0577035199454639,5.1953644300179125,1.8805194730912296,1.9978146314444127,-0.0816095967690518,1
37,-0.06780637504719793,-0.1331567010383049,5.319277175192367,-2.1326534578890923,-2.179030981723104,0.15729857482640625,8
38,0.8577846591816781,0.48507667017111844,4.985619970297968,-2.054157037925542,-2.0748771136826365,0.22717065848156517,12
38,0.8427126530674238,1.0565792596102372,4.912759723323135,-2.067468372520963,-2.075241306017944,0.3295647534358025,13
38,0.6613283050210519,1.0592569235247773,4.988917521652061,1.9081537771295098,2.0421744665801604,-0.4180165101533871,3
38,0.6773751038995898,0.48540751157654394,5.080620917690313,-2.0463240938582516,-2.075125333906341,0.17495726249891788,2
38,0.6944603147032765,-0.1208722034250407,5.155523090551485,-2.1715935593134814,-2.2227463828619105,0.24883653637659464,0
38,-0.08533911443448196,1.0586122242669453,5.199683173389229,1.8845727495431932,1.9966038177044347,-0.09577922765194978,1
38,-0.06870885074628293,-0.13381345595006378,5.290336934346871,-2.0987524809190274,-2.140523493376368,0.2512053473879778,8
39,0.8571450020380159,0.4845628820905674,4.979151309854042,-2.0552380420029026,-2.075353355898805,0.2143147393594864,12
39,0.6602643841113184,1.0593163808409056,4.982544918630011,-2.0478745147386195,-2.056538562135848,0.3231161245101282,3
39,0.6787284189605407,0.48630369450298194,5.08807089098866,-2.069129702514873,-2.1043026535078138,0.14154796322166407,2
39,0.6966314939299616,-0.12162207059289178,5.1630376511477465,2.21542778833265,2.2697333595116427,-0.13209076577140086,0
39,-0.08676794193242622,1.0576860323451645,5.189971008348545,1.8829160813565482,1.9956533663771563,-0.1177512610966826,1
39,-0.06947324546869661,-0.13525350055173999,5.296287639286446,-2.1343465526679997,-2.1741063327850574,0.23444900586935746,8
40,0.8553150643299896,0.4846143760912526,4.968521517571894,-2.0511183598692972,-2.0734969932080265,0.22648410360281546,12
40,0.8388634616585808,1.0547077724804195,4.890155267671883,-2.0604413998125004,-2.0640909046865654,0.32032630413747987,13
40,0.09991712987097019,1.0485501941873814,5.0843227264663495,-2.1208666968530876,-2.150372196105763,0.2944284373870777,11
40,0.8681568507160979,-0.11389167398707814,5.009905229152109,-2.170294498225296,-2.237522951727199,0.3099318473903478,10
40,0.12477832265655504,-0.12913178830070393,5.197243116519632,-2.1316945925178117,-2.1820202597828287,0.18903667766728,18
40,0.6601535482236038,1.0625513033706282,4.988361946095268,-2.05821897438098,-2.072934518238496,0.29638070640850517,3
40,0.6733364431721292,0.4836227596631477,5.0498598684544955,-2.0406620545374126,-2.060791528564058,0.23458019329904256,2
40,0.6950828726208288,-0.12156240896089487,5.154691233056306,2.2105483339789616,2.2558835386383245,-0.1802082836206025,0
40,-0.08902308269504626,1.0559035540568338,5.173673566373526,-2.127327742096216,-2.1535685289155007,0.28529067210418574,1
40,-0.07033896670356785,-0.13524594930796327,5.287497137707621,2.125387699114815,2.149084043555444,0.282546877572416,8
41,0.8522306530500057,0.48422389515463626,4.952553476219323,-2.0454260850957895,-2.0646352395700878,0.21377668206388278,12
41,0.6583413804749623,1.0630131185822365,4.981371757993551,-2.0640969028786045,-2.070585207576238,0.29878588863880134,3
41,0.6915868252720085,-0.12122573443856825,5.129886062948922,-2.1810408527383793,-2.241085371513871,0.23313243332222397,0
41,0.675301580534802,0.48548506972377325,5.064319094058957,2.0527768417207475,2.146344919638827,-0.23962279034269995,2
41,-0.0912353755464699,1.0515683562196294,5.147794766735614,2.2725331162224465,2.307830842950305,-0.3215382855241958,1
41,-0.07115921082397526,-0.13563213350995754,5.2680800318143275,-2.2668366096482178,-2.3126514471287254,-0.3236030748735479,8
42,0.8660762663950455,-0.11267541233500496,4.997554698529424,-2.0278328635542207,-2.0415221913473274,0.027137120652485473,10
42,0.8525644277581543,0.4856229705635951,4.9558626887537445,-2.0477972028958877,-2.076460927977574,0.22708818506565917,12
42,0.12281071406417471,-0.12999707992952766,5.1842751466106085,-2.132702381782707,-2.1872092566075034,0.1879112753754823,18
42,0.09587038601959451,1.0472454849723103,5.064797524006325,-2.118337831070594,-2.1527523083797644,0.29450528826786654,11
42,0.8359068962688647,1.0569499949599601,4.880801779670638,-2.065703242523893,-2.078532908187934,0.3250039629448823,13
42,0.6561417721979677,1.0626070299001762,4.970848197119972,-2.063045418476345,-2.0728015536123183,0.30666938399683297,3
42,0.6729578644877797,0.4856076110797664,5.054533112772297,-2.042118015263939,-2.0750821748857344,0.272926266414914,2
42,0.6937966603133271,-0.12112603605790583,5.144829846305164,2.2881269104898916,2.3264897282688533,-0.007087162972806896,0
42,-0.09279062829063643,1.0528750421898943,5.150957855805425,2.2766297847617905,2.3213108537677867,-0.27376206994904123,1
42,-0.07171627418102643,-0.13674515869796558,5.2654008811088575,2.133072395710467,2.1791130142669486,0.31691151251706356,8
43,0.8501396909374548,0.4860732092300732,4.9421495642772415,-2.043872110480461,-2.067799534556213,0.23518660827467952,12
43,0.866145015949663,-0.11223629242672331,4.996981160997056,-2.162245468854685,-2.2365105884777194,0.3096510945470989,10
43,0.6536636086383055,1.0629610388005422,4.95830261175127,2.344611643333492,2.3557015699465245,-0.3538228496711972,3
43,0.6701457032338164,0.4855779852728849,5.037008961727924,-2.0396360021284767,-2.065341250517387,0.22956152996402815,2
43,0.6908301606509376,-0.12023351275521153,5.121679937504055,2.16208368999097,2.2290029925130037,-0.22567722328699444,0
43,-0.09482514843623358,1.0506676008179303,5.130354315858561,2.2825042950063588,2.3197481005054064,-0.31617503971051014,1
43,-0.07352673337148875,-0.13725520297955482,5.268367062729053,-2.1135792541391147,-2.1630577378230815,0.1763547344533323,8
44,0.8473208649719899,0.48764894277937393,4.927301283725564,-2.039261369140259,-2.0668869999203805,0.2255575482834911,12
44,0.8636014364079391,-0.10990856559617614,4.980007665579774,-2.177370235921768,-2.2564109940967914,0.3017908424447472,10
44,0.8320680499680738,1.0609372695243566,4.866733005786567,-2.061707703593604,-2.073511623622752,0.34368089854974854,13
44,0.1209243485731045,-0.12863996528406454,5.174445179452866,-2.1317970207268657,-2.1894458172019884,0.18417466069763644,18
44,0.09127941418837372,1.047157806176824,5.038682448805821,-2.11420970217492,-2.1512002007440074,0.2965496834487868,11
44,0.665158090187085,1.0874615820096791,5.0547186610630925,2.090682448667221,2.1840059852385623,-0.36750179245395764,3
44,0.6713532729111192,0.48900033056445674,5.046922153902654,2.0585309848158517,2.156243457911385,-0.21893057289316556,2
44,0.6884114932251957,-0.11792129667687477,5.109361873793509,2.195086522773799,2.2514854219457,-0.17580103549735773,0
44,-0.09695974540828509,1.048583475440997,5.103035294412799,-2.098811292822657,-2.124757718379399,0.31364910397227286,1
44,-0.07431842029609156,-0.13620891130121704,5.284624383112273,2.1559034792616503,2.2045003039682403,0.28548210933270274,8
45,0.8462504669358022,0.4910371288470368,4.917034194020728,-2.0352280029786045,-2.0617742092384916,0.22476077795188676,12
45,0.8639185912376175,-0.10636093316391296,4.974833890619653,-2.1643211839638337,-2.2433354743687386,0.2999119533627923,10
45,0.6507809838799199,1.069122270227314,4.945698729698082,1.925288327115106,2.0601226183374037,-0.36688138106890994,3
45,0.6693085347788275,0.49237506523601127,5.032803020833594,-2.03998273971655,-2.084089781251369,0.27105687915424476,2
45,0.6884325480233093,-0.11448047417865247,5.099764422762638,2.1942324872424597,2.265961928630009,-0.23767378798734784,0
45,-0.09793369620797608,1.0501482781384464,5.087043074110308,2.285846096665119,2.3175543310722886,-0.3688751876593073,1
45,-0.07493784913142565,-0.13290370061715417,5.260034439010136,2.2653257200580112,2.3161735267508647,-0.22596879174065085,8
46,0.8637798830083968,-0.10043800001670655,4.965617330592984,-2.15878681027462,-2.2351832156493443,0.30312989308567384,10
46,0.8459189134398595,0.49755420887389973,4.908908167618083,-2.0394343769341754,-2.0701208830118274,0.23052079848527612,12
46,0.8287521226035076,1.0705978104944716,4.843813224211665,-2.0641769933104572,-2.082658088492131,0.3274557473586526,13
46,0.6476447625766155,1.0725756932009454,4.921474973498241,1.927801684591879,2.069265032407476,-0.3176734450155798,3
46,0.6675153995268565,0.4978390906051425,5.01573063602524,-2.063708405826729,-2.1143701745509413,0.24989107378164646,2
46,0.6872320617974922,-0.10881692554194108,5.086703700191235,2.1947152456576973,2.2678132114211245,-0.29334846657529945,0
46,-0.10259443193733603,1.0850931049477732,5.218899644592193,1.9175142384477735,2.035395617293779,-0.11443889622790009,1
46,-0.07585540606760535,-0.12731467483206832,5.250264616524537,2.246633268836989,2.3006198892221903,-0.1965194303475889,8
47,0.8281393724818928,1.0776237567571043,4.832535936344682,-2.0635635434159454,-2.085167161363771,0.3356067279248991,13
47,0.8445528446920967,0.503579543516161,4.891725372374797,-2.036126476203662,-2.069665545087934,0.2355831425743833,12
47,0.862904825326566,-0.0934539976212863,4.948075905981151,-2.0232577499138205,-2.0444257787115068,0.016080781824335436,10
47,0.08622312593274174,1.060178839600759,4.995781992124294,-2.1106544617658676,-2.1512827352797026,0.30145160730160797,11
47,0.11962117160537789,-0.11413432128086429,5.14593127966262,-2.139011538077852,-2.2000278773484894,0.19936860157385317,18
47,0.6617763403773207,1.105079562592473,5.02534376323725,2.04181476111753,2.153847551205394,-0.3785908584501756,3
47,0.6645626171707969,0.5027759202322152,4.984452883520545,-2.033869798371082,-2.0718552051291863,0.1990284637535467,2
47,0.6884598601624878,-0.10199137674414316,5.083717071431952,-2.055107286495731,-2.0930457241334848,0.03532232379044363,0
47,-0.10078684994246771,1.0609169295305378,5.062236429856339,1.835733237084284,1.968683839763953,-0.0878648227995614,1
47,-0.07601209523216114,-0.12172381358185654,5.222047695866331,-2.110468020263867,-2.1697313518578794,0.1973177752606327,8
48,0.8434286321360933,0.5083141493862173,4.873368045971764,-2.0316852649112187,-2.063098684289467,0.23056045797000196,12
48,0.08574772503298572,1.0640705021022014,4.980865100933999,-2.1047536063597083,-2.1481544221078255,0.303219780163556,11
48,0.8273039512185696,1.082536199467114,4.818052031151646,-2.0579538451855948,-2.081782017072743,0.3509236065900615,13
48,0.11982863999869663,-0.10945789723454379,5.134521873944207,-2.1472782382814084,-2.2105029458228307,0.18467714257454632,18
48,0.8631453295508689,-0.08865703475739399,4.935353368833933,-2.1691516443261265,-2.2527891322667957,0.3083756576635529,10
48,0.6443820395902238,1.0815032177892412,4.8821746399031705,1.8943268294691487,2.0481984147590224,-0.36815613829345484,3
48,0.6641725050888153,0.5077160760093281,4.970943654923389,-2.0354013075101363,-2.068448574985211,0.19214236759455175,2
48,0.6851481602397843,-0.0970402346185083,5.043726467892323,-2.161727185904096,-2.238797733296208,0.3036638368490522,0
48,-0.10192576312463823,1.0694542731917707,5.068620521140352,1.8411877221459545,1.9710245011272556,-0.1304821436017687,1
48,-0.0755462919194614,-0.11645166113366773,5.20140243386813,-2.1009409531320307,-2.158343465333799,0.22351731466251193,8
49,0.842675688066699,0.5126564605879249,4.854009665614427,-2.034260553155319,-2.0662792778090324,0.22919885916831714,12
49,0.8280190501149571,1.088322359040354,4.807195957493973,-2.0627227010341227,-2.0867507659937816,0.33047385106282434,13
49,0.8622425933647488,-0.08337225461546961,4.914691285758269,-2.1690125317672004,-2.2545387370197174,0.3214331055207336,10
49,0.08586580240790471,1.0697303721035556,4.971801630730282,-2.1054695533051966,-2.149270526834935,0.29844283551295253,11
49,0.1201950134533135,-0.10448241981877653,5.119077252422675,-2.1232201781991,-2.1891050935263134,0.18641687017351605,18
49,0.645937807635736,1.0905610593805117,4.883543668657248,2.3412790273534236,2.3638623105151577,-0.34925485623408364,3
49,0.6676714524029093,0.5150696574042635,4.981167276384619,-2.0515781456162148,-2.0890604846869776,0.1991020071775442,2
49,0.6895461754040448,-0.09233240585463678,5.058974347292852,2.1887290192086137,2.2632280849535387,-0.23853884184440477,0
49,-0.10267289090192985,1.0748391094449385,5.056304186642883,-2.1071992055470314,-2.1531531127097794,0.31284440448858153,1
49,-0.07530813035222679,-0.11271033835104116,5.205609707394003,-2.1091957441061897,-2.169480058592975,0.19362083129003602,8
50,0.8446860718774862,0.5181712180393158,4.843147974127363,-2.0324749231337895,-2.0656698858768108,0.21788014155210314,12
50,0.08745234578894284,1.0737553921530576,4.953605975127027,-2.104130646719085,-2.1456170598493616,0.3042274800374025,11
50,0.8635741192167817,-0.07763937991615555,4.899801502749019,-2.0158688087023555,-2.0354084401545185,0.0076510925895648795,10
50,0.829568021022447,1.0933374219714256,4.794318319786564,-2.0662495658023996,-2.0913470756246335,0.336209905298274,13
50,0.1218702691472923,-0.09897352440414013,5.099460529556368,-2.1220077137489333,-2.1901539959692955,0.21286236524033006,18
50,0.6440043137515876,1.0900113196204422,4.845824294174656,-2.045722758699275,-2.069823717214938,0.3010837231404252,3
50,0.6746809112824984,0.5242756352279366,5.008425317944976,-2.1638414312900287,-2.2366877697588956,0.2671727447227112,2
50,0.691546034889445,-0.08675484049692063,5.047594516009505,2.1896557949482123,2.266867785220733,-0.2445664836010645,0
50,-0.10115894381453677,1.0804818975804695,5.044929046679195,-2.106367797253301,-2.1591832777642663,0.28183156707121926,1
50,-0.07306130485254286,-0.10672302578685174,5.190935828137089,2.234140140844603,2.301756355451814,-0.2481456825164664,8
51,0.8455687212089636,0.5241593315366637,4.819310868107596,-2.032967928383529,-2.0629742658073593,0.21940755924299746,12
51,0.8679288702073749,-0.07152213348596118,4.894754684579008,-2.1626364745444833,-2.245752390477267,0.30861416221385707,10
51,0.8291273047175022,1.0971562448463683,4.763088665567717,-2.060714179207249,-2.081035508318402,0.33931500434261436,13
51,0.08962544774219074,1.0825555073555313,4.9455915754174935,-2.1067708430552483,-2.148634199491866,0.30351303409812436,11
51,0.12409787310694528,-0.0918203000679903,5.092507071740817,2.2384617712503627,2.3076548608444956,-0.21644221780688386,18
51,0.646207550189177,1.097466518121155,4.830855025228962,2.339434667560287,2.3610428086141493,-0.3500721802741017,3
51,0.6688912993660094,0.5257275940763019,4.934032974368273,-2.054554132126502,-2.0875544363062124,0.15889989927782697,2
51,0.6903401342206009,-0.07915581276747642,5.006141631386888,-2.1494580880596157,-2.2217536075250504,0.3163975637987504,0
51,-0.09898610954384066,1.0896391018057785,5.0374352262945585,-2.114474479156946,-2.162154054389317,0.30226697008173675,1
51,-0.07126104496964508,-0.09956211545407645,5.170008716880526,-2.1336706823272,-2.1939403237029556,0.2662853303888504,8
52,0.8325650492181063,1.1056458973962424,4.754018174300158,-2.064934324326002,-2.0847616126218895,0.34130364441088706,13
52,0.8681757031022087,-0.06426291976481403,4.8694197730695885,-2.0277127701081192,-2.0493137925746425,0.019381228386748516,10
52,0.8485137583507631,0.5315030610427781,4.807844926410382,-2.035650643206644,-2.0653062125349906,0.22875452994118683,12
52,0.6650847305893424,1.1311266798286013,4.932098945674241,2.0063036230663474,2.131205168813932,-0.36290535531855533,3
52,0.6800043516362578,0.5394596857983088,4.981596678015943,-2.137226575079729,-2.1931806510612035,0.26005525776418476,2
52,0.692598270801417,-0.07192896180524523,4.992780781507188,-2.0760991510950517,-2.104524871454745,-0.05098303471090532,0
52,-0.09669957381437366,1.0949259424039481,5.0091576057496106,2.2683251049819884,2.3158935545674524,-0.3321710848579723,1
52,-0.06957973574408136,-0.09146749715517663,5.1522684834076315,2.248545410169439,2.313878940830571,-0.26918241758589234,8
53,0.835958576758848,1.1129733767650818,4.737572111072974,-2.0650843626941686,-2.0837708434740283,0.3401488510503966,13
53,0.8526501131979812,0.5396177282263944,4.798694110402729,-2.0412708043983745,-2.0746973409416585,0.240352816654658,12
53,0.12795816942914134,-0.07626643492138645,5.046584590680527,-2.130827302297859,-2.1931215026920032,0.22553837142324348,18
53,0.0945184030374373,1.096517533383272,4.906420657625694,-2.1078044945686956,-2.1447377643168437,0.31560013267037834,11
53,0.8696165915935642,-0.05744106564000425,4.84579332154341,-2.1587901515921333,-2.2450153934592914,0.34928283651319075,10
53,0.6519073397525255,1.1113516798903924,4.797630355332457,-2.0522785303470417,-2.0724842251188176,0.3114833460256,3
53,0.6738051214887107,0.5399644617391897,4.899606075343969,-2.068252907968145,-2.10775601570901,0.15476815781364126,2
53,0.6953470347417396,-0.06436611281097705,4.975331864420476,-2.0787789316443157,-2.115403796217837,-0.042314928241892695,0
53,-0.09354835801289775,1.1013662948516239,4.985359641527086,2.2720010621823743,2.317561787191098,-0.332245227187794,1
53,-0.06743630824587973,-0.0835735251953058,5.1585778229985735,-2.117637369093034,-2.1809641432614493,0.18901266451057938,8
54,0.837762336936804,1.1183765001318524,4.720602632455232,-2.0667939799697264,-2.087027303498246,0.33525915799823447,13
54,0.8530100931225256,0.5445736124319327,4.775019849259965,-2.037910467999936,-2.0652341099333875,0.22449616123930297,12
54,0.8720498205522801,-0.05149950787755019,4.833847245024586,-2.163530505885282,-2.2468798965677848,0.32734529848149874,10
54,0.09699279771942995,1.1024871920784676,4.890022176965731,-2.109367612932455,-2.146744223471529,0.3090789389570339,11
54,0.6568919687802642,1.122683839538045,4.804453521723778,-2.0746345711631555,-2.093647419645206,0.3716257688977665,3
54,0.6738490440434404,0.544194649184024,4.868880968327849,-2.0589647390099404,-2.0976667947621066,0.150154361441002,2
54,0.6964629392836265,-0.058164367597815236,4.9546839111370975,-2.0682676095840935,-2.0979640166832656,-0.01946936030460295,0
54,-0.09022858562485817,1.1062048838184488,4.966370142006391,1.8329980452692745,1.970438033806893,-0.10727507860678552,1
54,-0.06483933345820643,-0.07653332422965664,5.133729938556841,2.1164671410875155,2.1791683205889827,0.2580080733283518,8
55,0.6587879617937511,1.1335035245339122,4.769276367456411,-2.0623567391217668,-2.063499284591927,0.411688835362143,3
55,0.6779574837249461,0.5579396385870304,4.857375607757841,-2.0672028410276204,-2.1059206881664574,0.18218097215544532,2
55,0.7018923437923393,-0.04701720328058656,4.952756332517141,2.161901445064874,2.2400994086767145,-0.2364665425454451,0
55,-0.08791977692623963,1.1225324267854664,4.949398960549173,-2.106463661148086,-2.144542464730415,0.31290263249201394,1
55,-0.06292208140068119,-0.06277824456189435,5.103361749422605,-2.2447824051004925,-2.3022635813774586,-0.3051314809412028,8
56,0.8584463582911309,0.5620874561293536,4.743528408832987,-2.044286397393945,-2.06952393502458,0.22872161548904452,12
56,0.8452303316506314,1.1385039070332377,4.69461566578066,-2.078249561617228,-2.096580403676035,0.34130532657380774,13
56,0.8773669153298529,-0.03488610074180482,4.806624657757669,-2.1472112473755276,-2.2225830452001873,0.34715712112219366,10
56,0.10240239232705922,1.1221679491920102,4.853733751549466,-2.1143309342511363,-2.14728174691667,0.3314174770865297,11
56,0.13369662004617552,-0.05079782754654881,4.9822952102376945,-2.123740972681255,-2.1831686331430276,0.24957102209031387,18
56,0.6619302535563205,1.1402179207822793,4.76379869149045,-2.06915006600343,-2.0751349932501557,0.3993322387536906,3
56,0.6843559133409418,0.5667346356851404,4.876592317560779,-2.075664070380026,-2.110589046585179,0.22553167031804455,2
56,0.6963150186814615,-0.04109723520986453,4.8912107708263965,2.148557462301473,2.2155899254506983,-0.27591367381605253,0
56,-0.08561743792814726,1.1303504459947349,4.943381999901594,2.249871964816219,2.2979909602015094,-0.3225874518168397,1
56,-0.06092295831912194,-0.056790127345769235,5.0837478616528715,-2.238165883165148,-2.301700280250492,-0.3237623401758353,8
57,0.8597966554418487,0.5675687260730747,4.73913225005508,-2.0465665291231714,-2.072243509717882,0.2562205427777401,12
57,0.845289095888124,1.1425519294952295,4.681123309999455,-2.074789515788613,-2.08790610745485,0.3371527706962345,13
57,0.10393837045261345,1.1295217751685034,4.852416844297959,-2.119820904820913,-2.153668110613509,0.33092870289745047,11
57,0.876181253806338,-0.029540499444428676,4.791284728329133,-2.0308145588647606,-2.0449886046167096,0.029966076414243717,10
57,0.1344427619093961,-0.04535877309782126,4.9801364889039945,-2.126166865766973,-2.1828317471877483,0.23507913788621648,18
57,0.6637743265364328,1.1464726323375019,4.757753261911164,-2.07640157277258,-2.090286950381094,0.3313152681704574,3
57,0.6826015908504117,0.5701991321792115,4.85020933279716,-2.0528886495902143,-2.0848635394001134,0.16498878302759032,2
57,0.7034501688692166,-0.03611757278156617,4.930601922511318,2.210144300477702,2.268337060894849,-0.2413474406007277,0
57,-0.08436839440688242,1.1342780846993825,4.928307179167744,2.265862833791888,2.302159309039037,-0.3246722218177891,1
57,-0.060009334372800545,-0.05128038268893191,5.067142553096591,2.1184991548739327,2.1687441143566537,0.29187076356728514,8
58,0.8455128258160088,1.1460904999005617,4.668590178849497,-2.0784442424121155,-2.09319025933072,0.33367055495088455,13
58,0.10332535960450477,1.132984626447489,4.835130285992172,-2.121384970539811,-2.1542640925009833,0.3185844658002329,11
58,0.8584923254387022,0.5701079609617562,4.722080179270403,-2.0514712520723295,-2.0747229582667743,0.22483592110033093,12
58,0.8755322739788503,-0.026938261712847043,4.778921161975414,-2.146514638104163,-2.2193889543818806,0.3621407027639974,10
58,0.13216080825939805,-0.041218434130459836,4.949832224908179,-2.12057018484126,-2.172805247565402,0.25592206392447275,18
58,0.6616145634822199,1.1468352675777576,4.730055770227482,-2.0638617297407627,-2.0743420173327594,0.3234485620339101,3
58,0.6790412379251759,0.5716756288782138,4.818021340440407,-2.057185053400858,-2.0851671969774372,0.29085222100284247,2
58,0.7033482466611404,-0.03288254891785333,4.924230813402183,2.222630133659373,2.289281022441317,-0.2962209121579373,0
58,-0.08469152261524193,1.1408936979772486,4.924182221178755,1.8412288277688251,1.972663646661703,-0.15733495126834102,1
58,-0.06219333465383064,-0.04691899893981687,5.065206526044339,-2.2530930536394846,-2.307722604016725,-0.30217937276298046,8
59,0.8448014498040252,1.1524830005656566,4.65700772858843,-2.0860290856400603,-2.1009788182675013,0.347338296536309,13
59,0.8550598509539279,0.5744623188940231,4.698446661087586,-2.052045378384154,-2.0679960931901893,0.22946000962175184,12
59,0.8715558954177535,-0.02199287587982978,4.7560141065491,-2.047965921491933,-2.0614065157104986,0.03485789794331649,10
59,0.10094352022905448,1.1387519274404716,4.815667210122925,-2.121669610327554,-2.150022432032728,0.32354058061743984,11
59,0.12831403682109274,-0.0355345673217995,4.928726810805613,-2.1327745989630276,-2.1842904562376053,0.25269976967643526,18
59,0.6600751407363857,1.1524096137281223,4.713843007448615,-2.075857683658914,-2.079005008428011,0.35491967076878517,3
59,0.6789743602861426,0.5794828742591441,4.818402514655311,-2.067666552751084,-2.0970848957774346,0.23584715507142248,2
59,0.6977232998882793,-0.027454201182119796,4.88819059210903,2.3011527647136076,2.324092384803628,0.02907373104188439,0
59,-0.0873938643516126,1.1444172810509257,4.890065183164649,-2.1097972549465407,-2.1413447766115485,0.28231760319666577,1
59,-0.0662701729198619,-0.04108014212804845,5.0407276905158165,-2.1220960530365067,-2.1671678450899283,0.23240013464219647,8
60,0.09814884123239966,1.1409902016302622,4.783832823294679,-2.1189691074239554,-2.1420612973578286,0.32394772855676146,11
60,0.8682612448964147,-0.019177433450054238,4.732367267833231,-2.1556330699433626,-2.2259965399861366,0.3396533049555363,10
60,0.8631440505930144,0.5849818087128726,4.732689512492035,-2.1518721929191975,-2.217625422174472,0.32977843352605196,12
60,0.8415434052474187,1.1545132380775482,4.626419365416936,-2.0826706593632536,-2.092938519155305,0.3435432370422208,13
60,0.12424913746548687,-0.031851693636700616,4.905908360437746,-2.125274443046492,-2.1754519839936077,0.24262048153693044,18
60,0.6571317726616192,1.1558016167570022,4.687062120018677,-2.067405306584134,-2.0662937339878136,0.3488267948219378,3
60,0.6740673717322555,0.5813470647459609,4.778461054527682,-2.066741544132329,-2.0917243571449613,0.24026874247281022,2
60,0.6904201511074837,-0.024213394969694928,4.839731369713664,-2.1779179016034083,-2.2415984959249307,0.28353768342057095,0
60,-0.08972426058654072,1.1421907946356937,4.840266360290529,-2.1032700012838315,-2.125849648503152,0.28606526364985185,1
60,-0.07046370201271403,-0.03643941222951528,4.989771341921629,-2.093089366218378,-2.1419325840213155,0.23341790051926703,8
61,0.8476247613677306,0.5774570899531538,4.643401076223868,-2.0538363992040978,-2.0690474701879586,0.23108060012915127,12
61,0.09434442211737297,1.1423650614250165,4.75797046168158,-2.123469076624207,-2.1474233800540174,0.3117730861571895,11
61,0.11876672634770692,-0.031065067221865902,4.879740607205186,-2.131421620901837,-2.1793895849178857,0.22452488455041303,18
61,0.8385867289037165,1.1551797859155435,4.601600149106999,-2.089007764901495,-2.0983679751550683,0.33519846890622423,13
61,0.862395407226053,-0.01907561799334422,4.700253016376321,-2.047697641400265,-2.054717129221097,0.03808272449599573,10
61,0.6540635050258239,1.155961290279112,4.6611596203649714,-2.0788769787171066,-2.074235204263976,0.3509026596863863,3
61,0.6713224168608635,0.5827076130679711,4.761893874501363,-2.0758626407223564,-2.102499838061607,0.18871335571191525,2
61,0.685871367437854,-0.02406464711794748,4.815697481508104,-2.151392729476352,-2.2096314161979818,0.3281907413219875,0
61,-0.09287378811246343,1.1488306061115854,4.836387814813341,1.8343364136056908,1.9575548513716359,-0.15310903540695756,1
61,-0.07643634639319005,-0.03603754232010802,4.98144962953421,2.255513689434512,2.308699845420327,-0.23496999221724138,8
62,0.6527776688895253,1.1585496253117396,4.644474757296907,-2.0844187958328178,-2.088435758388961,0.3643874353749841,3
62,0.665196507744322,0.5810188831446829,4.716339979857998,-2.065351518076969,-2.092926082583723,0.22200790644427654,2
62,0.6843852980595873,-0.023142558564638035,4.806950808540539,-2.1169885673295896,-2.136230849826044,-0.04929718114824181,0
62,-0.09498557413188716,1.1503218587241206,4.812601811826899,1.8404444943453537,1.9627408321602748,-0.123881108734589,1
62,-0.0794868532290085,-0.03350297437692443,4.922079355920232,2.0826884441349036,2.1260925553155903,0.32342004128108226,8
63,0.835726560473585,1.156673939433924,4.565754909583865,-2.0930574401921005,-2.098410915675049,0.3267406010705723,13
63,0.6540389101328061,1.1628099052961494,4.6457387156798005,-2.089609090011568,-2.095839885005487,0.32481487011544014,3
63,0.6677036834479955,0.5854747819289208,4.73085850968073,-2.087286955436997,-2.113993111153044,0.22229256153517932,2
63,0.6776070634554496,-0.02238013831319146,4.761524398069227,-2.097715480586492,-2.1099863461234496,-0.08860323662775772,0
63,-0.09614073137992317,1.1534935844004715,4.803770313920417,1.8383828068681398,1.9560558083294528,-0.14743992032866185,1
63,-0.08266112102577974,-0.03125484681354746,4.924048863050965,2.1134509598309843,2.153667705031327,0.3295759643202329,8
64,0.09080814361432568,1.1451092082205594,4.702958726189086,-2.120488403046003,-2.132331525577737,0.3035525800529051,11
64,0.8346175068158884,1.154755786567088,4.5454453328652615,-2.0893960280139203,-2.0889749157657325,0.3156047363079016,13
64,0.8413411643488564,0.577871930743956,4.5870438142126675,-2.0626757544438057,-2.0716673850717697,0.21042004566072206,12
64,0.8511895567653871,-0.018785917950711512,4.627501549381688,-2.0608490974294753,-2.057090057935306,0.0073724791442167535,10
64,0.6545962350850023,1.1642833572291484,4.636524703377157,-2.096873132580755,-2.1063916878512496,0.33704049638580624,3
64,0.6710309592944222,0.589159185732367,4.746306401424749,2.2253443648715896,2.276040500210144,-0.24005157987006745,2
64,0.6766121224903212,-0.02269130116860822,4.751500106042796,2.331737374508027,2.3423946374261586,0.06651883960413546,0
64,-0.09603935462667249,1.1511358363922422,4.776517437444536,1.825881629106377,1.9467686831599242,-0.13119116022461574,1
64,-0.08563752333366441,-0.030644760413342447,4.914406866245447,2.116723378419382,2.1573576210464647,0.3079386674330036,8
65,0.6533226684824576,1.1591241140519117,4.604620226543897,2.3116123250671703,2.3137104917627185,-0.40244876072631974,3
65,0.6765147353730273,-0.02487485959512834,4.742493190848073,-2.1422993379414224,-2.1622712307883845,0.017189254154796035,0
65,0.6684152437376731,0.5855055118279268,4.712220808128021,-2.1443667485946256,-2.178554822851588,0.2338347885941303,2
65,-0.09671928662708339,1.1548310101034724,4.774922636073514,2.2772583112860336,2.2899317255551477,-0.3227434875297621,1
65,-0.08678776863020439,-0.031156260845090218,4.869158907990435,2.1003935573887715,2.1362358029501567,0.30060634960413435,8
66,0.6545846255728421,1.1547841606304574,4.586005454774589,-2.085637790415571,-2.0876115503273307,0.391323032456112,3
66,0.6694924756186157,-0.02980367348564273,4.6832272689806524,2.2043696623073954,2.2545178479326884,-0.3992818782143829,0
66,0.6604768573091032,0.5742415186189237,4.637506244283205,-2.0661732696311015,-2.072329980515951,0.18425216985984585,2
66,-0.0948556814508729,1.150160058890802,4.753688340379387,1.8376213846460605,1.9455703811667393,-0.13353238801143658,1
66,-0.08827885301045144,-0.03492338041311919,4.876596306960447,2.1463094822627466,2.1770807241351524,0.2821721779802175,8
67,0.8391856211883577,0.5637235570484815,4.50693169875298,-2.060998665867968,-2.0527584835664245,0.19092025497647827,12
67,0.8391104419087008,1.1432350479367641,4.48647410636193,-2.0973740792773956,-2.0868134982447963,0.30313734834029366,13
67,0.09454324530161189,1.1362778560643572,4.644213882708864,-2.124991357762467,-2.1242404481333583,0.30094220577753794,11
67,0.10587573812229667,-0.03599357729460068,4.7511619617720084,-2.140169859451083,-2.166428792299651,0.22811622517498267,18
67,0.8472992349797235,-0.03206908663139717,4.552812744131656,-2.1548537352509403,-2.2064722684941946,0.39439058907742036,10
67,0.655188692798153,1.1475349132625137,4.552778836933289,-2.084779955542795,-2.069392079857026,0.3667836973746117,3
67,0.6681920901795885,-0.03521874055519711,4.647389529993667,-2.1783599715384905,-2.232793636031279,0.4172928243266081,0
67,0.672674956025544,0.5781276274738286,4.689071116472983,-2.1506512717084036,-2.1789833086528176,0.22892084264362325,2
67,-0.09238733732454119,1.1461120198137473,4.729619526379039,1.8328242456170034,1.9471530746711896,-0.12484473259208502,1
67,-0.08813896163239947,-0.03875417230848153,4.837415651684916,-2.2612499073158645,-2.2842849312577065,-0.30346095141180424,8
68,0.8462720312012554,-0.038468570555657645,4.522269445461188,-2.1663493458432117,-2.212337787139456,0.38081063072843596,10
68,0.09680995520298999,1.130532177694487,4.619622835149625,-2.1248392969021013,-2.12185343279756,0.3009609000545857,11
68,0.8410342749733126,1.1369391070191155,4.463117491378625,-2.1004171127067126,-2.090634889944959,0.2896720190544159,13
68,0.8397749166811902,0.5570667738134993,4.48007659028556,-2.0630219854060057,-2.0553090607581246,0.19272627906922415,12
68,0.10625713217801194,-0.04143045481578991,4.733992068032947,-2.139692467370302,-2.162403323777002,0.2314683537896036,18
68,0.6558451251802159,1.1389605099523317,4.519663144654212,-2.081015767406099,-2.067157048609193,0.3605646768120693,3
68,0.6664576038422161,0.565946583085265,4.612019913416478,-2.1022422075829943,-2.1024077697804877,0.18973689220368903,2
68,0.6726203763206025,-0.0413986059766884,4.650523694059161,2.2943510293967253,2.2961136826857813,0.04215133570412661,0
68,-0.0897809571646144,1.135725721256732,4.685786452894486,1.8157872265298243,1.9277413110729942,-0.12295821175193455,1
68,-0.08843948358776485,-0.04453786172237863,4.833045735718018,2.1361316899641714,2.1510944243313115,0.23866911746722383,8
69,0.8437511180956468,0.5503726227369558,4.464453711946751,-2.059147141890142,-2.046522817994975,0.21227859145667538,12
69,0.8459075212967699,1.130405321171547,4.447094768867659,-2.1000981383183555,-2.0878633729559732,0.2961691476497309,13
69,0.8502792220826139,-0.045296096277289095,4.510129873552231,-2.0653168134106488,-2.045474423672294,-0.0014311720672727669,10
69,0.10846002584223452,-0.047691587425160095,4.699773748950358,-2.133665180106583,-2.1532073986253217,0.2445211284605231,18
69,0.10141015065640853,1.125209082259885,4.604737259233742,-2.124666525175546,-2.1189354261642928,0.3077558044847043,11
69,0.661875033981952,1.1344809959435334,4.509685274851994,-2.086602071889197,-2.0625098463200957,0.3848196285015374,3
69,0.6690141936978802,0.5580787795435386,4.587751601611855,-2.087986498221948,-2.091368928296222,0.24292056637498213,2
69,0.6733680940315313,-0.04865569101954029,4.62052409096957,-2.1452927639578547,-2.1763155414221496,0.3611525701180082,0
69,-0.0858841122463505,1.1294485802016283,4.663082341083235,-2.1191896699551984,-2.1095173632184534,0.30833376750038094,1
69,-0.08595458932578409,-0.05032302873970385,4.785042993079112,2.257885729490493,2.2705734346144077,-0.25060145953488994,8
70,0.8478927065914296,0.5434122590520598,4.444643366974259,-2.0638974558357086,-2.050318989789607,0.22469878964138454,12
70,0.8519116785927681,-0.05274795691935709,4.481669895134003,-2.1555239659512218,-2.196553192291752,0.39466019464502017,10
70,0.11118047567431408,-0.05389437990252837,4.675582397892173,-2.1328736166327893,-2.148383340895883,0.254556710843902,18
70,0.8514924825191873,1.1240716182794988,4.429763484692256,-2.1029084746471427,-2.0825359163765116,0.3068029992729587,13
70,0.1062757941490404,1.119605353492476,4.5882121014573345,-2.125923112801212,-2.117959615692485,0.3009948070595038,11
70,0.6656198705533558,1.1252592786915308,4.480818453227058,-2.0800829546337374,-2.0571922363533837,0.3361572024307163,3
70,0.6705774186075587,0.5485115372729176,4.550539229499321,-2.2615168791463742,-2.3385311943022202,0.46807562199249325,2
70,0.6782093026551825,-0.0558229743634715,4.610263347978384,2.2381870899293537,2.2611242149816304,-0.32204766357120623,0
70,-0.08085988626207657,1.1316514684030734,4.680539571295967,1.8353431188954659,1.9360221164612834,-0.16233003499333767,1
70,-0.083192476985213,-0.05631577017655761,4.767429046462795,-2.141641030257136,-2.149939848119005,0.23663681739283138,8
71,0.85028510613997,0.5348956615506597,4.413901372386384,-2.054831091190348,-2.033574216112746,0.19946827749401644,12
71,0.8544393225609144,-0.06053692095686825,4.454588473680292,-2.159115226898822,-2.19734486265285,0.3879930560402767,10
71,0.1109299540571193,1.1111894266458189,4.5588133217586755,-2.1234871103795645,-2.10890433636203,0.303285838836922,11
71,0.8552417255729491,1.1150181218287858,4.402591856094234,-2.0947838598653927,-2.0713758972685343,0.30198134319067504,13
71,0.1145271676484522,-0.06072636209301029,4.6693283528450715,-2.1531071529135497,-2.165258266123918,0.21833001691201617,18
71,0.6673089514606477,1.1127720746972085,4.439659986311941,-2.069493864334703,-2.039075305566489,0.3155036166110176,3
71,0.6737295226160953,0.5410849941805407,4.5231294465359015,-2.0779389489314313,-2.073584437811925,0.15106602072935674,2
71,0.6778585059828469,-0.06300488652513872,4.5638148702202646,2.23276394431418,2.2681892549512015,-0.41314184586321473,0
71,-0.07667263127826372,1.1236439510320466,4.6514487428515805,2.306819058769023,2.295361024405855,-0.31635060408314736,1
71,-0.07999509625671636,-0.06283111286068728,4.736205717577338,2.2812988191644026,2.286009675747857,-0.2674424151274695,8
72,0.856609603431512,-0.0680498252718612,4.4237916651536455,-2.1562853401443065,-2.192963290133066,0.39640097232813665,10
72,0.8559016247132896,0.5280593058420254,4.396500887048933,-2.063124958889029,-2.042623386666848,0.1952049415406996,12
72,0.11640624547299744,1.105473909545477,4.542785285384596,-2.122294335732035,-2.1080865094560988,0.2975046206559961,11
72,0.11780881739024658,-0.06751637231214942,4.6262013147766785,-2.130856068728122,-2.1370972553242127,0.24662311213570784,18
72,0.8612841368473149,1.1084950543113032,4.38442914171954,-2.0989880115884065,-2.0749615901188396,0.28214662870261614,13
72,0.6752172119954327,1.1097378958736612,4.434997113131549,2.3683815879987984,2.3388890768982646,-0.35297343986075536,3
72,0.6784527142443205,0.5331352335094207,4.499795718102398,2.0522334823558954,2.119888226044729,-0.40938686885794395,2
72,0.6816693234433199,-0.07024344230107105,4.542296340483689,-2.152710389183511,-2.1853772858166707,0.3420490335552989,0
72,-0.07063578735766933,1.1153065972747225,4.626068683582833,1.8367305780332832,1.9310129069814772,-0.17597807437111115,1
72,-0.07622581819591535,-0.06977533960785337,4.72129602725687,2.307213988499476,2.3210192560730847,-0.24260191370140946,8
73,0.85999686318875,0.5186249253316656,4.370776537811549,-2.0581731415287514,-2.0334225588001207,0.19700382781750506,12
73,0.12180245764516591,1.0968176469827482,4.5215013575927046,-2.1227518116779476,-2.103163770747481,0.2943583570550525,11
73,0.8624409291680243,-0.0769803647725907,4.409443886365822,-2.0542344690018886,-2.0214360560855154,0.0146597957100474,10
73,0.8665430057081461,1.0992866159083259,4.361848697620753,-2.097900809579332,-2.0711385363097294,0.29021088285462493,13
73,0.12186286968989267,-0.07659587958946522,4.612868090986202,-2.1357223665832943,-2.1418002793326982,0.2230356102985164,18
73,0.6781305373187123,1.0969651322919078,4.396660454240825,-2.0584784405277228,-2.0237124696448423,0.3055937378592159,3
73,0.6817724587586422,0.5236853121633118,4.4690740586295306,-2.064209578398388,-2.049939918428771,0.18424253521184705,2
73,0.6853516675414763,-0.07936258910652394,4.514234277100279,-2.0870406049545935,-2.0670957931973852,-0.0402319570274043,0
73,-0.06547347385903418,1.1043994865322702,4.591564642955506,2.3096252654444887,2.301060361569404,-0.3188035074385844,1
73,-0.0726611393494699,-0.07902650009974649,4.703111865356242,2.291078803834918,2.2908356386977515,-0.24517572977488064,8
74,0.6840794107678375,1.085875504850015,4.3811012353767635,-2.0690387281607268,-2.038583284295592,0.2980631888242913,3
74,0.687057554331873,0.5104537082136406,4.449863025917085,-2.27124398430255,-2.3461602667121952,0.4371261416938256,2
74,0.6908043643805079,-0.09302971727924737,4.498115284455468,-2.084908287628135,-2.0638758337121614,-0.04090345846683723,0
74,-0.06051124390318594,1.092717310672618,4.573055633699199,2.3160433368345923,2.2987837911974913,-0.3337463412684768,1
74,-0.06940647926852543,-0.0922118222251126,4.688122704591204,-2.151423166635413,-2.1499960534225857,0.1562692149797454,8
75,0.8746419903502889,1.0717660992960145,4.31462281920408,-2.0954662139011644,-2.067561185524961,0.28059229880221276,13
75,0.1303158776683452,1.0689922683614177,4.471363612308595,-2.118521368085669,-2.098358654946052,0.3007387032923147,11
75,0.12852163565804162,-0.10377625839506778,4.562729375110917,-2.134809967177804,-2.1397971618545815,0.21914918039385567,18
75,0.8656157205122728,0.49038213315085677,4.314086201064462,-2.0543857461311594,-2.027364072746002,0.19093380026705875,12
75,0.8678103999824114,-0.1045348094238478,4.353954788966604,-2.0495532066642275,-2.0128827348834273,0.012560618155820212,10
75,0.690551521433767,0.49722171775886653,4.4298116527377145,-2.0890909125758803,-2.0687224398018316,0.17494508709924783,2
75,0.6888418698263725,1.0736494107696706,4.367660529490276,-2.0709624272053104,-2.034634478891034,0.2991731931846049,3
75,0.6931742494244102,-0.10719431824034592,4.470037923443473,-2.0855916592082875,-2.057435070477223,-0.0539067259361872,0
75,-0.05678900477549411,1.0812770258150806,4.5612974305421075,-2.1223359257124,-2.108030090089255,0.3013082080247939,1
75,-0.06543099878157961,-0.10656384208737,4.656201219663254,2.1452944688029985,2.125947326619084,0.27577376833272194,8
76,0.8708384498139359,-0.12018356983015686,4.338738993252115,-2.050912536128935,-2.0132860789857077,0.004366568631246638,10
76,0.8773886434648888,1.0560597294292564,4.296387602410964,-2.0931545393836033,-2.066236390235433,0.28253465190820265,13
76,0.13082451139832715,-0.11978834479021261,4.542360537898655,-2.1374467836958044,-2.139652291526588,0.19994256613247505,18
76,0.8689969032221576,0.4754792091224064,4.300082421621566,-2.051783985053446,-2.0233241696755107,0.1984418304422361,12
76,0.133414522152943,1.0538858482605806,4.456000044344948,-2.1204782872888117,-2.1001896071281836,0.2938771576226108,11
76,0.6907135746740584,1.0565344931414749,4.34377748569602,-2.0669090200169777,-2.0244398159758275,0.28528892022634345,3
76,0.704450989534211,0.48872960092796375,4.481518382209267,-2.1918374329787405,-2.2261344891525,0.3187137875254451,2
76,0.6955126649817917,-0.12333267894018247,4.452261097994059,2.386179044848995,2.355607347547892,0.0068348349376825095,0
76,-0.05391986826113168,1.065269428400826,4.542441801258264,-2.124602208560673,-2.1063206499812246,0.2886145688136056,1
76,-0.06341933390776798,-0.12192727069751254,4.626107834729416,2.3156542622848413,2.314305400016381,-0.17258512491003664,8
77,0.6970718321205032,-0.14046729815920975,4.434718258913168,-2.194362517877314,-2.2049149124465344,0.2704271280940714,0
77,0.6919293416347282,1.0403997495156385,4.326336406674381,-2.070190156247651,-2.027159963959661,0.30745102286021453,3
77,0.6923535767691206,0.4635851708802889,4.378781091854093,-2.050699813849189,-2.0311878317548953,0.18644927410964224,2
77,-0.0524044078191982,1.0476248371961832,4.516431335814591,-2.109670664303976,-2.0873904145949442,0.30825757395177633,1
77,-0.06324241680540169,-0.13963218833820856,4.615619851141199,-2.099531597178546,-2.107859508375151,0.14026623939968763,8
78,0.6922782861443267,1.0237549536064012,4.305466375306162,-2.0583651158633414,-2.016570243034314,0.31764438050907867,3
78,0.6941920298027456,0.44808265792926805,4.368497017393062,-2.0564251065584713,-2.0289945948261288,0.15238073317204148,2
78,0.6973464761768907,-0.15786967271594513,4.412618057907545,-2.1984258944099966,-2.2117246377671953,0.25137413468266856,0
78,-0.051655978409234665,1.0281289497692456,4.485895193103483,-2.1073404435314287,-2.0793437227633844,0.28839202069458436,1
78,-0.0634252180376782,-0.1576074577238346,4.585687823236742,-2.1024080215631873,-2.1126067328387648,0.13001624772628947,8
79,0.8712550471705045,0.4272339162695111,4.247986977742446,-2.0547771546602926,-2.0285072421915133,0.18632424102276746,12
79,0.8700860500038585,-0.17008427076996865,4.266917805893656,-2.051214031868916,-2.0130343088634532,-0.005929490709171381,10
79,0.13115209968848807,-0.1716455941956609,4.475663710802215,-2.131229479504114,-2.1318805349552337,0.17452012437860762,18
79,0.8778024538691181,1.0070935540769235,4.238470347022432,-2.0909739980560245,-2.062016749073246,0.29123791470600974,13
79,0.13424096804383587,1.0072246221994243,4.409041437070179,-2.1221983800118234,-2.104115533400805,0.273153878912379,11
79,0.6973657073376093,-0.1723493502680882,4.379598983846007,-2.1706788230258933,-2.178197431105424,0.11993168794360261,0
79,0.6937036718514515,1.0101426624141314,4.297497339955094,-2.069304148933549,-2.030939588600729,0.3201814991956178,3
79,0.693272713489115,0.4313031950624058,4.347706082330721,-2.0644094298152167,-2.0379103350005496,0.16463032452542828,2
79,-0.052281878702667726,1.0110863998016961,4.468760301555494,1.8480126857095367,1.9249615564161597,-0.18899481066141904,1
79,-0.0639329216111244,-0.1754813217491159,4.557808223193978,-2.1080698209512225,-2.1199776982012795,0.1475766223222909,8
80,0.868117900397252,-0.1863338314875676,4.2445508741688,-2.1398366043432424,-2.1705992190470282,0.3526831882246924,10
80,0.8686238106100547,0.41153250488734144,4.22438049010614,-2.047329777261651,-2.022675465453911,0.18670770298512485,12
80,0.8739693296909088,0.9901716044163198,4.211043968177558,-2.08378997520485,-2.056289752921216,0.28555194684055313,13
80,0.12869533528356236,-0.18826143033158058,4.443901630650583,-2.1215968269427,-2.122430808759077,0.17164918393832496,18
80,0.1314470206173239,0.9900843653056514,4.3836241958079025,-2.1217612811800395,-2.10367775799377,0.2724428126947365,11
80,0.6912294955892074,0.9947370673741118,4.277401367474039,-2.0751570067198064,-2.046367253714023,0.30397198881327697,3
80,0.6924963626919134,-0.19054313996414604,4.354113229801573,-2.07484653043034,-2.0477356150142225,-0.04409760453211464,0
80,0.6943554008435452,0.4174340262013228,4.344032382967242,-2.0833072351454422,-2.062696493695155,0.152855822753783,2
80,-0.05567382877748243,1.0058690076206518,4.495069800004296,1.8720160004705824,1.9523312259158772,-0.18031963012459995,1
80,-0.06626009442204862,-0.19273830913590603,4.544874044090878,-2.1408283015677236,-2.14155314659279,0.1768047942225058,8
81,0.8625259386351547,-0.20017369054409126,4.214037573213049,-2.14938896385338,-2.1848573985517605,0.36592820485647776,10
81,0.12541622692303026,-0.20444303467879804,4.426679746322711,-2.119791514776323,-2.1256646933188073,0.1606080418247508,18
81,0.8642519418887856,0.396677638217314,4.201067025527399,-2.0423119750898855,-2.0175479222264103,0.2061582606578347,12
81,0.12752495744264397,0.9738209137686838,4.36239482125119,-2.1176407569699225,-2.10249342950805,0.273859580927499,11
81,0.869821016129732,0.9756576839982265,4.190635201589737,-2.08213268505003,-2.057804554770779,0.29676837981479576,13
81,0.6911063725589208,-0.20595818957179987,4.346739820072133,-2.0216520944271337,-1.9832496734802656,-0.10618886757849254,0
81,0.6935597824447106,0.9857777336732861,4.2898921517097675,1.877195730170284,2.0314904050240936,-0.47305334335396343,3
81,0.6940958890940709,0.4045775394568693,4.340130543901408,2.380330729851748,2.3432964416307263,-0.10097755926985374,2
81,-0.0610451174438013,0.9901944843066048,4.481257193202011,-2.1574587408564776,-2.122461184862848,0.3048252394496228,1
81,-0.0697424462440999,-0.21107039531615096,4.560585543919856,-2.2275169759107296,-2.204842350246919,0.18217341624027,8
82,0.8592334483795551,0.3822122799946237,4.179548997576073,-2.0393071040083512,-2.019615815524627,0.1899423309140217,12
82,0.8607862060786108,-0.21533661554910036,4.206142430198958,-2.143877075855895,-2.176425809033757,0.32670791007183814,10
82,0.12137078054766019,0.9574120538312043,4.337141054070691,-2.115735146384074,-2.1035280961214715,0.2704615336486527,11
82,0.8630285597779764,0.9600222601800671,4.1637126206111335,-2.076155462866663,-2.050803319185579,0.2908832436935341,13
82,0.12033065540810131,-0.2209668391533422,4.4068422277229855,-2.1151317168309705,-2.1232883548024466,0.1640399667955178,18
82,0.6928833119816701,0.3907273516656252,4.345870602137642,-2.1575111572373333,-2.1740081796396895,0.2630589733981118,2
82,0.6895315284394967,-0.2222337105071683,4.341802080129673,-2.0752664366814373,-2.0565124067100795,-0.015922604104748554,0
82,0.6816893961430999,0.965349269678501,4.239273747955616,-2.063009916138834,-2.031492372842292,0.27082514772905786,3
82,-0.06539035655907108,0.9657313457862351,4.418272326011092,1.8334752169838884,1.9288141793987226,-0.1622906262851067,1
82,-0.07528251147861924,-0.22720123234801723,4.518603701193135,-2.1408209019023525,-2.14509657491092,0.1211410597157431,8
83,0.8514243460738219,0.3719192526538701,4.144057236278006,-2.03558554714734,-2.018116864198386,0.19571264919319628,12
83,0.8570240770835131,0.9520873396172558,4.142014045431889,-2.0782340808121917,-2.0573733192677324,0.2894483478377564,13
83,0.11296032951942178,0.9467381210408936,4.304284340981556,-2.111289010769844,-2.100583923700929,0.26236061265893934,11
83,0.8528930514686544,-0.22481701450600675,4.165434671702359,-2.021873873632691,-1.9907281274618587,0.0012003530768706328,10
83,0.11309312805627776,-0.23135992738178607,4.371526940399949,-2.1304100650655267,-2.1413717745104957,0.16410406818032255,18
83,0.6754500090076282,-0.23020948836078148,4.263172543462055,-2.0474541167055773,-1.9905939555840415,-0.17870587056639597,0
83,0.6781922440323489,0.3761319229882507,4.268727823486922,2.1057526467180194,2.1572428751622663,-0.34647937948388746,2
83,0.6737393838532587,0.9559910927127755,4.209793226815858,-2.0735246981523443,-2.0520592381035123,0.2626615705854613,3
83,-0.07434485258034969,0.9552750971029622,4.383892605897942,-2.101501895645206,-2.101776743299469,0.18708242355965496,1
83,-0.08144100150721102,-0.2355285815966355,4.46033875743483,2.187354532702813,2.166022952715022,0.3614257420850216,8
84,0.8487735117505967,0.9484048220528206,4.113045630664805,-2.0801587357711986,-2.063354293234088,0.29697616902127616,13
84,0.8440593621473732,0.36801859476068577,4.114037729862784,-2.0412011605550977,-2.0266319817408447,0.1880840362940088,12
84,0.10412660297677198,0.9427547074946836,4.2761112263724925,-2.1149409482504664,-2.1093775064101843,0.25351715940508585,11
84,0.843929205905685,-0.2292859169177707,4.119433006708442,-2.1386780400555288,-2.177457970623975,0.34140292492005175,10
84,0.10560814576264689,-0.23633702280775837,4.3296625830312125,-2.1247823043956564,-2.1384835398301716,0.18784101267539954,18
84,0.6680591961692464,-0.23473917015366597,4.226195891883816,2.4385285999949335,2.3792090471179814,0.185195229380588,0
84,0.6757022085432101,0.37474067709466835,4.271398840323462,2.1888608096464086,2.2306338011408333,-0.2605286266258579,2
84,0.6647120635229515,0.9510896007704296,4.17698273649531,-2.061782877557664,-2.0449656103248217,0.2665899099501425,3
84,-0.08337918056914852,0.9494384132109396,4.349102855231479,2.3245695053373767,2.311700095894741,-0.26872654784659217,1
84,-0.08896389542433272,-0.2419471461920008,4.433198457391093,2.167710389370785,2.154657438868836,0.3148529901866626,8
85,0.8367247468620853,0.3667752984832086,4.079440663941541,-2.040693860638419,-2.030820526540453,0.1825919154734389,12
85,0.8380813624530861,-0.23006174313829683,4.086573265522673,-2.1320953762324217,-2.1797098129156747,0.3627207188691007,10
85,0.09651974288936051,0.9385493192593378,4.243299555276701,-2.106687599155274,-2.103392290829956,0.2589252030995012,11
85,0.839958622269607,0.9464043511009712,4.077292315553126,-2.0771412139488774,-2.065948660102894,0.27880994755417937,13
85,0.10032788732044305,-0.239352839633886,4.306602599322884,-2.1242785020982664,-2.1411780784138683,0.16525486688013746,18
85,0.6629909644635047,0.36992353786717674,4.201447717158508,-2.2428672939502374,-2.316635190077857,0.34950679703391974,2
85,0.6641736372292459,-0.2367329200969364,4.2060567101152575,2.4022506906432644,2.3582909251256576,0.1922272927157548,0
85,0.6561530778824527,0.9484376212853477,4.140278689636712,-2.059109575313252,-2.052731599043872,0.2856216494138067,3
85,-0.09132687887426295,0.9453156065898662,4.310761378236997,1.978346151560274,2.046061372812805,-0.04455881201138454,1
85,-0.09413210549408516,-0.24439386498353652,4.391137419177624,2.1585640769912278,2.1478003219695543,0.3572020086368553,8
86,0.09690044382759766,-0.2438282165466023,4.28575833419252,-2.10694075059886,-2.128776378050849,0.15832527585063672,18
86,0.8345631364118996,-0.23185843189845226,4.070505076612875,-2.141903246143214,-2.195803364247856,0.3518504466454842,10
86,0.8315070767754551,0.3645828993099898,4.057945681415809,-2.0251093133506006,-2.0171607437813006,0.19963873949729782,12
86,0.09078782134243935,0.9348841136416038,4.222464726569571,-2.1088336489265482,-2.1117092382618883,0.26460424097290663,11
86,0.8352395186176717,0.9458358471100403,4.062901083309431,-2.0764465086195,-2.0678258463481454,0.28161217878880074,13
86,0.6513113618539154,0.9454937750191117,4.12818782245214,1.8611754196192745,1.981168169063265,-0.5436521509709663,3
86,0.6565858522005091,0.36577382776855627,4.168945362351062,2.0260825421907276,2.1175601329256604,-0.3966809120866969,2
86,0.662821161106308,-0.24007671601725666,4.203298556369223,-2.04160732630901,-2.0195626631380375,-0.07929574487625865,0
86,-0.09678456319467378,0.9452198335411418,4.3267013255497755,1.8351555393926426,1.9187363329921667,-0.2085750868690117,1
86,-0.09835665817954901,-0.2524796626887048,4.417148168393931,2.1895790758728975,2.1922749013659795,0.2668798635736191,8
87,0.648318532542404,0.3646707607709717,4.1296192770756885,2.0661380465816053,2.142367739204242,-0.2791935605806456,2
87,0.6572371065339901,-0.2399997611862632,4.17507936451608,-2.052136286931232,-2.0502525024846108,-0.02204073586440053,0
87,0.6407777789147704,0.9415525527473774,4.075979260096993,2.3929198041265662,2.3732123571210693,-0.29911212446732593,3
87,-0.10372222593021051,0.9372514298091325,4.265834392093397,1.818350099935714,1.9202444137201609,-0.1257271192243986,1
87,-0.10247827418940733,-0.25097370134959823,4.3283262632716175,-2.089470293482117,-2.1087992641998783,0.1815154569112641,8
88,0.8197570586147773,0.36842365306382735,3.9988267298333833,-2.023795787946948,-2.022403872708154,0.19591056636822535,12
88,0.8275567622529877,-0.22785100340329859,4.023570332050167,-2.010077772652367,-1.995754137591907,-0.01731172219662008,10
88,0.08780757956514462,-0.2427458394841182,4.23623779943661,-2.116741889239037,-2.1463501885795675,0.15567683190581255,18
88,0.07634561066513731,0.9352299881033069,4.1569524955478,-2.1028218767733464,-2.112186913983701,0.25405991945935663,11
88,0.8209415860884249,0.949569043920556,4.002284684960395,-2.0751723320850517,-2.0801463565818885,0.276699653527793,13
88,0.6344311164660736,0.9466601180597424,4.0477807700444375,-2.058933973311748,-2.051591061195763,0.25343275591025727,3
88,0.6441489614963607,0.3694155814039892,4.106184547215326,2.073491147490441,2.1562912102690506,-0.2619937237220387,2
88,0.6540648567244528,-0.23707040207962077,4.149084567784615,-2.152865455003287,-2.1953743036611377,0.22823383218635715,0
88,-0.1110140359996356,0.9423141124288585,4.240312391342125,1.8218591696878774,1.9310074607973498,-0.1343732071372661,1
88,-0.10747254299169434,-0.24895756379603093,4.307433855391627,-2.125029216763375,-2.1446461271683774,0.16473648049211534,8
89,0.8214065412991632,-0.22146075470987167,3.98834234250072,-2.1383021366870674,-2.2041431305884966,0.3479177485834036,10
89,0.8151387718787859,0.9580837720765492,3.980886310537608,-2.0739458090602176,-2.0809008846906827,0.28851609700025416,13
89,0.8135076363751739,0.3750056275897857,3.9695103903527387,-2.025131489380486,-2.030445763985028,0.1860343995118152,12
89,0.06927488509403201,0.9408574375930554,4.131176232387437,-2.1047658743819344,-2.120358491046871,0.26806862765407885,11
89,0.08332385919449947,-0.23743345319888845,4.21062418433026,-2.115980799841686,-2.151563370072081,0.15114972339038427,18
89,0.6281237648469579,0.9542452805173258,4.023357609183666,-2.064133376992326,-2.064373438870847,0.2567972992449985,3
89,0.6358432031154455,0.374480904694426,4.062131681424233,-2.2733496892800202,-2.3654739125505744,0.3202015539029058,2
89,0.6511094224370246,-0.2314981507262833,4.131451785271541,-2.050761320073639,-2.074556311763405,0.1218681530487265,0
89,-0.1179414384319235,0.9455175693521023,4.204873257801088,1.8107255717180604,1.9265290643023438,-0.1318595411538298,1
89,-0.11222672428041944,-0.24448236779945523,4.295101146934903,-2.13594145012802,-2.1608324977045306,0.16379351106194054,8
