1.0000000,0.5003917,-0.8216311,1.7848072,-1.8547415,-1.7686038,-0.4730285,18.0000000
2.0000000,1.0665605,-0.8248781,1.6985910,-1.8550200,-1.7555136,-0.5298875,0.0000000
3.0000000,0.3032096,-0.8240641,1.8222072,-1.8504487,-1.7639255,-0.4702350,8.0000000
4.0000000,1.1185451,-0.3403538,2.0566012,-1.8435591,-1.7561973,-0.5095475,2.0000000
5.0000000,1.1708409,0.1303494,2.4226173,-1.8375607,-1.7597951,-0.5015298,3.0000000
6.0000000,0.4006717,0.1377165,2.5731237,-1.8470699,-1.7655874,-0.4888668,1.0000000
7.0000000,0.5017251,-0.8187887,1.7893105,-1.8533686,-1.7663500,-0.4719362,18.0000000
8.0000000,1.0675982,-0.8231475,1.7060558,-1.8591384,-1.7625592,-0.4984599,0.0000000
9.0000000,0.3071122,-0.8189542,1.8173976,-1.8446151,-1.7573047,-0.4708653,8.0000000
10.0000000,1.1207929,-0.3381714,2.0661638,-1.8466906,-1.7585939,-0.4899471,2.0000000
11.0000000,1.1738826,0.1346993,2.4357711,-1.8415955,-1.7641456,-0.4778385,3.0000000
12.0000000,0.4063146,0.1379066,2.5592248,-1.8425632,-1.7547591,-0.4667393,1.0000000
13.0000000,1.3110969,-0.3356953,2.0246696,-1.8495934,-1.7562193,-0.4834297,12.0000000
14.0000000,1.2555558,-0.8179204,1.6652147,-1.8549898,-1.7566211,-0.4973920,10.0000000
15.0000000,0.5032404,-0.8141845,1.7890084,-1.8551796,-1.7643112,-0.4680356,18.0000000
16.0000000,1.0688186,-0.8199168,1.7066808,-1.8594236,-1.7591250,-0.4946551,0.0000000
17.0000000,0.3081501,-0.8143873,1.8192756,-1.8427752,-1.7538773,-0.4641538,8.0000000
18.0000000,1.1228479,-0.3348230,2.0631329,-1.8439822,-1.7519844,-0.4785170,2.0000000
19.0000000,1.1755457,0.1349807,2.4178788,-1.8422449,-1.7524368,-0.4743869,3.0000000
20.0000000,0.4137856,0.1391331,2.5369911,-1.8377811,-1.7521231,-0.4693190,1.0000000
21.0000000,0.5026454,-0.8096626,1.7861650,-1.8554210,-1.7648243,-0.4752070,18.0000000
22.0000000,1.3123380,-0.3310126,2.0223628,-1.8504183,-1.7578282,-0.4799206,12.0000000
23.0000000,1.0696635,-0.8178983,1.7135476,-1.8510884,-1.7585457,-0.4660760,0.0000000
24.0000000,0.3082471,-0.8091824,1.8143226,-1.8370574,-1.7509416,-0.4735644,8.0000000
25.0000000,1.1237477,-0.3298330,2.0661484,-1.8410814,-1.7486133,-0.4554744,2.0000000
26.0000000,1.1762465,0.1405745,2.4152973,-1.8366261,-1.7412339,-0.4560104,3.0000000
27.0000000,0.4147450,0.1431521,2.5243884,-1.8339001,-1.7500226,-0.4669739,1.0000000
28.0000000,1.2535647,-0.8098945,1.6596684,-1.8521257,-1.7513157,-0.4957612,10.0000000
29.0000000,1.3102184,-0.3275825,2.0157033,-1.8519196,-1.7555418,-0.4800001,12.0000000
30.0000000,0.5007340,-0.8064490,1.7928549,-1.8586392,-1.7645207,-0.4737272,18.0000000
31.0000000,1.0659315,-0.8099846,1.6947837,-1.8455907,-1.7416337,-0.5190450,0.0000000
32.0000000,0.3029233,-0.8081383,1.8321754,-1.8535766,-1.7590133,-0.4840179,8.0000000
33.0000000,1.1213450,-0.3266274,2.0495831,-1.8379759,-1.7439053,-0.4805828,2.0000000
34.0000000,1.1748889,0.1427622,2.4022563,-1.8302567,-1.7440076,-0.4726343,3.0000000
35.0000000,0.4127306,0.1499889,2.5350943,-1.8338572,-1.7554518,-0.4768673,1.0000000
36.0000000,1.3089310,-0.3269495,2.0161799,-1.8516951,-1.7544230,-0.4806556,12.0000000
37.0000000,1.0705231,-0.8210538,1.7534122,-1.8975427,-1.7949551,-0.4582782,0.0000000
38.0000000,0.3020767,-0.8073040,1.8395121,-1.8574578,-1.7559774,-0.4477448,8.0000000
39.0000000,1.1253398,-0.3246452,2.0930258,-1.8598424,-1.7624810,-0.4578631,2.0000000
40.0000000,1.1823057,0.1566893,2.4671905,-1.8584078,-1.7625009,-0.4505024,3.0000000
41.0000000,0.4064437,0.1609926,2.5827219,-1.8570129,-1.7504330,-0.4479869,1.0000000
42.0000000,1.0702480,-0.8068225,1.7135491,-1.8658861,-1.7635489,-0.4793542,0.0000000
43.0000000,0.3108002,-0.7982269,1.8225202,-1.8501817,-1.7538246,-0.4674669,8.0000000
44.0000000,1.1264512,-0.3190709,2.0634313,-1.8518499,-1.7553750,-0.4716658,2.0000000
45.0000000,1.1813352,0.1545541,2.4185614,-1.8500178,-1.7573449,-0.4693186,3.0000000
46.0000000,0.4186637,0.1605394,2.5348485,-1.8435425,-1.7551445,-0.4691812,1.0000000
47.0000000,0.5058191,-0.7928014,1.7972013,-1.8622030,-1.7646875,-0.4675903,18.0000000
48.0000000,1.3167823,-0.3129828,2.0250136,-1.8584966,-1.7585394,-0.4669355,12.0000000
49.0000000,1.2579279,-0.7983241,1.6686559,-1.8599923,-1.7546023,-0.4869868,10.0000000
50.0000000,1.0714609,-0.8000665,1.7132027,-1.8598242,-1.7496101,-0.5050383,0.0000000
51.0000000,0.3095792,-0.7932488,1.8325340,-1.8544662,-1.7590716,-0.4760745,8.0000000
52.0000000,1.1278810,-0.3114412,2.0595514,-1.8532601,-1.7558165,-0.4733361,2.0000000
53.0000000,1.1833132,0.1618401,2.4104668,-1.8465683,-1.7514533,-0.4754602,3.0000000
54.0000000,0.4193407,0.1703717,2.5391339,-1.8447584,-1.7583720,-0.4682248,1.0000000
55.0000000,1.3187035,-0.3089971,2.0287096,-1.8597455,-1.7570190,-0.4657932,12.0000000
56.0000000,1.2594914,-0.7956699,1.6751138,-1.8614278,-1.7565324,-0.4806809,10.0000000
57.0000000,1.0721916,-0.7959671,1.7133199,-1.8635219,-1.7593968,-0.4841352,0.0000000
58.0000000,0.3123911,-0.7873705,1.8253894,-1.8535463,-1.7551245,-0.4731878,8.0000000
86.0000000,1.1298144,-0.3075155,2.0634304,-1.8561674,-1.7588653,-0.4628543,2.0000000
88.0000000,1.1845707,0.1656147,2.4059281,-1.8501211,-1.7538900,-0.4670537,3.0000000
89.0000000,0.4240815,0.1731964,2.5236368,-1.8471038,-1.7529258,-0.4634666,1.0000000
90.0000000,1.3180785,-0.3025495,2.0258252,-1.8646449,-1.7613743,-0.4647579,12.0000000
91.0000000,1.2586111,-0.7902050,1.6729021,-1.8655352,-1.7578761,-0.4787613,10.0000000
92.0000000,1.0726383,-0.7924536,1.7222550,-1.8698957,-1.7629654,-0.4620182,0.0000000
93.0000000,0.3119808,-0.7805589,1.8235631,-1.8540068,-1.7544993,-0.4648571,8.0000000
94.0000000,1.1295472,-0.3005709,2.0636732,-1.8553167,-1.7561828,-0.4577152,2.0000000
96.0000000,1.1843257,0.1734023,2.4037784,-1.8518039,-1.7528969,-0.4576535,3.0000000
97.0000000,0.4248443,0.1805997,2.5145907,-1.8474594,-1.7561799,-0.4638810,1.0000000
98.0000000,0.5084102,-0.7760433,1.7965951,-1.8679244,-1.7664479,-0.4604844,18.0000000
99.0000000,1.3196137,-0.2964323,2.0285251,-1.8664793,-1.7609156,-0.4625549,12.0000000
100.0000000,1.2603383,-0.7856075,1.6781065,-1.8712014,-1.7618659,-0.4772573,10.0000000
101.0000000,1.0736267,-0.7859170,1.7191253,-1.8692005,-1.7622539,-0.4649545,0.0000000
102.0000000,0.3114397,-0.7763290,1.8348559,-1.8672371,-1.7643209,-0.4603699,8.0000000
103.0000000,1.1318435,-0.2940711,2.0703528,-1.8619950,-1.7583935,-0.4566755,2.0000000
104.0000000,1.1874649,0.1821990,2.4123340,-1.8572810,-1.7557208,-0.4579000,3.0000000
105.0000000,0.4262182,0.1905698,2.5251247,-1.8527420,-1.7570808,-0.4680110,1.0000000
106.0000000,1.2593671,-0.7777942,1.6744779,-1.8719477,-1.7615136,-0.4734797,10.0000000
107.0000000,1.3197481,-0.2878089,2.0274434,-1.8703102,-1.7638202,-0.4634880,12.0000000
108.0000000,1.0720014,-0.7765274,1.7091173,-1.8724288,-1.7602289,-0.4778895,0.0000000
109.0000000,0.3112208,-0.7664485,1.8301338,-1.8672105,-1.7635731,-0.4586950,8.0000000
110.0000000,1.1314236,-0.2851371,2.0662809,-1.8684229,-1.7618841,-0.4604577,2.0000000
111.0000000,1.1880626,0.1932814,2.4136380,-1.8616403,-1.7584561,-0.4525602,3.0000000
112.0000000,0.4260151,0.2012841,2.5181562,-1.8534864,-1.7577117,-0.4674852,1.0000000
113.0000000,1.3188371,-0.2777435,2.0304644,-1.8767260,-1.7683065,-0.4603877,12.0000000
114.0000000,1.0732547,-0.7732323,1.7386442,-1.8986657,-1.7844681,-0.4588431,0.0000000
115.0000000,0.3036170,-0.7611788,1.8543963,-1.8815259,-1.7751762,-0.4398974,8.0000000
116.0000000,1.1317422,-0.2740323,2.0795578,-1.8806472,-1.7716911,-0.4651453,2.0000000
117.0000000,1.1897987,0.2101652,2.4329129,-1.8676422,-1.7718308,-0.4581028,3.0000000
118.0000000,0.2699079,0.4281749,3.4833659,2.1009228,1.8830129,-0.1348669,1.0000000
119.0000000,1.3029486,-0.2398548,2.0358945,-1.8868250,-1.7827857,-0.4494701,12.0000000
120.0000000,1.2454615,-0.7380463,1.6932023,-1.8890912,-1.7808607,-0.4644374,10.0000000
121.0000000,1.0596801,-0.7396501,1.7452874,-1.9002171,-1.7917380,-0.4517400,0.0000000
122.0000000,0.2943786,-0.7258512,1.8481848,-1.8868540,-1.7830360,-0.4430566,8.0000000
123.0000000,1.1155358,-0.2359734,2.0830501,-1.8883064,-1.7867674,-0.4474288,2.0000000
124.0000000,1.1705320,0.2548998,2.4304548,-1.8820449,-1.7844347,-0.4396921,3.0000000
125.0000000,0.4026437,0.2632762,2.5277888,-1.8750871,-1.7783147,-0.4450768,1.0000000
126.0000000,1.2486131,-0.7456945,1.6977261,-1.8898024,-1.7780255,-0.4625028,10.0000000
127.0000000,1.3079321,-0.2480638,2.0420689,-1.8872969,-1.7783061,-0.4480284,12.0000000
128.0000000,1.0623339,-0.7463435,1.7448108,-1.8961088,-1.7828214,-0.4498339,0.0000000
129.0000000,0.2978101,-0.7303870,1.8424309,-1.8839218,-1.7743504,-0.4485011,8.0000000
130.0000000,1.1199432,-0.2440973,2.0843033,-1.8892179,-1.7793194,-0.4504678,2.0000000
131.0000000,1.1768066,0.2458692,2.4357313,-1.8811115,-1.7800912,-0.4410518,3.0000000
132.0000000,0.4089103,0.2546082,2.5248593,-1.8763100,-1.7700578,-0.4454428,1.0000000
133.0000000,1.0744908,-0.7552917,1.7348511,-1.8939072,-1.7732992,-0.4550295,0.0000000
134.0000000,0.3118898,-0.7376417,1.8370734,-1.8812495,-1.7661523,-0.4443874,8.0000000
135.0000000,1.1349472,-0.2557079,2.0690922,-1.8857664,-1.7681945,-0.4557562,2.0000000
136.0000000,1.1946094,0.2303174,2.4192831,-1.8797646,-1.7722726,-0.4494615,3.0000000
137.0000000,0.4285333,0.2434526,2.5261243,-1.8767295,-1.7624967,-0.4475691,1.0000000
138.0000000,1.2532761,-0.7511793,1.6849827,-1.8876392,-1.7692419,-0.4646596,10.0000000
139.0000000,1.3139306,-0.2555636,2.0273223,-1.8851801,-1.7709739,-0.4534845,12.0000000
140.0000000,0.5006135,-0.7360227,1.8021439,-1.8885885,-1.7766728,-0.4506971,18.0000000
141.0000000,1.0666972,-0.7507287,1.7290468,-1.8955396,-1.7744529,-0.4689958,0.0000000
142.0000000,0.3047557,-0.7337419,1.8353084,-1.8822851,-1.7702623,-0.4391205,8.0000000
143.0000000,1.1259770,-0.2513308,2.0678338,-1.8856322,-1.7735382,-0.4541953,2.0000000
144.0000000,1.1826734,0.2316634,2.4038744,-1.8759180,-1.7695314,-0.4495363,3.0000000
145.0000000,0.4194638,0.2464541,2.5177058,-1.8765707,-1.7660390,-0.4439331,1.0000000
146.0000000,1.0641205,-0.7444630,1.7220897,-1.8973075,-1.7726653,-0.4767020,0.0000000
147.0000000,0.3021166,-0.7277850,1.8348764,-1.8884054,-1.7740583,-0.4470657,8.0000000
148.0000000,1.1234340,-0.2459159,2.0606674,-1.8837102,-1.7683999,-0.4553899,2.0000000
149.0000000,1.1811236,0.2373482,2.3994013,-1.8794576,-1.7654497,-0.4452472,3.0000000
150.0000000,0.4174752,0.2543773,2.5178490,-1.8764507,-1.7693360,-0.4507454,1.0000000
151.0000000,1.3101876,-0.2454607,2.0238410,-1.8912997,-1.7730224,-0.4585749,12.0000000
152.0000000,0.4963167,-0.7252359,1.8006792,-1.8942656,-1.7799056,-0.4470307,18.0000000
153.0000000,1.2495058,-0.7426605,1.6833889,-1.8926426,-1.7719295,-0.4629548,10.0000000
154.0000000,1.0621319,-0.7399599,1.7192458,-1.8853054,-1.7634606,-0.4785773,0.0000000
155.0000000,0.3008516,-0.7222917,1.8308608,-1.8763978,-1.7679720,-0.4651331,8.0000000
156.0000000,1.1215686,-0.2406119,2.0606743,-1.8775450,-1.7625957,-0.4471123,2.0000000
157.0000000,1.1780850,0.2405709,2.3891827,-1.8670838,-1.7577429,-0.4485856,3.0000000
158.0000000,0.4206667,0.2542691,2.4876474,-1.8586660,-1.7610808,-0.4494228,1.0000000
159.0000000,0.4969040,-0.7194079,1.8011442,-1.8977284,-1.7801308,-0.4417444,18.0000000
160.0000000,1.0628408,-0.7360416,1.7251176,-1.8989445,-1.7786642,-0.4596597,0.0000000
161.0000000,0.3008175,-0.7165151,1.8342169,-1.8898962,-1.7712887,-0.4467591,8.0000000
162.0000000,1.1219300,-0.2350033,2.0592457,-1.8863895,-1.7665756,-0.4609027,2.0000000
163.0000000,1.1791655,0.2480569,2.3953226,-1.8749089,-1.7603446,-0.4483114,3.0000000
164.0000000,0.4202878,0.2648515,2.5004860,-1.8759671,-1.7631229,-0.4524862,1.0000000
165.0000000,1.2499087,-0.7312258,1.6915610,-1.9060711,-1.7818463,-0.4537178,10.0000000
166.0000000,1.3111155,-0.2307812,2.0309559,-1.8979579,-1.7766019,-0.4536183,12.0000000
167.0000000,1.0621327,-0.7278999,1.7259982,-1.9062599,-1.7838005,-0.4494316,0.0000000
168.0000000,0.3023222,-0.7073986,1.8298354,-1.8794071,-1.7677938,-0.4440005,8.0000000
169.0000000,1.1223490,-0.2254493,2.0655599,-1.8904948,-1.7736297,-0.4536660,2.0000000
170.0000000,1.1803823,0.2598743,2.4003916,-1.8851648,-1.7662877,-0.4427911,3.0000000
171.0000000,0.4218997,0.2739696,2.4925139,-1.8755558,-1.7629688,-0.4479586,1.0000000
172.0000000,0.4938954,-0.7060879,1.8172334,-1.9218785,-1.7898984,-0.4228691,18.0000000
173.0000000,1.0632658,-0.7228680,1.7373435,-1.8733293,-1.7555345,-0.4412122,0.0000000
174.0000000,0.3047678,-0.6985185,1.8184566,-1.8548373,-1.7556472,-0.4537478,8.0000000
175.0000000,1.1234913,-0.2166830,2.0769751,-1.8705604,-1.7496248,-0.4188030,2.0000000
176.0000000,1.1842412,0.2773035,2.4261928,-1.9256426,-1.7812102,-0.3438440,3.0000000
177.0000000,0.4215203,0.2818548,2.4761660,-1.8543619,-1.7741581,-0.4265123,1.0000000
178.0000000,1.0596868,-0.7180064,1.7345989,-1.9341683,-1.7829769,-0.4999061,0.0000000
179.0000000,0.2926063,-0.6994612,1.8593260,-1.8971743,-1.7864566,-0.4582957,8.0000000
180.0000000,1.1197636,-0.2120940,2.0671616,-1.8908415,-1.7721612,-0.4776463,2.0000000
181.0000000,1.1782374,0.2824661,2.4156804,-1.8879419,-1.7976871,-0.4521636,3.0000000
182.0000000,0.4046050,0.3071262,2.5607870,2.5927768,2.4365995,0.6695776,1.0000000
183.0000000,1.2491044,-0.7212079,1.6951865,-1.9008266,-1.7766738,-0.4510313,10.0000000
184.0000000,1.0619876,-0.7192807,1.7380143,-1.9060220,-1.7826684,-0.4395284,0.0000000
185.0000000,0.3000074,-0.6972963,1.8405540,-1.8935599,-1.7735022,-0.4427887,8.0000000
186.0000000,1.1232012,-0.2138356,2.0726773,-1.8995487,-1.7794040,-0.4331686,2.0000000
187.0000000,1.1825159,0.2784345,2.4140375,-1.8929689,-1.7707825,-0.4250428,3.0000000
188.0000000,0.4179116,0.2930039,2.5062755,-1.8888712,-1.7631585,-0.4287789,1.0000000
189.0000000,1.0618990,-0.7199227,1.7431316,-1.9191982,-1.7895947,-0.4424077,0.0000000
190.0000000,0.2966882,-0.6975641,1.8512569,-1.8977364,-1.7743236,-0.4149468,8.0000000
191.0000000,1.1223712,-0.2127850,2.0735078,-1.9044417,-1.7783024,-0.4355645,2.0000000
192.0000000,1.1845064,0.2840976,2.4301470,-1.9013842,-1.7768009,-0.4253126,3.0000000
193.0000000,0.4204345,0.2886960,2.4819071,-1.8670178,-1.7929757,-0.4836228,1.0000000
194.0000000,0.4929367,-0.6984040,1.8114786,-1.9069581,-1.7835720,-0.4355960,18.0000000
195.0000000,1.0625868,-0.7191469,1.7430754,-1.9186968,-1.7867099,-0.4206741,0.0000000
196.0000000,0.2978678,-0.6938363,1.8391894,-1.8910355,-1.7728199,-0.4315108,8.0000000
197.0000000,1.1231837,-0.2106168,2.0649909,-1.8979379,-1.7778502,-0.4238031,2.0000000
198.0000000,1.1723203,0.2570513,2.3060492,-1.8786962,-1.7157655,-0.4523307,3.0000000
199.0000000,0.4116780,0.3035634,2.5280094,-1.8960810,-1.7634680,-0.4106209,1.0000000
200.0000000,1.2442472,-0.7188241,1.6771882,-1.8989262,-1.7681217,-0.4584607,10.0000000
201.0000000,0.4904479,-0.6996588,1.8165658,-1.9108666,-1.7866775,-0.4370178,18.0000000
202.0000000,1.3064947,-0.2189710,2.0083381,-1.9005901,-1.7748592,-0.4496001,12.0000000
203.0000000,1.0568646,-0.7155836,1.7161031,-1.8963323,-1.7661725,-0.4781992,0.0000000
204.0000000,0.2947047,-0.6953026,1.8476672,-1.8920935,-1.7766498,-0.4433025,8.0000000
205.0000000,1.1170498,-0.2139104,2.0396521,-1.8848361,-1.7627099,-0.4588085,2.0000000
206.0000000,1.1763505,0.2719567,2.3713316,-1.8777051,-1.7633075,-0.4473245,3.0000000
207.0000000,0.4143029,0.2966815,2.5074204,-1.8822446,-1.7708730,-0.4532969,1.0000000
208.0000000,1.0592787,-0.7155075,1.7152660,-1.8817967,-1.7472075,-0.5105409,0.0000000
209.0000000,0.2938347,-0.6964544,1.8616030,-1.8886027,-1.7739997,-0.4785917,8.0000000
210.0000000,1.1199599,-0.2133579,2.0430555,-1.8728541,-1.7516850,-0.4730634,2.0000000
211.0000000,1.1839617,0.2798341,2.4054770,-1.8870315,-1.7795586,-0.3733754,3.0000000
212.0000000,0.4161558,0.3031505,2.5272436,-1.9006258,-1.7808331,-0.4342213,1.0000000
213.0000000,0.4956480,-0.6950403,1.8122733,-1.9164274,-1.7845773,-0.4276764,18.0000000
214.0000000,1.0621362,-0.7117150,1.7095498,-1.8837618,-1.7502637,-0.5032252,0.0000000
215.0000000,0.2957957,-0.6925875,1.8600940,-1.8973427,-1.7772689,-0.4642540,8.0000000
216.0000000,1.1235940,-0.2087902,2.0406306,-1.8796653,-1.7549970,-0.4724247,2.0000000
217.0000000,1.1863626,0.2833684,2.3970886,-1.8886613,-1.7803950,-0.3923204,3.0000000
218.0000000,0.4198952,0.3088855,2.5256730,-1.9021019,-1.7821053,-0.4409656,1.0000000
219.0000000,0.4988676,-0.6905378,1.8057128,-1.9178224,-1.7856639,-0.4146412,18.0000000
220.0000000,1.2527028,-0.7141323,1.6757223,-1.9120725,-1.7759802,-0.4519435,10.0000000
221.0000000,1.0644789,-0.7086594,1.7061574,-1.9159105,-1.7739256,-0.4739139,0.0000000
222.0000000,0.3021830,-0.6865981,1.8431108,-1.9113452,-1.7768630,-0.4211967,8.0000000
223.0000000,1.1266747,-0.2052218,2.0422242,-1.8961433,-1.7686617,-0.4578320,2.0000000
224.0000000,1.1881517,0.2827743,2.3801766,-1.8944538,-1.7654429,-0.4430555,3.0000000
225.0000000,0.4251438,0.3103535,2.5166560,-1.8957832,-1.7805525,-0.4400976,1.0000000
226.0000000,1.2544025,-0.7120491,1.6746315,-1.9132126,-1.7769612,-0.4468707,10.0000000
227.0000000,1.3174642,-0.2093056,2.0022634,-1.9087537,-1.7742510,-0.4517630,12.0000000
228.0000000,0.5006279,-0.6881017,1.8049346,-1.9180316,-1.7845755,-0.4133616,18.0000000
229.0000000,1.0662885,-0.7065516,1.7058389,-1.9134708,-1.7758034,-0.4624444,0.0000000
230.0000000,0.3030158,-0.6845874,1.8463327,-1.9076975,-1.7784192,-0.4270192,8.0000000
231.0000000,1.1292087,-0.2025424,2.0400328,-1.8977790,-1.7653458,-0.4502820,2.0000000
232.0000000,1.1906592,0.2845161,2.3725806,-1.8907117,-1.7628294,-0.4351341,3.0000000
233.0000000,0.4283152,0.3127899,2.5127563,-1.8891843,-1.7758939,-0.4405018,1.0000000
234.0000000,0.5033800,-0.6880253,1.8102111,-1.9132691,-1.7821067,-0.4118324,18.0000000
235.0000000,1.0678478,-0.7061098,1.7175058,-1.9025640,-1.7555742,-0.5109840,0.0000000
236.0000000,0.3042577,-0.6857014,1.8586098,-1.9088074,-1.7813782,-0.4259061,8.0000000
237.0000000,1.1316425,-0.2023383,2.0507748,-1.8850303,-1.7576517,-0.4717468,2.0000000
238.0000000,1.1945544,0.2844614,2.3833451,-1.8909388,-1.7735372,-0.4586942,3.0000000
239.0000000,0.4254954,0.3248610,2.5566415,-1.9339460,-1.7903681,-0.4241392,1.0000000
240.0000000,0.5059775,-0.6895219,1.8165141,-1.9132331,-1.7783815,-0.4197270,18.0000000
241.0000000,1.2584892,-0.7132972,1.6859700,-1.9103458,-1.7730685,-0.4406290,10.0000000
242.0000000,1.3243099,-0.2103636,2.0162770,-1.9074594,-1.7716480,-0.4382969,12.0000000
243.0000000,1.0709723,-0.7085310,1.7217191,-1.9091922,-1.7654317,-0.4696535,0.0000000
244.0000000,0.3097604,-0.6852010,1.8531256,-1.9058832,-1.7746107,-0.4212292,8.0000000
245.0000000,1.1349595,-0.2044391,2.0477093,-1.8959854,-1.7611105,-0.4495301,2.0000000
246.0000000,1.1990496,0.2839425,2.3832161,-1.8875595,-1.7494681,-0.4548763,3.0000000
247.0000000,0.4373872,0.3102361,2.5167049,-1.8921728,-1.7682122,-0.4362747,1.0000000
248.0000000,1.2597636,-0.7137699,1.6832936,-1.9101081,-1.7691430,-0.4445641,10.0000000
249.0000000,1.3265518,-0.2117294,2.0140474,-1.9087760,-1.7697941,-0.4397306,12.0000000
250.0000000,0.5078139,-0.6897333,1.8153784,-1.9124750,-1.7778168,-0.4225426,18.0000000
251.0000000,1.0726013,-0.7092375,1.7217074,-1.9152114,-1.7741608,-0.4431028,0.0000000
252.0000000,0.3124603,-0.6848910,1.8488581,-1.9042288,-1.7693666,-0.4265654,8.0000000
253.0000000,1.1381306,-0.2052369,2.0509262,-1.9027781,-1.7668907,-0.4315783,2.0000000
254.0000000,1.2023443,0.2837700,2.3850617,-1.8974734,-1.7638375,-0.4295972,3.0000000
255.0000000,0.4394264,0.3109409,2.5185634,-1.9006037,-1.7644348,-0.4148326,1.0000000
256.0000000,1.2615513,-0.7130792,1.6848797,-1.9132974,-1.7705430,-0.4444097,10.0000000
257.0000000,0.5100523,-0.6879578,1.8151415,-1.9149361,-1.7777224,-0.4187771,18.0000000
258.0000000,1.3283489,-0.2104694,2.0147392,-1.9096706,-1.7705425,-0.4401243,12.0000000
259.0000000,1.0751313,-0.7095331,1.7301083,-1.9232105,-1.7796229,-0.4433473,0.0000000
260.0000000,0.3154181,-0.6826154,1.8455377,-1.9035576,-1.7633116,-0.4198066,8.0000000
261.0000000,1.1407837,-0.2033012,2.0566356,-1.9035585,-1.7635805,-0.4303750,2.0000000
262.0000000,1.2056013,0.2870724,2.3923323,-1.8941987,-1.7551545,-0.4126421,3.0000000
263.0000000,0.4447829,0.3095529,2.5035886,-1.8911813,-1.7637411,-0.4259779,1.0000000
264.0000000,0.5124347,-0.6860913,1.8126845,-1.9168647,-1.7767199,-0.4170964,18.0000000
265.0000000,1.3322548,-0.2090877,2.0160232,-1.9121512,-1.7695777,-0.4379427,12.0000000
266.0000000,1.2648141,-0.7126875,1.6873769,-1.9154406,-1.7725238,-0.4359782,10.0000000
267.0000000,1.0771645,-0.7074011,1.7226969,-1.9203923,-1.7742397,-0.4513741,0.0000000
268.0000000,0.3172627,-0.6808556,1.8463774,-1.9100374,-1.7676445,-0.4209211,8.0000000
269.0000000,1.1443088,-0.2016981,2.0562923,-1.9078882,-1.7683948,-0.4393759,2.0000000
270.0000000,1.2104335,0.2900286,2.3945887,-1.9025041,-1.7609154,-0.4235579,3.0000000
271.0000000,0.4466356,0.3164310,2.5187771,-1.8996849,-1.7686940,-0.4192750,1.0000000
272.0000000,1.2642092,-0.7111959,1.6814009,-1.9166723,-1.7697126,-0.4423950,10.0000000
273.0000000,1.3314365,-0.2081191,2.0076180,-1.9122399,-1.7676904,-0.4414537,12.0000000
274.0000000,1.0769117,-0.7058845,1.7179736,-1.9231454,-1.7721329,-0.4486638,0.0000000
275.0000000,0.3163852,-0.6794016,1.8482456,-1.9137726,-1.7693707,-0.4133031,8.0000000
276.0000000,1.1431134,-0.2012082,2.0431811,-1.9035533,-1.7611143,-0.4420353,2.0000000
277.0000000,1.2097824,0.2895278,2.3832260,-1.9026559,-1.7610334,-0.4167831,3.0000000
278.0000000,0.4474620,0.3172297,2.5120921,-1.9022742,-1.7651882,-0.4170897,1.0000000
279.0000000,1.3331413,-0.2064953,2.0172568,-1.9137129,-1.7697252,-0.4333382,12.0000000
280.0000000,1.0776259,-0.7056799,1.7265229,-1.9234405,-1.7715207,-0.4503102,0.0000000
281.0000000,0.3159262,-0.6800162,1.8581504,-1.9177987,-1.7718872,-0.4167385,8.0000000
282.0000000,1.1448620,-0.1996803,2.0547135,-1.9092668,-1.7640056,-0.4403679,2.0000000
283.0000000,1.2112105,0.2922529,2.3902558,-1.9028023,-1.7583927,-0.4304369,3.0000000
284.0000000,0.4483287,0.3194958,2.5193341,-1.8980357,-1.7657638,-0.4300739,1.0000000
285.0000000,0.5140946,-0.6854937,1.8162221,-1.9165525,-1.7741151,-0.4145638,18.0000000
286.0000000,1.3344223,-0.2085698,2.0170687,-1.9132795,-1.7681037,-0.4338494,12.0000000
287.0000000,1.2654276,-0.7121599,1.6883906,-1.9169687,-1.7690004,-0.4386270,10.0000000
288.0000000,1.0788679,-0.7078293,1.7312250,-1.9256165,-1.7753678,-0.4386307,0.0000000
289.0000000,0.3174218,-0.6810750,1.8561862,-1.9141343,-1.7687964,-0.4163947,8.0000000
290.0000000,1.1464102,-0.2015725,2.0560109,-1.9089142,-1.7629565,-0.4356883,2.0000000
291.0000000,1.2129846,0.2893888,2.3878831,-1.9028023,-1.7602417,-0.4183209,3.0000000
292.0000000,0.4513710,0.3167221,2.5145495,-1.9044858,-1.7616408,-0.4201674,1.0000000
293.0000000,1.3352827,-0.2093303,2.0214784,-1.9144791,-1.7684126,-0.4316874,12.0000000
294.0000000,0.5146479,-0.6856647,1.8169057,-1.9164856,-1.7735077,-0.4169439,18.0000000
295.0000000,1.2657705,-0.7132857,1.6915087,-1.9192667,-1.7708730,-0.4358841,10.0000000
296.0000000,1.0800301,-0.7098819,1.7410068,-1.9320579,-1.7812138,-0.4190344,0.0000000
297.0000000,0.3192930,-0.6803864,1.8520163,-1.9055513,-1.7623520,-0.4184166,8.0000000
298.0000000,1.1476623,-0.2015957,2.0641472,-1.9084755,-1.7624490,-0.4240061,2.0000000
299.0000000,1.2164734,0.2944020,2.4108294,-1.9100627,-1.7646368,-0.4165801,3.0000000
300.0000000,0.4513475,0.3175358,2.5184905,-1.9073419,-1.7580386,-0.4059930,1.0000000
301.0000000,1.2668695,-0.7135380,1.6955794,-1.9210833,-1.7716029,-0.4329906,10.0000000
302.0000000,1.3369219,-0.2089646,2.0258247,-1.9160756,-1.7686230,-0.4320149,12.0000000
303.0000000,0.5158586,-0.6848729,1.8141277,-1.9164902,-1.7718849,-0.4152857,18.0000000
304.0000000,1.0805629,-0.7094455,1.7408840,-1.9328398,-1.7806526,-0.4181920,0.0000000
305.0000000,0.3188388,-0.6803813,1.8561314,-1.9128548,-1.7674884,-0.4134614,8.0000000
306.0000000,1.1493191,-0.2013377,2.0668793,-1.9134391,-1.7666726,-0.4307969,2.0000000
307.0000000,1.2166111,0.2914821,2.3998218,-1.9070582,-1.7648969,-0.4188649,3.0000000
308.0000000,0.4550306,0.3157224,2.5081084,-1.9016527,-1.7599476,-0.4210928,1.0000000
309.0000000,1.2667700,-0.7142517,1.6973385,-1.9242257,-1.7724948,-0.4337426,10.0000000
310.0000000,1.3372706,-0.2093476,2.0270049,-1.9177125,-1.7691543,-0.4303180,12.0000000
311.0000000,0.5153306,-0.6845435,1.8146831,-1.9181764,-1.7721730,-0.4198438,18.0000000
312.0000000,1.0796227,-0.7087796,1.7357655,-1.9278651,-1.7750072,-0.4279730,0.0000000
313.0000000,0.3189270,-0.6793897,1.8533916,-1.9100723,-1.7659400,-0.4241000,8.0000000
314.0000000,1.1489390,-0.2018481,2.0625121,-1.9115981,-1.7626502,-0.4314899,2.0000000
315.0000000,1.2164718,0.2892291,2.3915104,-1.9077746,-1.7636065,-0.4199116,3.0000000
316.0000000,0.4566686,0.3160897,2.5046419,-1.9064448,-1.7584008,-0.4193149,1.0000000
317.0000000,1.2645087,-0.7139806,1.6976898,-1.9267423,-1.7723129,-0.4352386,10.0000000
318.0000000,1.3354878,-0.2089717,2.0276533,-1.9196439,-1.7694364,-0.4329803,12.0000000
319.0000000,0.5129478,-0.6835999,1.8158790,-1.9208052,-1.7727199,-0.4182806,18.0000000
320.0000000,1.0775173,-0.7083500,1.7365264,-1.9331685,-1.7782847,-0.4285899,0.0000000
321.0000000,0.3163731,-0.6783777,1.8546759,-1.9161047,-1.7663758,-0.4155655,8.0000000
322.0000000,1.1474331,-0.2010186,2.0669870,-1.9158923,-1.7658866,-0.4277100,2.0000000
323.0000000,1.2147898,0.2903121,2.3917227,-1.9105813,-1.7631930,-0.4206663,3.0000000
324.0000000,0.4548024,0.3177395,2.5032017,-1.9083680,-1.7608546,-0.4258717,1.0000000
325.0000000,1.0758387,-0.7100459,1.7465623,-1.9383516,-1.7836778,-0.4201114,0.0000000
326.0000000,0.3135381,-0.6788140,1.8561331,-1.9152144,-1.7641523,-0.4057330,8.0000000
327.0000000,1.1464664,-0.1996481,2.0831816,-1.9225220,-1.7712525,-0.4182484,2.0000000
328.0000000,1.2166064,0.3000752,2.4291229,-1.9171198,-1.7752586,-0.4099316,3.0000000
329.0000000,0.4489704,0.3208182,2.5144312,-1.9083995,-1.7563082,-0.4186850,1.0000000
330.0000000,1.2612113,-0.7150085,1.7030376,-1.9283703,-1.7745044,-0.4350096,10.0000000
331.0000000,0.5101944,-0.6838636,1.8152929,-1.9189383,-1.7716047,-0.4192724,18.0000000
332.0000000,1.3326088,-0.2092261,2.0354988,-1.9217995,-1.7697984,-0.4295352,12.0000000
333.0000000,1.0753215,-0.7111200,1.7526289,-1.9404172,-1.7847004,-0.4205342,0.0000000
334.0000000,0.3140207,-0.6782978,1.8526979,-1.9158789,-1.7641265,-0.4115687,8.0000000
335.0000000,1.1462435,-0.2000882,2.0875368,-1.9215538,-1.7694434,-0.4190484,2.0000000
336.0000000,1.2159729,0.2994716,2.4309551,-1.9197162,-1.7735335,-0.4133543,3.0000000
337.0000000,0.4492841,0.3217198,2.5158356,-1.9114591,-1.7556710,-0.4179715,1.0000000
338.0000000,0.5093772,-0.6833717,1.8137696,-1.9215232,-1.7723342,-0.4212247,18.0000000
339.0000000,1.2608966,-0.7158512,1.7088574,-1.9299752,-1.7767930,-0.4301903,10.0000000
340.0000000,1.3324089,-0.2092604,2.0408305,-1.9238604,-1.7716606,-0.4291386,12.0000000
341.0000000,1.0743877,-0.7111328,1.7531970,-1.9368501,-1.7832613,-0.4070507,0.0000000
342.0000000,0.3141335,-0.6769945,1.8471270,-1.9154920,-1.7642199,-0.4141175,8.0000000
343.0000000,1.1457169,-0.2000129,2.0903674,-1.9286804,-1.7769708,-0.4162419,2.0000000
344.0000000,1.2137577,0.2961503,2.4195232,-1.9198672,-1.7688738,-0.4117389,3.0000000
345.0000000,0.4506612,0.3194048,2.5033785,-1.9081274,-1.7628371,-0.4273110,1.0000000
346.0000000,1.2580205,-0.7157087,1.7077183,-1.9310174,-1.7764064,-0.4303989,10.0000000
347.0000000,1.3296506,-0.2094555,2.0386609,-1.9244901,-1.7704784,-0.4308712,12.0000000
348.0000000,0.5058050,-0.6825736,1.8120140,-1.9229323,-1.7723274,-0.4254844,18.0000000
349.0000000,1.0710020,-0.7099628,1.7465376,-1.9333350,-1.7785822,-0.4120680,0.0000000
350.0000000,0.3102790,-0.6762538,1.8462108,-1.9175470,-1.7655099,-0.4209242,8.0000000
351.0000000,1.1422047,-0.2004784,2.0799721,-1.9241841,-1.7727016,-0.4307815,2.0000000
352.0000000,1.2078916,0.2895515,2.3919156,-1.9127303,-1.7645755,-0.4248295,3.0000000
353.0000000,0.4485336,0.3182957,2.4920482,-1.9060711,-1.7614261,-0.4366976,1.0000000
354.0000000,1.3244123,-0.2088320,2.0414149,-1.9267116,-1.7730744,-0.4344360,12.0000000
355.0000000,1.2531488,-0.7155065,1.7100846,-1.9343745,-1.7790367,-0.4324358,10.0000000
356.0000000,1.0671960,-0.7117479,1.7611670,-1.9389070,-1.7837839,-0.3927515,0.0000000
357.0000000,0.3057601,-0.6747809,1.8414075,-1.9091219,-1.7598930,-0.4149656,8.0000000
358.0000000,1.1378672,-0.1991314,2.0911503,-1.9254360,-1.7741734,-0.4219026,2.0000000
359.0000000,1.2052837,0.2982160,2.4229118,-1.9218874,-1.7628091,-0.4054003,3.0000000
360.0000000,0.4399023,0.3235010,2.5045077,-1.9158381,-1.7471015,-0.4061912,1.0000000
361.0000000,1.2495770,-0.7160503,1.7163133,-1.9371703,-1.7824863,-0.4282009,10.0000000
362.0000000,1.3194376,-0.2090558,2.0432638,-1.9267330,-1.7706090,-0.4327301,12.0000000
363.0000000,0.4964168,-0.6814785,1.8108334,-1.9258818,-1.7752722,-0.4319637,18.0000000
364.0000000,1.3874954,0.2822724,2.3697893,-1.9320054,-1.7736499,-0.4406770,13.0000000
365.0000000,1.0633470,-0.7117633,1.7645580,-1.9360684,-1.7829977,-0.3795874,0.0000000
366.0000000,0.3025032,-0.6738295,1.8377220,-1.9037238,-1.7600713,-0.4224289,8.0000000
367.0000000,1.1345476,-0.1981352,2.1050506,-1.9273651,-1.7757133,-0.4152638,2.0000000
368.0000000,1.2020984,0.3021088,2.4404585,-1.9245643,-1.7627684,-0.3969975,3.0000000
369.0000000,0.4366155,0.3215204,2.4947943,-1.9119129,-1.7470634,-0.4127734,1.0000000
370.0000000,1.3122202,-0.2082308,2.0499879,-1.9298244,-1.7750206,-0.4377744,12.0000000
371.0000000,1.2427028,-0.7161471,1.7215064,-1.9415996,-1.7848502,-0.4219904,10.0000000
372.0000000,1.0557276,-0.7118191,1.7694618,-1.9375498,-1.7879415,-0.3694740,0.0000000
373.0000000,0.2933381,-0.6723062,1.8367118,-1.9118183,-1.7589361,-0.4151152,8.0000000
374.0000000,1.1272132,-0.1966997,2.1137273,-1.9301615,-1.7811521,-0.4213540,2.0000000
375.0000000,1.1936660,0.3040125,2.4476035,-1.9314725,-1.7647459,-0.3962685,3.0000000
376.0000000,0.4263785,0.3249710,2.4981356,-1.9177694,-1.7509084,-0.4125573,1.0000000
377.0000000,1.0271855,-0.7101136,1.7712942,-1.9494652,-1.7982602,-0.4077508,0.0000000
378.0000000,1.0938615,-0.1966493,2.1005523,-1.9384600,-1.7874715,-0.4498332,2.0000000
379.0000000,1.1560113,0.2976592,2.4236544,-1.9278116,-1.7788125,-0.4406319,3.0000000
380.0000000,0.3903083,0.3303306,2.5012727,-1.9244276,-1.7784881,-0.4547709,1.0000000
381.0000000,1.0181547,-0.7038602,1.7578511,-1.9276567,-1.7769726,-0.4486278,0.0000000
382.0000000,1.0850483,-0.1937416,2.0986288,-1.9294787,-1.7802232,-0.4667357,2.0000000
383.0000000,1.1453184,0.2965948,2.4073093,-1.9207582,-1.7719265,-0.4703886,3.0000000
384.0000000,0.3802762,0.3350899,2.5016458,-1.9148364,-1.7816516,-0.4800862,1.0000000
385.0000000,1.2652876,-0.1990941,2.0705880,-1.9405641,-1.7929320,-0.4556604,12.0000000
386.0000000,1.0116867,-0.7027307,1.7785892,-1.9440802,-1.7886368,-0.4728141,0.0000000
387.0000000,1.0769889,-0.1887857,2.1104772,-1.9464951,-1.7994900,-0.4855538,2.0000000
388.0000000,1.1368561,0.3075808,2.4297231,-1.9098536,-1.7728291,-0.5010665,3.0000000
389.0000000,0.3622826,0.3503394,2.5405163,2.5953407,2.4200449,0.6413355,1.0000000
390.0000000,1.2545519,-0.1959302,2.0751212,-1.9436210,-1.7938478,-0.4595560,12.0000000
391.0000000,1.1897855,-0.7057034,1.7452044,-1.9439075,-1.7946925,-0.4508133,10.0000000
392.0000000,1.3121395,0.2947067,2.3812168,-1.9439505,-1.7891453,-0.4686722,13.0000000
393.0000000,1.0014175,-0.6992194,1.7778763,-1.9483442,-1.8002378,-0.4360871,0.0000000
394.0000000,1.0656553,-0.1853039,2.1108214,-1.9452988,-1.7962064,-0.4564198,2.0000000
395.0000000,1.1244317,0.3119402,2.4308627,-1.9330115,-1.7937009,-0.4595241,3.0000000
396.0000000,0.3554024,0.3464555,2.5039285,-1.9297142,-1.7895479,-0.4689876,1.0000000
397.0000000,1.1830519,-0.7035156,1.7496892,-1.9475577,-1.7989988,-0.4491994,10.0000000
398.0000000,1.2473708,-0.1925793,2.0782904,-1.9477696,-1.7981108,-0.4599272,12.0000000
399.0000000,1.3038909,0.2980292,2.3799625,-1.9469127,-1.7902098,-0.4728428,13.0000000
400.0000000,0.9933296,-0.6945620,1.7681869,-1.9389089,-1.7896676,-0.4471435,0.0000000
401.0000000,1.0568604,-0.1827518,2.1010018,-1.9476149,-1.7952512,-0.4622750,2.0000000
402.0000000,1.1145650,0.3119893,2.4144914,-1.9331238,-1.7871943,-0.4622144,3.0000000
403.0000000,0.3505247,0.3457767,2.4790637,-1.9235794,-1.7862200,-0.4717984,1.0000000
404.0000000,1.1765993,-0.7017990,1.7499371,-1.9491792,-1.8014231,-0.4507899,10.0000000
405.0000000,1.2392725,-0.1907875,2.0744053,-1.9474069,-1.7989449,-0.4619169,12.0000000
406.0000000,0.9868420,-0.6929349,1.7687548,-1.9436914,-1.7913141,-0.4488274,0.0000000
407.0000000,1.0484858,-0.1814204,2.0906914,-1.9383995,-1.7985060,-0.4732670,2.0000000
408.0000000,1.1058604,0.3139832,2.4119318,-1.9337596,-1.7868657,-0.4625685,3.0000000
409.0000000,0.3401873,0.3508784,2.4832680,-1.9299455,-1.7860240,-0.4561678,1.0000000
410.0000000,1.2253465,-0.1881817,2.0811640,-1.9508848,-1.8031431,-0.4657696,12.0000000
411.0000000,1.1642764,-0.7001059,1.7543541,-1.9513607,-1.8073365,-0.4555026,10.0000000
412.0000000,1.2795917,0.3035538,2.3851298,-1.9494379,-1.8032902,-0.4920220,13.0000000
413.0000000,0.9748560,-0.6936614,1.7885539,-1.9430804,-1.8030433,-0.4102789,0.0000000
414.0000000,1.0368725,-0.1756607,2.1280545,-1.9514891,-1.8094562,-0.4494172,2.0000000
415.0000000,1.0901771,0.3188966,2.4230568,-1.9344729,-1.7842514,-0.4441272,3.0000000
416.0000000,0.3257450,0.3506982,2.4703575,2.6176429,2.4210637,0.6310725,1.0000000
417.0000000,1.1866210,-0.1845974,2.0765176,-1.9527159,-1.8080769,-0.4906722,12.0000000
418.0000000,0.9418793,-0.6926799,1.8090402,-1.9467808,-1.8153402,-0.3852045,0.0000000
419.0000000,0.9960799,-0.1749540,2.0869260,-1.9250329,-1.7734139,-0.4296969,2.0000000
420.0000000,1.0423548,0.3072288,2.3620620,-1.8875561,-1.7789529,-0.4834770,3.0000000
421.0000000,0.2850188,0.3503985,2.4383887,-1.8910726,-1.7938080,-0.4808316,1.0000000
422.0000000,0.4934989,-0.4047205,1.7467159,-2.0738453,-1.9390502,-0.7668687,0.0000000
423.0000000,0.5255688,0.1128698,1.9055754,-2.0219940,-1.9680241,-0.8090653,2.0000000
424.0000000,0.5197360,0.6575383,2.2290650,-2.0975630,-1.9795639,-0.7185712,3.0000000
425.0000000,0.8147597,-0.4263512,1.8164958,-2.1040178,-1.9714936,-0.5563818,10.0000000
426.0000000,0.8419717,0.1262405,2.0688456,-2.0937253,-1.9637520,-0.5372845,12.0000000
427.0000000,0.6214246,-0.4107627,1.8416338,-2.1219555,-1.9838074,-0.5111338,0.0000000
428.0000000,0.6485557,0.1504990,2.0903183,-2.0975107,-1.9655355,-0.5140377,2.0000000
429.0000000,0.6733048,0.6921936,2.3305795,-2.0934700,-1.9640121,-0.5154050,3.0000000
430.0000000,0.6526834,-0.4024265,1.8827725,-2.1371570,-1.9876116,-0.4293044,0.0000000
431.0000000,0.6844245,0.1700287,2.1335080,-2.1078522,-1.9555511,-0.4550593,2.0000000
432.0000000,0.7154896,0.7142211,2.3554409,-2.0767600,-1.9573926,-0.4847284,3.0000000
433.0000000,0.8906262,-0.4033510,1.8036737,-2.0982467,-1.9495968,-0.5151341,10.0000000
434.0000000,0.6982989,-0.3874308,1.8309554,-2.1017271,-1.9503525,-0.4656085,0.0000000
435.0000000,0.7341361,0.1750855,2.0821877,-2.0913091,-1.9399849,-0.4628310,2.0000000
436.0000000,0.7677370,0.7231731,2.3282018,-2.0860434,-1.9425845,-0.4605002,3.0000000
437.0000000,0.9026467,-0.3921763,1.8102332,-2.1181655,-1.9421351,-0.4987746,10.0000000
438.0000000,0.7117880,-0.3733699,1.8289327,-2.1202968,-1.9397573,-0.4810020,0.0000000
439.0000000,0.7565059,0.1884570,2.0752382,-2.1088323,-1.9287446,-0.4653074,2.0000000
440.0000000,0.7978216,0.7496330,2.3474453,-2.1193455,-1.9304490,-0.4382074,3.0000000
441.0000000,0.7441761,-0.3603838,1.7866764,-2.0445938,-1.9042044,-0.5323177,0.0000000
442.0000000,0.8024142,0.1710714,1.9505233,2.5431821,2.3237322,0.5983223,2.0000000
443.0000000,0.7959415,-0.3459509,1.8379717,-2.1246456,-1.9154915,-0.4343173,0.0000000
444.0000000,0.8618378,0.1832275,1.9381884,-2.0515039,-1.8453935,-0.4526905,2.0000000
445.0000000,0.1814970,0.8041719,2.2023225,-2.0092551,-1.8391496,-0.4124907,1.0000000
446.0000000,0.9245841,0.7418260,2.2430181,-2.0744429,-1.9027847,-0.4343952,3.0000000
447.0000000,0.8327729,-0.3446566,1.7558070,-2.0852412,-1.8705238,-0.5276318,0.0000000
448.0000000,0.9053083,0.1834170,1.9278677,-2.0764345,-1.8257668,-0.4581652,2.0000000
449.0000000,0.9740978,0.7190350,2.1838802,-2.0901916,-1.8748276,-0.4400349,3.0000000
450.0000000,0.9418275,-0.3655029,1.7217334,2.1198228,1.8437934,-0.7003249,0.0000000
451.0000000,1.0336496,0.1734210,1.9509708,-2.1363075,-1.8004130,-0.4801098,2.0000000
452.0000000,1.1182660,0.6783497,2.1358285,-2.1377856,-1.8206121,-0.4740171,3.0000000
453.0000000,0.3834797,0.8033388,2.2356855,-2.1110264,-1.8348272,-0.4792568,1.0000000
454.0000000,0.9721792,-0.3778576,1.7834847,-2.1017573,-1.7830430,-0.4589889,0.0000000
455.0000000,1.0733947,0.1761571,2.0353023,-2.1646649,-1.8492828,-0.2890898,2.0000000
456.0000000,1.1713592,0.7166068,2.2742687,-2.1692188,-1.8467960,-0.2667403,3.0000000
478.0000000,0.4021794,0.8468929,2.3751332,-2.1502558,-1.8252609,-0.2627545,1.0000000
479.0000000,1.2791004,0.1355740,2.0016145,-2.1292756,-1.8147381,-0.3673321,12.0000000
480.0000000,0.9920188,-0.3847452,1.7995773,-2.1323993,-1.8157382,-0.4351666,0.0000000
481.0000000,1.0918187,0.1665936,2.0322203,-2.1064455,-1.7957186,-0.4069867,2.0000000
482.0000000,1.1919356,0.7112844,2.2877103,-2.0945712,-1.8276564,-0.3065548,3.0000000
483.0000000,0.4202654,0.8453158,2.4013289,-2.1562917,-1.8450546,-0.2665922,1.0000000
484.0000000,0.4503813,-0.3039818,1.8560042,-2.1408429,-1.8158144,-0.3219608,10.0000000
485.0000000,1.0144924,-0.3899966,1.7876776,-2.1383138,-1.8125216,-0.4276826,0.0000000
486.0000000,1.1193072,0.1628878,2.0363016,-2.1201122,-1.8131337,-0.3921540,2.0000000
487.0000000,1.2192205,0.6940675,2.2588668,-2.1156368,-1.8096716,-0.3922333,3.0000000
488.0000000,0.4508065,0.8376903,2.4018837,-2.1514548,-1.8413524,-0.3876529,1.0000000
489.0000000,0.4662120,-0.3065976,1.8567958,-2.1362395,-1.8012472,-0.3080205,10.0000000
490.0000000,1.0277113,-0.3956749,1.7779226,-2.1299007,-1.7909789,-0.3985051,0.0000000
491.0000000,1.1353673,0.1522915,2.0207413,-2.1103856,-1.7778673,-0.3765172,2.0000000
492.0000000,1.2431014,0.6920449,2.2714998,-2.0987489,-1.8028359,-0.2922225,3.0000000
493.0000000,0.4820534,0.8123936,2.3624616,-2.1195655,-1.7998083,-0.3575992,1.0000000
494.0000000,1.2299258,-0.4292751,1.7431529,-2.1513546,-1.7998087,-0.3695219,10.0000000
495.0000000,0.4844284,-0.3075887,1.8579218,-2.1366932,-1.7910857,-0.2996989,18.0000000
496.0000000,1.3425593,0.1158338,1.9860030,-2.1327017,-1.7865139,-0.3497289,12.0000000
497.0000000,1.0444835,-0.3990702,1.7774922,-2.1512222,-1.8018530,-0.3642888,0.0000000
498.0000000,0.2901556,-0.2782919,1.8869398,-2.1290667,-1.7831240,-0.3131420,8.0000000
499.0000000,1.1579082,0.1506928,2.0302762,-2.1281555,-1.7836582,-0.3419497,2.0000000
500.0000000,1.2685530,0.6879658,2.2706824,-2.1263528,-1.7888004,-0.3219192,3.0000000
501.0000000,0.5083485,0.8151169,2.3763329,-2.1276072,-1.7841826,-0.3212299,1.0000000
502.0000000,0.5026947,-0.3128959,1.8599331,-2.1337882,-1.7833168,-0.2897437,18.0000000
503.0000000,1.0638903,-0.4050211,1.7864326,-2.1656848,-1.8071871,-0.3519003,0.0000000
504.0000000,0.3074436,-0.2832467,1.8951181,-2.1299835,-1.7776184,-0.2934245,8.0000000
505.0000000,1.1819629,0.1498872,2.0493491,-2.1375823,-1.7873201,-0.3179792,2.0000000
506.0000000,1.2934285,0.6809358,2.2676816,2.6799633,2.2159075,0.3884998,3.0000000
507.0000000,0.5298882,0.8186760,2.3995336,-2.1338436,-1.7785776,-0.2984408,1.0000000
508.0000000,1.2617020,-0.4444135,1.7371239,-2.1505832,-1.7843246,-0.3550431,10.0000000
509.0000000,1.3803702,0.0992890,1.9776650,-2.1322820,-1.7708434,-0.3333603,12.0000000
510.0000000,0.5180509,-0.3192309,1.8620187,-2.1358492,-1.7756796,-0.2864131,18.0000000
511.0000000,1.4956002,0.6260971,2.2093381,-2.1347284,-1.7709028,-0.3422030,13.0000000
512.0000000,1.0766272,-0.4133671,1.7712103,-2.1521872,-1.7857367,-0.3589842,0.0000000
513.0000000,0.3234274,-0.2886520,1.8988375,-2.1245090,-1.7683752,-0.3153642,8.0000000
514.0000000,1.1951053,0.1326246,2.0146923,-2.1218214,-1.7650734,-0.3384966,2.0000000
515.0000000,1.3107672,0.6632197,2.2483986,-2.1183075,-1.7630468,-0.3221278,3.0000000
516.0000000,0.5572852,0.7938501,2.3674360,-2.1195936,-1.7739182,-0.3266571,1.0000000
517.0000000,1.3959997,0.0899887,1.9808944,-2.1335853,-1.7649426,-0.3289221,12.0000000
518.0000000,1.2745041,-0.4534079,1.7399724,-2.1540778,-1.7809147,-0.3506723,10.0000000
519.0000000,1.0896556,-0.4218448,1.7728279,-2.1547592,-1.7773958,-0.3650377,0.0000000
520.0000000,0.3371421,-0.2950824,1.9068969,-2.1333373,-1.7605684,-0.2904718,8.0000000
521.0000000,1.2111384,0.1239828,2.0194569,-2.1248122,-1.7564050,-0.3365780,2.0000000
522.0000000,1.3306365,0.6558646,2.2585900,-2.1216515,-1.7599017,-0.3124381,3.0000000
523.0000000,0.5772739,0.7883251,2.3811667,2.6704803,2.2303292,0.4015675,1.0000000
524.0000000,1.4128050,0.0787109,1.9788396,-2.1315902,-1.7562443,-0.3239152,12.0000000
525.0000000,1.1059481,-0.4326319,1.7896748,-2.1775820,-1.8005382,-0.3501426,0.0000000
526.0000000,0.3478395,-0.3034909,1.9227443,-2.1456780,-1.7639302,-0.2700485,8.0000000
527.0000000,1.2325971,0.1190723,2.0465173,-2.1367876,-1.7698567,-0.3157269,2.0000000
528.0000000,1.3544330,0.6516251,2.2769503,-2.1283417,-1.7545405,-0.3005490,3.0000000
529.0000000,0.5944763,0.7911386,2.4176645,-2.1334793,-1.7698930,-0.3062101,1.0000000
530.0000000,1.4280039,0.0660748,1.9729861,-2.1311499,-1.7500497,-0.3259930,12.0000000
531.0000000,1.1189720,-0.4433314,1.7816061,-2.1772058,-1.7897362,-0.3504094,0.0000000
532.0000000,0.3627881,-0.3126497,1.9237283,-2.1433068,-1.7548664,-0.2730765,8.0000000
533.0000000,1.2450046,0.1023860,2.0221697,-2.1287951,-1.7511783,-0.3298406,2.0000000
534.0000000,1.3680148,0.6282317,2.2510525,-2.1187598,-1.7430563,-0.3045011,3.0000000
535.0000000,0.6168282,0.7701013,2.4006519,-2.1248031,-1.7570917,-0.3090488,1.0000000
536.0000000,1.4437484,0.0582935,1.9716708,-2.1259456,-1.7470042,-0.3171672,12.0000000
537.0000000,1.1345760,-0.4519097,1.7816721,-2.1667153,-1.7817375,-0.3173275,0.0000000
538.0000000,0.3822574,-0.3235503,1.9134037,-2.1258530,-1.7431336,-0.2479867,8.0000000
539.0000000,1.2604371,0.0931886,2.0176947,-2.1204326,-1.7448134,-0.3135348,2.0000000
540.0000000,1.3821538,0.6151617,2.2410845,-2.1110812,-1.7383182,-0.2970405,3.0000000
541.0000000,0.6352956,0.7507574,2.3886135,-2.1178909,-1.7505594,-0.2966135,1.0000000
542.0000000,1.4562800,0.0469788,1.9661246,-2.1167888,-1.7433069,-0.3124991,12.0000000
543.0000000,1.3298676,-0.4933668,1.7251052,-2.1371314,-1.7590615,-0.3252589,10.0000000
544.0000000,1.1460559,-0.4628282,1.7647501,-2.1465875,-1.7634087,-0.3338524,0.0000000
545.0000000,0.3942461,-0.3377857,1.9210396,-2.1235241,-1.7454625,-0.2583164,8.0000000
546.0000000,1.2726660,0.0805278,2.0115877,-2.1175832,-1.7460506,-0.3167892,2.0000000
547.0000000,1.3967970,0.6061982,2.2485458,-2.1065205,-1.7373941,-0.2913697,3.0000000
548.0000000,0.6476519,0.7387057,2.4021461,-2.1063063,-1.7511276,-0.3009448,1.0000000
549.0000000,1.1614071,-0.4754713,1.7721881,-2.1568702,-1.7827332,-0.3470318,0.0000000
550.0000000,0.4041969,-0.3522929,1.9365906,-2.1341669,-1.7592479,-0.2555847,8.0000000
551.0000000,1.2857591,0.0687636,2.0133739,-2.1049163,-1.7401528,-0.3381431,2.0000000
552.0000000,1.4088239,0.5940939,2.2518787,-2.0921217,-1.7393049,-0.3110129,3.0000000
553.0000000,0.6568826,0.7351971,2.4400973,2.6816464,2.2586479,0.3998060,1.0000000
554.0000000,0.6126208,-0.3943004,1.8643118,-2.1107509,-1.7507614,-0.2453269,18.0000000
555.0000000,1.1689058,-0.4842063,1.7539778,-2.1296267,-1.7643826,-0.3305246,0.0000000
556.0000000,0.4210142,-0.3661760,1.9047049,-2.0960475,-1.7383012,-0.2642248,8.0000000
557.0000000,1.2927602,0.0574261,2.0036585,-2.0956806,-1.7355773,-0.3191695,2.0000000
558.0000000,1.4149887,0.5820482,2.2466273,-2.0898439,-1.7401901,-0.2909415,3.0000000
559.0000000,0.6671005,0.7061295,2.4058581,-2.0933912,-1.7440159,-0.2864397,1.0000000
560.0000000,1.3625012,-0.5221284,1.7179149,-2.1176326,-1.7633002,-0.3105636,10.0000000
561.0000000,0.6222001,-0.4080626,1.8678742,-2.1014615,-1.7520029,-0.2418906,18.0000000
562.0000000,1.1781030,-0.4941754,1.7564684,-2.1231917,-1.7653501,-0.3132494,0.0000000
563.0000000,0.4313624,-0.3811136,1.9058467,-2.0866552,-1.7383122,-0.2598615,8.0000000
564.0000000,1.2998068,0.0470185,2.0045830,-2.0859160,-1.7372468,-0.3043056,2.0000000
565.0000000,1.4216177,0.5733630,2.2538988,-2.0833666,-1.7341347,-0.2769576,3.0000000
566.0000000,0.6732009,0.6909612,2.4143004,-2.0852456,-1.7454732,-0.2814317,1.0000000
567.0000000,0.6345321,-0.4215561,1.8689050,-2.0915439,-1.7506222,-0.2446089,18.0000000
568.0000000,1.3746343,-0.5310615,1.7152134,-2.1068651,-1.7613830,-0.3041806,10.0000000
569.0000000,1.1913559,-0.5047330,1.7615578,-2.1076306,-1.7617743,-0.2949301,0.0000000
570.0000000,0.4437465,-0.3955742,1.9076696,-2.0751091,-1.7351536,-0.2556109,8.0000000
571.0000000,1.3128693,0.0383832,2.0139185,-2.0782983,-1.7350684,-0.2900589,2.0000000
572.0000000,1.4330401,0.5649313,2.2616469,-2.0704034,-1.7275390,-0.2646174,3.0000000
573.0000000,0.6832111,0.6732241,2.4141348,-2.0773658,-1.7400609,-0.2775683,1.0000000
574.0000000,0.6419521,-0.4336395,1.8744977,-2.0858610,-1.7538621,-0.2431989,18.0000000
575.0000000,1.1987672,-0.5134869,1.7578443,-2.1124132,-1.7707623,-0.3146854,0.0000000
576.0000000,0.4500208,-0.4088634,1.9184240,-2.0789782,-1.7441634,-0.2587765,8.0000000
577.0000000,1.3176723,0.0272198,2.0050529,-2.0718845,-1.7430951,-0.3049087,2.0000000
578.0000000,1.4357583,0.5518577,2.2549085,-2.0595612,-1.7333762,-0.2741928,3.0000000
579.0000000,0.6864204,0.6672982,2.4389499,-2.0738196,-1.7482132,-0.2757819,1.0000000
580.0000000,0.6507267,-0.4452370,1.8801991,-2.0760572,-1.7544920,-0.2440897,18.0000000
581.0000000,1.2074849,-0.5212146,1.7655546,-2.0964592,-1.7683729,-0.3145290,0.0000000
582.0000000,0.4579959,-0.4214433,1.9299542,-2.0695691,-1.7452185,-0.2583715,8.0000000
583.0000000,1.3260434,0.0213061,2.0217089,-2.0671690,-1.7440709,-0.3042894,2.0000000
584.0000000,1.4408531,0.5454167,2.2652176,-2.0543205,-1.7369322,-0.2849115,3.0000000
585.0000000,0.6908242,0.6549615,2.4517453,-2.0649830,-1.7512332,-0.2629326,1.0000000
586.0000000,0.6585269,-0.4562154,1.8813777,-2.0655310,-1.7541193,-0.2495021,18.0000000
587.0000000,1.2144333,-0.5283138,1.7655973,-2.0831951,-1.7646083,-0.2898274,0.0000000
588.0000000,0.4672282,-0.4335922,1.9221477,-2.0540478,-1.7433579,-0.2532454,8.0000000
589.0000000,1.3305380,0.0126756,2.0203901,-2.0565304,-1.7455791,-0.2915067,2.0000000
590.0000000,1.4431881,0.5355082,2.2653340,-2.0470670,-1.7400004,-0.2646237,3.0000000
591.0000000,0.6959357,0.6323419,2.4332000,-2.0507194,-1.7462703,-0.2753514,1.0000000
592.0000000,0.6618119,-0.4662993,1.8813742,-2.0584462,-1.7577967,-0.2524992,18.0000000
593.0000000,1.2176217,-0.5352541,1.7624623,-2.0745273,-1.7621109,-0.2941028,0.0000000
594.0000000,0.4700982,-0.4447105,1.9239174,-2.0467395,-1.7444591,-0.2567472,8.0000000
595.0000000,1.3316146,0.0048211,2.0204097,-2.0461501,-1.7454448,-0.2863651,2.0000000
596.0000000,1.4420689,0.5271983,2.2687781,-2.0400181,-1.7382884,-0.2685460,3.0000000
597.0000000,0.6944430,0.6196286,2.4372558,-2.0406786,-1.7473486,-0.2814176,1.0000000
598.0000000,0.6622916,-0.4738432,1.8766729,-2.0515498,-1.7589758,-0.2456272,18.0000000
599.0000000,1.2186909,-0.5404828,1.7642906,-2.0532029,-1.7516827,-0.2960629,0.0000000
600.0000000,0.4713301,-0.4530555,1.9169689,-2.0310641,-1.7419035,-0.2603399,8.0000000
601.0000000,1.3316402,0.0011704,2.0303955,-2.0376720,-1.7375472,-0.2888122,2.0000000
602.0000000,1.4369498,0.5192650,2.2673318,-2.0224666,-1.7284835,-0.2629054,3.0000000
603.0000000,0.6903276,0.6073281,2.4333785,-2.0297837,-1.7422000,-0.2790966,1.0000000
604.0000000,0.6625721,-0.4809476,1.8761698,-2.0444829,-1.7630111,-0.2517140,18.0000000
605.0000000,1.2197805,-0.5448866,1.7725710,-2.0634371,-1.7751474,-0.2828679,0.0000000
606.0000000,0.4701710,-0.4617493,1.9231986,-2.0343021,-1.7496830,-0.2532180,8.0000000
607.0000000,1.3295827,-0.0024015,2.0405010,-2.0391657,-1.7522558,-0.2757278,2.0000000
608.0000000,1.4333267,0.5158292,2.2765316,-2.0285202,-1.7112538,-0.2365545,3.0000000
609.0000000,0.6848740,0.5980910,2.4377742,-2.0258852,-1.7433399,-0.2665071,1.0000000
610.0000000,0.6626190,-0.4892708,1.8725219,-2.0365594,-1.7645897,-0.2558975,18.0000000
611.0000000,1.2194354,-0.5493216,1.7682066,-2.0560498,-1.7791295,-0.2913334,0.0000000
612.0000000,0.4698595,-0.4714348,1.9203507,-2.0290818,-1.7549511,-0.2591951,8.0000000
613.0000000,1.3260368,-0.0082561,2.0369123,-2.0285733,-1.7593759,-0.2858335,2.0000000
614.0000000,1.4278474,0.5128037,2.2876546,-2.0178721,-1.7471757,-0.2646161,3.0000000
615.0000000,0.6792653,0.5885484,2.4417644,-2.0151875,-1.7542576,-0.2839873,1.0000000
616.0000000,0.6579155,-0.4971622,1.8677978,-2.0286074,-1.7667639,-0.2562786,18.0000000
617.0000000,1.2143340,-0.5543487,1.7602676,-2.0438737,-1.7733730,-0.3052069,0.0000000
618.0000000,0.4657763,-0.4801583,1.9117789,-2.0207171,-1.7553599,-0.2643749,8.0000000
619.0000000,1.3184006,-0.0152998,2.0326656,-2.0199628,-1.7557055,-0.2979950,2.0000000
620.0000000,1.4175697,0.5042912,2.2860952,-2.0128822,-1.7495185,-0.2753281,3.0000000
621.0000000,0.6689323,0.5789550,2.4447754,-2.0129206,-1.7592111,-0.2854353,1.0000000
622.0000000,1.2083685,-0.5588737,1.7631949,-2.0481809,-1.7864393,-0.3114020,0.0000000
623.0000000,0.4591711,-0.4870300,1.9108685,-2.0145817,-1.7629341,-0.2625823,8.0000000
624.0000000,1.3085967,-0.0208042,2.0306019,-2.0209973,-1.7630548,-0.3066512,2.0000000
625.0000000,1.4059910,0.4981450,2.2873923,-2.0111285,-1.7581661,-0.2799196,3.0000000
626.0000000,0.6571069,0.5717484,2.4509129,-2.0125238,-1.7607433,-0.2900656,1.0000000
627.0000000,1.3869565,-0.5798964,1.7190805,-2.0331361,-1.7811000,-0.3136281,10.0000000
628.0000000,0.6442731,-0.5111131,1.8698279,-2.0182216,-1.7737141,-0.2650231,18.0000000
629.0000000,1.2023068,-0.5636229,1.7621687,-2.0368333,-1.7843782,-0.3125749,0.0000000
630.0000000,0.4522817,-0.4957108,1.9115040,-2.0122660,-1.7660754,-0.2677901,8.0000000
631.0000000,1.2996757,-0.0267347,2.0282783,-2.0149742,-1.7637344,-0.3138345,2.0000000
632.0000000,1.3943286,0.4903777,2.2852921,-2.0062343,-1.7535416,-0.2771176,3.0000000
633.0000000,0.6452625,0.5616287,2.4514964,-2.0060722,-1.7673655,-0.2952539,1.0000000
634.0000000,1.3827514,-0.5849417,1.7254053,-2.0274223,-1.7856868,-0.3108728,10.0000000
635.0000000,1.1996170,-0.5705828,1.7799959,-2.0438923,-1.7991164,-0.3154467,0.0000000
636.0000000,0.4455916,-0.5048618,1.9200593,-2.0090037,-1.7727921,-0.2713771,8.0000000
637.0000000,1.2967156,-0.0285592,2.0573760,-2.0170670,-1.7785918,-0.3059927,2.0000000
638.0000000,1.3967365,0.5055964,2.3523735,-2.0140808,-1.7936732,-0.2776645,3.0000000
639.0000000,0.6305339,0.5670489,2.4980316,-2.0160155,-1.7631032,-0.2704195,1.0000000
640.0000000,1.1953720,-0.5737580,1.7921305,-2.0564482,-1.8165870,-0.3508671,0.0000000
641.0000000,0.4374968,-0.5119374,1.9393150,-2.0196096,-1.7860216,-0.2869282,8.0000000
642.0000000,1.2939047,-0.0268024,2.0958097,-2.0224516,-1.7917986,-0.3078634,2.0000000
643.0000000,1.3753239,0.4795977,2.2974926,-2.0002142,-1.7833052,-0.3258403,3.0000000
644.0000000,0.6244490,0.5489873,2.4742944,2.6573725,2.3445307,0.4552365,1.0000000
645.0000000,1.1882055,-0.5745160,1.7827180,-1.9903346,-1.7597950,-0.3564724,0.0000000
646.0000000,0.4322267,-0.5161572,1.9357997,-1.9849471,-1.7814271,-0.3245095,8.0000000
647.0000000,1.2833293,-0.0326050,2.0710470,-2.0215777,-1.7834182,-0.3118441,2.0000000
648.0000000,1.3725738,0.4880708,2.3381336,2.6551958,2.3539058,0.3689599,3.0000000
649.0000000,0.6132845,0.5433494,2.4767962,-1.9870371,-1.7941021,-0.2015894,1.0000000
650.0000000,1.1792036,-0.5782728,1.7796115,-2.0250398,-1.7726761,-0.3958459,0.0000000
651.0000000,0.4173818,-0.5252114,1.9715387,2.0191799,1.6100969,0.2079534,8.0000000
652.0000000,1.2711831,-0.0385308,2.0635163,-2.0117405,-1.7990625,-0.3018364,2.0000000
653.0000000,0.5973271,0.5496561,2.5047206,-2.0140026,-1.8272458,-0.2529678,1.0000000
654.0000000,1.1708139,-0.5780551,1.7812431,-2.0452927,-1.8102763,-0.4354358,0.0000000
655.0000000,0.4074765,-0.5259823,1.9753193,2.6129937,2.3337044,0.3771405,8.0000000
656.0000000,1.2637955,-0.0378638,2.0859396,2.5696177,2.3481616,0.4333656,2.0000000
657.0000000,1.3420740,0.4765738,2.3212714,2.5804804,2.3608143,0.4380013,3.0000000
686.0000000,0.5826510,0.5485407,2.5103962,2.5815797,2.3869464,0.3442129,1.0000000
687.0000000,1.1640500,-0.5760274,1.7966495,-1.9781566,-1.7609269,-0.3925430,0.0000000
688.0000000,0.3995590,-0.5278726,1.9699232,-2.0819861,-1.8309427,-0.2550126,8.0000000
689.0000000,1.2496645,-0.0384645,2.0679983,2.6523394,2.4097425,0.4022825,2.0000000
690.0000000,1.3329412,0.4873221,2.3435506,-2.0228316,-1.8218147,-0.2459419,3.0000000
691.0000000,0.5736673,0.5302769,2.4570278,-2.0015493,-1.8109437,-0.2174502,1.0000000
692.0000000,0.5918910,-0.5378467,1.9047127,-2.0051256,-1.8086528,-0.3274848,18.0000000
693.0000000,1.1541261,-0.5750399,1.8011530,-1.9675845,-1.7642304,-0.3602554,0.0000000
694.0000000,0.3940745,-0.5265812,1.9555396,-1.9904891,-1.8018085,-0.3577476,8.0000000
695.0000000,1.2379459,-0.0358176,2.0686850,-1.9730007,-1.7750415,-0.3539884,2.0000000
696.0000000,1.3206337,0.4927913,2.3537494,-2.0162294,-1.8277530,-0.2512167,3.0000000
697.0000000,0.5592054,0.5337621,2.4640268,-1.9673556,-1.8032157,-0.3265452,1.0000000
698.0000000,0.5827216,-0.5347652,1.9059817,-2.0064093,-1.8144305,-0.3313585,18.0000000
699.0000000,1.1458604,-0.5717936,1.8017043,-1.9705043,-1.7732621,-0.3397766,0.0000000
700.0000000,0.3862377,-0.5229523,1.9478504,-2.0022259,-1.8085682,-0.3303540,8.0000000
701.0000000,1.2274635,-0.0330291,2.0633460,-1.9827190,-1.7916221,-0.3324089,2.0000000
702.0000000,1.3033606,0.4842040,2.3148358,-1.9749079,-1.7834031,-0.3323136,3.0000000
703.0000000,0.5463328,0.5405886,2.4693665,2.6248866,2.3889524,0.4401002,1.0000000
704.0000000,1.3250281,-0.5783440,1.7654786,-1.9848020,-1.7890215,-0.3107684,10.0000000
705.0000000,0.5748267,-0.5302767,1.9093067,-2.0111859,-1.8178739,-0.3337428,18.0000000
706.0000000,1.4082439,-0.0406714,2.0326600,-2.0029139,-1.8085742,-0.3164025,12.0000000
707.0000000,1.1382027,-0.5678048,1.8035382,-1.9858370,-1.7916277,-0.3114575,0.0000000
708.0000000,0.3784303,-0.5180685,1.9498398,-2.0072893,-1.8122889,-0.3351600,8.0000000
709.0000000,1.2192743,-0.0288630,2.0623606,-1.9948122,-1.8021271,-0.3206622,2.0000000
710.0000000,1.2965469,0.4929483,2.3255449,-1.9910624,-1.7991553,-0.2999056,3.0000000
711.0000000,0.5394478,0.5412774,2.4535932,-1.9885756,-1.8002246,-0.3120238,1.0000000
712.0000000,0.5700627,-0.5234159,1.9106748,-2.0140756,-1.8194181,-0.3326356,18.0000000
713.0000000,1.3204956,-0.5732134,1.7668952,-1.9903992,-1.7913523,-0.3150332,10.0000000
714.0000000,1.4033059,-0.0354537,2.0317773,-2.0053750,-1.8086088,-0.3197718,12.0000000
715.0000000,1.1341060,-0.5623650,1.8077165,-1.9925999,-1.7924309,-0.3343543,0.0000000
716.0000000,0.3716166,-0.5114576,1.9596235,-2.0181049,-1.8170648,-0.3404659,8.0000000
717.0000000,1.2165805,-0.0212603,2.0744713,-2.0010776,-1.8099989,-0.3311883,2.0000000
718.0000000,1.2933600,0.5010762,2.3312386,-1.9876365,-1.8004388,-0.3261814,3.0000000
719.0000000,0.5327862,0.5558552,2.4721090,2.6216104,2.3798470,0.4533909,1.0000000
720.0000000,1.3164975,-0.5653778,1.7653869,-1.9971839,-1.7970429,-0.3207674,10.0000000
721.0000000,0.5660851,-0.5147182,1.9112891,-2.0147992,-1.8204038,-0.3343129,18.0000000
722.0000000,1.3985025,-0.0272064,2.0297585,-2.0058490,-1.8098530,-0.3232568,12.0000000
723.0000000,1.1299286,-0.5536560,1.8043382,-1.9898421,-1.7898699,-0.3448832,0.0000000
724.0000000,0.3699324,-0.5019495,1.9498752,-2.0022118,-1.8103992,-0.3459645,8.0000000
725.0000000,1.2107794,-0.0133632,2.0678439,-1.9902583,-1.7950503,-0.3295048,2.0000000
726.0000000,1.2868948,0.5069168,2.3254596,-1.9915320,-1.7875543,-0.3172374,3.0000000
727.0000000,0.5298528,0.5563580,2.4491575,2.6290230,2.3940808,0.4449954,1.0000000
728.0000000,0.5638484,-0.5048145,1.9098128,-2.0179763,-1.8193989,-0.3241129,18.0000000
729.0000000,1.3139507,-0.5573727,1.7679911,-2.0028672,-1.8016314,-0.3205123,10.0000000
730.0000000,1.1274774,-0.5451464,1.8072370,-1.9919109,-1.7893482,-0.3399615,0.0000000
731.0000000,0.3677058,-0.4920890,1.9489497,-2.0020745,-1.8096853,-0.3402806,8.0000000
732.0000000,1.2082939,-0.0045864,2.0702160,-1.9961248,-1.7975922,-0.3312318,2.0000000
733.0000000,1.2830967,0.5131630,2.3159313,-1.9716182,-1.7777784,-0.3253055,3.0000000
734.0000000,0.5280216,0.5678464,2.4520911,2.6260456,2.3889818,0.4469527,1.0000000
735.0000000,0.5614733,-0.4949629,1.9095345,-2.0189627,-1.8180289,-0.3180841,18.0000000
736.0000000,1.1242292,-0.5367315,1.8054585,-2.0043843,-1.7962381,-0.3407615,0.0000000
737.0000000,0.3657071,-0.4819622,1.9478309,-2.0128892,-1.8104257,-0.3193413,8.0000000
738.0000000,1.2062415,0.0038082,2.0739526,-2.0099997,-1.8057229,-0.3368051,2.0000000
739.0000000,1.2830680,0.5252052,2.3292908,-2.0133507,-1.8011712,-0.3213087,3.0000000
740.0000000,0.5239092,0.5872513,2.4752473,-2.0026382,-1.8128732,-0.3199655,1.0000000
741.0000000,1.3087145,-0.5422663,1.7701171,-2.0118809,-1.8039674,-0.3265777,10.0000000
742.0000000,0.5589118,-0.4867533,1.9083653,-2.0182199,-1.8162512,-0.3159938,18.0000000
743.0000000,1.3912993,-0.0036896,2.0334006,-2.0139800,-1.8093743,-0.3251157,12.0000000
744.0000000,1.4677596,0.5144137,2.2806809,-2.0155845,-1.8058379,-0.3194516,13.0000000
745.0000000,1.1220417,-0.5294460,1.8082998,-2.0106262,-1.8007070,-0.3330350,0.0000000
746.0000000,0.3631645,-0.4735306,1.9470321,-2.0156527,-1.8104846,-0.3180351,8.0000000
747.0000000,1.2040038,0.0115155,2.0732728,-2.0147840,-1.8125638,-0.3202053,2.0000000
748.0000000,1.2817682,0.5345219,2.3290920,-2.0005800,-1.8016729,-0.3053604,3.0000000
749.0000000,0.5234408,0.5915743,2.4615190,-2.0067151,-1.8092582,-0.3108811,1.0000000
750.0000000,1.3055771,-0.5369373,1.7752027,-2.0154708,-1.8065546,-0.3287612,10.0000000
751.0000000,1.3888415,0.0025502,2.0400383,-2.0159417,-1.8106247,-0.3232412,12.0000000
752.0000000,0.5562348,-0.4808535,1.9135058,-2.0204826,-1.8181619,-0.3143522,18.0000000
753.0000000,1.4648439,0.5204514,2.2837833,-2.0160504,-1.8051788,-0.3189892,13.0000000
754.0000000,1.1193221,-0.5240048,1.8151690,-2.0181015,-1.8048373,-0.3403736,0.0000000
755.0000000,0.3605473,-0.4675613,1.9516307,-2.0191355,-1.8112417,-0.3181603,8.0000000
756.0000000,1.2013702,0.0175565,2.0782187,-2.0133679,-1.8082167,-0.3223687,2.0000000
757.0000000,1.2792596,0.5415124,2.3339352,-2.0040615,-1.8032075,-0.3006580,3.0000000
758.0000000,0.5207455,0.5998452,2.4683796,-2.0089077,-1.8119802,-0.3106269,1.0000000
759.0000000,0.5540730,-0.4757497,1.9151703,-2.0225880,-1.8183313,-0.3143556,18.0000000
760.0000000,1.3037221,-0.5322100,1.7799912,-2.0148558,-1.8066873,-0.3227197,10.0000000
761.0000000,1.3867970,0.0076207,2.0421607,-2.0171971,-1.8119441,-0.3230542,12.0000000
762.0000000,1.1176034,-0.5194860,1.8217488,-2.0212695,-1.8085816,-0.3320725,0.0000000
763.0000000,0.3579921,-0.4623038,1.9550823,-2.0213419,-1.8124863,-0.3165284,8.0000000
764.0000000,1.1993604,0.0227211,2.0803843,-2.0165334,-1.8105092,-0.3215977,2.0000000
765.0000000,1.2782655,0.5483922,2.3394353,-2.0074671,-1.8053027,-0.2980629,3.0000000
766.0000000,0.5196735,0.6046292,2.4652892,-2.0086227,-1.8109800,-0.3144613,1.0000000
767.0000000,1.1143668,-0.5151573,1.8259506,-2.0194772,-1.8085470,-0.3181460,0.0000000
768.0000000,0.3549172,-0.4568844,1.9539216,-2.0199936,-1.8093759,-0.3205113,8.0000000
769.0000000,1.1966373,0.0276573,2.0848823,-2.0185053,-1.8093099,-0.3139016,2.0000000
770.0000000,1.2760268,0.5536904,2.3427364,-2.0123697,-1.8051148,-0.2965913,3.0000000
771.0000000,0.5161654,0.6117533,2.4702177,2.6254418,2.3641574,0.4084125,1.0000000
772.0000000,1.2974093,-0.5236729,1.7861399,-2.0215254,-1.8089364,-0.3295423,10.0000000
773.0000000,1.3806892,0.0163661,2.0473884,-2.0210460,-1.8116896,-0.3251419,12.0000000
774.0000000,1.1118545,-0.5103993,1.8316515,-2.0271583,-1.8137115,-0.3213349,0.0000000
775.0000000,0.3493979,-0.4514827,1.9688399,-2.0346594,-1.8179925,-0.3313174,8.0000000
776.0000000,1.1933516,0.0323197,2.0863089,-2.0155986,-1.8045989,-0.3264357,2.0000000
777.0000000,1.2712909,0.5547785,2.3350920,-2.0023692,-1.7989088,-0.3079326,3.0000000
778.0000000,0.5136034,0.6191721,2.4758761,-2.0078533,-1.8119950,-0.3252578,1.0000000
779.0000000,0.5471937,-0.4558213,1.9118380,-2.0275062,-1.8158258,-0.3153490,18.0000000
780.0000000,1.1137839,-0.5043233,1.8471837,-2.0536534,-1.8370929,-0.3167842,0.0000000
781.0000000,0.3502776,-0.4414997,1.9547843,-2.0270960,-1.8113073,-0.3032616,8.0000000
782.0000000,1.1983703,0.0450788,2.1144349,-2.0336936,-1.8223018,-0.3159187,2.0000000
783.0000000,1.2820399,0.5832077,2.3905805,-2.0197537,-1.8345561,-0.3035823,3.0000000
784.0000000,0.5085809,0.6442983,2.5129071,-2.0287616,-1.8168427,-0.2974179,1.0000000
785.0000000,1.2929176,-0.5081603,1.7750515,-2.0240601,-1.8087705,-0.3339957,10.0000000
786.0000000,1.3759594,0.0311637,2.0353526,-2.0212845,-1.8096325,-0.3281454,12.0000000
787.0000000,1.4536256,0.5501068,2.2803787,-2.0224693,-1.8057544,-0.3197477,13.0000000
788.0000000,1.1073080,-0.4945414,1.8202281,-2.0280884,-1.8137365,-0.3329677,0.0000000
789.0000000,0.3451577,-0.4349340,1.9632274,-2.0307211,-1.8210546,-0.3138668,8.0000000
790.0000000,1.1886689,0.0471888,2.0738355,-2.0159446,-1.8058131,-0.3251155,2.0000000
791.0000000,1.2668049,0.5691359,2.3225566,-2.0083235,-1.8001593,-0.3108480,3.0000000
792.0000000,0.5098446,0.6338698,2.4629160,-2.0080346,-1.8169076,-0.3222962,1.0000000
793.0000000,0.5438768,-0.4451394,1.9237000,-2.0251149,-1.8211903,-0.3050869,18.0000000
794.0000000,1.1073988,-0.4892231,1.8296135,-2.0195544,-1.8079399,-0.3495020,0.0000000
795.0000000,0.3472092,-0.4316058,1.9657074,-2.0262338,-1.8180107,-0.3097036,8.0000000
796.0000000,1.1897341,0.0557432,2.0935226,-2.0118173,-1.8118324,-0.3460925,2.0000000
797.0000000,1.2677720,0.5820023,2.3457002,-2.0095220,-1.8183852,-0.3350449,3.0000000
798.0000000,0.5056296,0.6480118,2.4941264,2.6088873,2.3595786,0.4142672,1.0000000
799.0000000,1.1089180,-0.4853915,1.8333149,-2.0245974,-1.8170725,-0.3285057,0.0000000
800.0000000,0.3495588,-0.4273959,1.9627515,-2.0214050,-1.8166108,-0.3124070,8.0000000
801.0000000,1.1900979,0.0590859,2.0914674,-2.0145549,-1.8127160,-0.3234716,2.0000000
802.0000000,1.2688445,0.5877779,2.3494761,-2.0108031,-1.8108977,-0.3027934,3.0000000
803.0000000,0.5101639,0.6420648,2.4665084,-2.0087187,-1.8169492,-0.3175927,1.0000000
804.0000000,1.2950065,-0.4921330,1.7909692,-2.0204410,-1.8138639,-0.3193341,10.0000000
805.0000000,0.5448407,-0.4351255,1.9261964,-2.0267884,-1.8246372,-0.3084967,18.0000000
806.0000000,1.3771113,0.0501011,2.0507347,-2.0224048,-1.8175043,-0.3165193,12.0000000
807.0000000,1.4527668,0.5711145,2.2916905,-2.0220675,-1.8128345,-0.3154793,13.0000000
808.0000000,1.1086816,-0.4790182,1.8327437,-2.0236178,-1.8129251,-0.3280798,0.0000000
809.0000000,0.3499895,-0.4213423,1.9600544,-2.0226490,-1.8171182,-0.3107523,8.0000000
810.0000000,1.1893111,0.0653553,2.0881147,-2.0137937,-1.8134989,-0.3221066,2.0000000
811.0000000,1.2677735,0.5933378,2.3440035,-2.0102666,-1.8079533,-0.3023378,3.0000000
812.0000000,0.5084815,0.6503804,2.4694311,2.6164743,2.3704171,0.4092966,1.0000000
813.0000000,1.3764938,0.0564966,2.0529537,-2.0224459,-1.8178593,-0.3123814,12.0000000
814.0000000,1.2939617,-0.4863897,1.7926557,-2.0189400,-1.8113339,-0.3197067,10.0000000
815.0000000,0.5441164,-0.4300437,1.9306203,-2.0277885,-1.8266027,-0.3049934,18.0000000
816.0000000,1.4520829,0.5782014,2.2927262,-2.0228385,-1.8129988,-0.3117046,13.0000000
817.0000000,1.1078085,-0.4733740,1.8339377,-2.0200417,-1.8104296,-0.3324944,0.0000000
818.0000000,0.3469925,-0.4164327,1.9742152,-2.0264466,-1.8204549,-0.3190026,8.0000000
819.0000000,1.1889757,0.0722949,2.0930808,-2.0139138,-1.8119810,-0.3171071,2.0000000
820.0000000,1.2657718,0.5978877,2.3389133,-2.0078104,-1.8051092,-0.3032999,3.0000000
821.0000000,0.5080835,0.6544906,2.4644093,2.6250760,2.3722324,0.4073600,1.0000000
822.0000000,1.2949483,-0.4818595,1.7949396,-2.0177334,-1.8123990,-0.3099393,10.0000000
823.0000000,1.1079984,-0.4690287,1.8328838,-2.0152279,-1.8109960,-0.3160689,0.0000000
824.0000000,0.3482671,-0.4124277,1.9685347,-2.0234810,-1.8203264,-0.3125129,8.0000000
825.0000000,1.1887227,0.0764655,2.0879951,-2.0130461,-1.8105956,-0.3129481,2.0000000
826.0000000,1.2659445,0.6034545,2.3358329,-2.0061738,-1.8054105,-0.2864271,3.0000000
827.0000000,0.5094823,0.6552810,2.4506081,2.6262588,2.3753015,0.3951875,1.0000000
828.0000000,1.2945416,-0.4768551,1.7947742,-2.0182359,-1.8144178,-0.3075455,10.0000000
829.0000000,0.5439737,-0.4213519,1.9318837,-2.0287109,-1.8302123,-0.3027635,18.0000000
830.0000000,1.3759857,0.0668193,2.0500847,-2.0228810,-1.8215310,-0.3111371,12.0000000
831.0000000,1.4509832,0.5892330,2.2878074,-2.0244674,-1.8167034,-0.3111017,13.0000000
832.0000000,1.1077862,-0.4641274,1.8331925,-2.0198142,-1.8168522,-0.3080825,0.0000000
833.0000000,0.3483026,-0.4078034,1.9690449,-2.0207005,-1.8225439,-0.3036066,8.0000000
834.0000000,1.1880849,0.0818209,2.0868267,-2.0167504,-1.8187878,-0.3099217,2.0000000
835.0000000,1.2646116,0.6092902,2.3338989,-2.0134706,-1.8131588,-0.2848481,3.0000000
836.0000000,0.5078724,0.6610634,2.4500358,-2.0085803,-1.8148936,-0.2991052,1.0000000
837.0000000,1.2943422,-0.4709863,1.7986405,-2.0199747,-1.8177571,-0.3065466,10.0000000
838.0000000,0.5443403,-0.4154047,1.9308625,-2.0290554,-1.8306996,-0.3015146,18.0000000
839.0000000,1.3749441,0.0732999,2.0518442,-2.0226730,-1.8229202,-0.3077712,12.0000000
840.0000000,1.4502750,0.5976988,2.2920790,-2.0245966,-1.8192665,-0.3090853,13.0000000
841.0000000,1.1073926,-0.4581614,1.8364468,-2.0217934,-1.8190460,-0.3098505,0.0000000
842.0000000,0.3489184,-0.4019401,1.9669348,-2.0230330,-1.8240418,-0.3051006,8.0000000
843.0000000,1.1876409,0.0889569,2.0914585,-2.0192504,-1.8205991,-0.3077212,2.0000000
844.0000000,1.2636803,0.6172425,2.3369745,-2.0152557,-1.8152421,-0.2871500,3.0000000
845.0000000,0.5051475,0.6734269,2.4632235,-2.0157277,-1.8193078,-0.3004547,1.0000000
846.0000000,0.5433960,-0.4109389,1.9330765,-2.0298585,-1.8322533,-0.3003834,18.0000000
847.0000000,1.2935803,-0.4664749,1.8015271,-2.0206689,-1.8190162,-0.3055449,10.0000000
848.0000000,1.3742875,0.0784037,2.0536459,-2.0242835,-1.8243401,-0.3066687,12.0000000
849.0000000,1.4493037,0.6027880,2.2915977,-2.0254297,-1.8196303,-0.3070551,13.0000000
850.0000000,1.1068243,-0.4537450,1.8407387,-2.0225316,-1.8193012,-0.3034273,0.0000000
851.0000000,0.3468934,-0.3974605,1.9730662,-2.0272923,-1.8262459,-0.3041419,8.0000000
852.0000000,1.1864569,0.0933299,2.0898094,-2.0210546,-1.8200871,-0.3049516,2.0000000
853.0000000,1.2633215,0.6237659,2.3401251,-2.0166460,-1.8217074,-0.2819540,3.0000000
854.0000000,0.5046882,0.6776967,2.4605111,-2.0176511,-1.8185082,-0.2930241,1.0000000
855.0000000,1.2931471,-0.4624036,1.8043998,-2.0237375,-1.8208038,-0.3039241,10.0000000
856.0000000,0.5429342,-0.4061249,1.9330550,-2.0314523,-1.8326227,-0.2993338,18.0000000
857.0000000,1.3738405,0.0829994,2.0559581,-2.0264551,-1.8252560,-0.3055873,12.0000000
858.0000000,1.4487143,0.6076826,2.2922169,-2.0288330,-1.8220476,-0.3082231,13.0000000
859.0000000,1.1066616,-0.4495397,1.8444191,-2.0270858,-1.8198274,-0.3014890,0.0000000
860.0000000,0.3472664,-0.3925053,1.9700817,-2.0258610,-1.8261451,-0.3032720,8.0000000
861.0000000,1.1865085,0.0988579,2.0959624,-2.0239129,-1.8237372,-0.3035024,2.0000000
862.0000000,1.2614718,0.6259581,2.3330513,-2.0151943,-1.8150342,-0.2872789,3.0000000
863.0000000,0.5041410,0.6829545,2.4585679,-2.0183557,-1.8241971,-0.3014697,1.0000000
864.0000000,1.2920396,-0.4580354,1.8004377,-2.0248454,-1.8209168,-0.3020973,10.0000000
865.0000000,0.5417676,-0.4015907,1.9315554,-2.0320521,-1.8324701,-0.2973316,18.0000000
866.0000000,1.3729484,0.0876724,2.0518679,-2.0276105,-1.8259831,-0.3036070,12.0000000
867.0000000,1.4478548,0.6124272,2.2867937,-2.0292310,-1.8212714,-0.3071889,13.0000000
868.0000000,1.1055471,-0.4448823,1.8410179,-2.0270544,-1.8213300,-0.3016931,0.0000000
869.0000000,0.3459660,-0.3879143,1.9696698,-2.0292408,-1.8303479,-0.3050316,8.0000000
870.0000000,1.1858574,0.1039816,2.0936000,-2.0254077,-1.8242564,-0.2977904,2.0000000
871.0000000,1.2616020,0.6332286,2.3334575,-2.0173650,-1.8190127,-0.2766870,3.0000000
872.0000000,0.5030553,0.6885633,2.4550127,-2.0180139,-1.8243064,-0.2972875,1.0000000
873.0000000,1.2908413,-0.4548169,1.7981196,-2.0256931,-1.8222021,-0.3017682,10.0000000
874.0000000,0.5407245,-0.3985268,1.9329464,-2.0321230,-1.8342869,-0.2921737,18.0000000
875.0000000,1.3716163,0.0909398,2.0484758,-2.0277037,-1.8252387,-0.3020759,12.0000000
876.0000000,1.1043945,-0.4417815,1.8391659,-2.0273316,-1.8228588,-0.3012890,0.0000000
877.0000000,0.3450149,-0.3850405,1.9698975,-2.0283201,-1.8290173,-0.3004209,8.0000000
878.0000000,1.1842634,0.1068375,2.0888284,-2.0250394,-1.8244122,-0.2966436,2.0000000
879.0000000,1.2604197,0.6366095,2.3300282,-2.0168765,-1.8223173,-0.2767019,3.0000000
880.0000000,0.5022330,0.6919074,2.4515821,-2.0205859,-1.8237659,-0.2956067,1.0000000
881.0000000,1.2907445,-0.4536336,1.7999347,-2.0282508,-1.8251790,-0.3008554,10.0000000
882.0000000,1.3709432,0.0926516,2.0487818,-2.0276806,-1.8264315,-0.3013631,12.0000000
883.0000000,0.5409207,-0.3973453,1.9303398,-2.0304300,-1.8325885,-0.2887179,18.0000000
884.0000000,1.4457263,0.6181618,2.2830592,-2.0293625,-1.8236490,-0.3049615,13.0000000
885.0000000,1.1037440,-0.4405736,1.8366515,-2.0268642,-1.8218404,-0.3081070,0.0000000
886.0000000,0.3452430,-0.3838316,1.9687771,-2.0204629,-1.8270728,-0.3033904,8.0000000
887.0000000,1.1836658,0.1085898,2.0887876,-2.0236153,-1.8203906,-0.2963691,2.0000000
888.0000000,1.2592002,0.6380736,2.3279351,-2.0161426,-1.8132592,-0.2778078,3.0000000
889.0000000,0.5023875,0.6918430,2.4465312,-2.0131544,-1.8215006,-0.2944726,1.0000000
890.0000000,1.2927669,-0.4524547,1.7977440,-2.0309163,-1.8286013,-0.3032296,10.0000000
891.0000000,1.3733736,0.0943921,2.0494627,-2.0290337,-1.8281763,-0.3015890,12.0000000
892.0000000,1.4477253,0.6200080,2.2827587,-2.0305201,-1.8238543,-0.3049190,13.0000000
893.0000000,0.5429447,-0.3956163,1.9274142,-2.0337772,-1.8344422,-0.2868481,18.0000000
894.0000000,1.1062645,-0.4390699,1.8380213,-2.0271791,-1.8230863,-0.3310548,0.0000000
895.0000000,0.3440948,-0.3820494,1.9785515,-2.0287641,-1.8347070,-0.3085806,8.0000000
896.0000000,1.1860928,0.1105168,2.0899544,-2.0233225,-1.8212664,-0.3069041,2.0000000
897.0000000,1.2622029,0.6417768,2.3315626,-2.0168305,-1.8154228,-0.2749436,3.0000000
898.0000000,0.5031409,0.6983816,2.4558180,-2.0148973,-1.8308171,-0.3104075,1.0000000
899.0000000,0.5434466,-0.3938497,1.9242560,-2.0323849,-1.8316065,-0.2860941,18.0000000
900.0000000,1.2928105,-0.4517513,1.7926838,-2.0340981,-1.8270973,-0.3104787,10.0000000
901.0000000,1.3743218,0.0950051,2.0472956,-2.0299355,-1.8270681,-0.3020437,12.0000000
902.0000000,1.4492030,0.6207765,2.2807710,-2.0310560,-1.8236890,-0.3063459,13.0000000
903.0000000,1.1065584,-0.4380825,1.8325587,-2.0289484,-1.8217267,-0.3299386,0.0000000
904.0000000,0.3471256,-0.3801381,1.9652717,-2.0285448,-1.8282711,-0.2975549,8.0000000
905.0000000,1.1867206,0.1109323,2.0858518,-2.0232390,-1.8224232,-0.3142400,2.0000000
906.0000000,1.2628366,0.6408306,2.3255644,-2.0150714,-1.8190352,-0.2867971,3.0000000
907.0000000,0.5041414,0.7011195,2.4557109,-2.0209821,-1.8345524,-0.3014174,1.0000000
908.0000000,0.5434911,-0.3938785,1.9225527,-2.0317880,-1.8307180,-0.2812378,18.0000000
909.0000000,1.3733984,0.0940904,2.0421079,-2.0299549,-1.8254899,-0.3033071,12.0000000
910.0000000,1.2926919,-0.4520306,1.7917565,-2.0358021,-1.8284801,-0.3109307,10.0000000
911.0000000,1.1064391,-0.4383818,1.8324970,-2.0383468,-1.8291910,-0.3122046,0.0000000
912.0000000,0.3485134,-0.3801954,1.9595010,-2.0277410,-1.8244498,-0.2885018,8.0000000
913.0000000,1.1860069,0.1098520,2.0807069,-2.0252119,-1.8204745,-0.3063652,2.0000000
914.0000000,1.2633406,0.6415039,2.3255875,-2.0216613,-1.8219774,-0.2817148,3.0000000
915.0000000,0.5061219,0.6968082,2.4433607,-2.0217663,-1.8234900,-0.2905789,1.0000000
916.0000000,1.2922316,-0.4537499,1.7921016,-2.0355367,-1.8289526,-0.3089465,10.0000000
917.0000000,1.3728782,0.0923022,2.0415609,-2.0299555,-1.8251989,-0.3024164,12.0000000
918.0000000,0.5430991,-0.3959051,1.9242596,-2.0318834,-1.8306362,-0.2802753,18.0000000
919.0000000,1.1060827,-0.4401315,1.8354763,-2.0375535,-1.8317888,-0.3053507,0.0000000
920.0000000,0.3487292,-0.3823957,1.9588729,-2.0277058,-1.8255973,-0.2883857,8.0000000
921.0000000,1.1856941,0.1084501,2.0817681,-2.0236244,-1.8226739,-0.2993955,2.0000000
922.0000000,1.2627079,0.6393829,2.3235075,-2.0233215,-1.8222084,-0.2803413,3.0000000
923.0000000,0.5059973,0.6945870,2.4421118,-2.0197781,-1.8237033,-0.2904097,1.0000000
924.0000000,1.3743872,0.0900530,2.0457450,-2.0304900,-1.8273774,-0.2997270,12.0000000
925.0000000,0.5442783,-0.3996584,1.9246102,-2.0307587,-1.8311491,-0.2806723,18.0000000
926.0000000,1.2931181,-0.4569212,1.7947603,-2.0331265,-1.8274249,-0.3046813,10.0000000
927.0000000,1.4504376,0.6173553,2.2815046,-2.0330006,-1.8241382,-0.3006298,13.0000000
928.0000000,1.1070796,-0.4435641,1.8370502,-2.0370589,-1.8320425,-0.3008738,0.0000000
929.0000000,0.3490699,-0.3862711,1.9629479,-2.0262330,-1.8262891,-0.2925784,8.0000000
930.0000000,1.1865978,0.1053277,2.0822904,-2.0270208,-1.8223319,-0.3008983,2.0000000
931.0000000,1.2628648,0.6346088,2.3195376,-2.0204042,-1.8161763,-0.2834023,3.0000000
932.0000000,0.5063849,0.6929554,2.4468729,-2.0189184,-1.8282810,-0.2944253,1.0000000
933.0000000,0.5456513,-0.4038078,1.9278527,-2.0339663,-1.8329438,-0.2823379,18.0000000
934.0000000,1.2954940,-0.4609883,1.7964226,-2.0325122,-1.8277087,-0.2987350,10.0000000
935.0000000,1.3769392,0.0863795,2.0460704,-2.0314032,-1.8272409,-0.2981853,12.0000000
936.0000000,1.4529817,0.6136170,2.2805871,-2.0330524,-1.8232782,-0.2994513,13.0000000
937.0000000,1.1089294,-0.4475868,1.8370029,-2.0344328,-1.8273223,-0.2927950,0.0000000
938.0000000,0.3515914,-0.3901527,1.9591862,-2.0240054,-1.8247251,-0.2877959,8.0000000
939.0000000,1.1890946,0.1016732,2.0824013,-2.0263579,-1.8204082,-0.2945993,2.0000000
940.0000000,1.2657190,0.6316362,2.3203320,-2.0199584,-1.8127611,-0.2759200,3.0000000
941.0000000,0.5092846,0.6868983,2.4406226,-2.0201514,-1.8259463,-0.2914225,1.0000000
942.0000000,0.5459000,-0.4075081,1.9267377,-2.0345957,-1.8324009,-0.2842272,18.0000000
943.0000000,1.2953483,-0.4650222,1.7935301,-2.0315461,-1.8251554,-0.2992297,10.0000000
944.0000000,1.3769386,0.0817752,2.0422295,-2.0312758,-1.8260821,-0.2966063,12.0000000
945.0000000,1.4524974,0.6072817,2.2732786,-2.0333113,-1.8225630,-0.3010728,13.0000000
946.0000000,1.1092764,-0.4517558,1.8361665,-2.0331115,-1.8271073,-0.2899056,0.0000000
947.0000000,0.3511974,-0.3938572,1.9619566,-2.0278355,-1.8231729,-0.2822186,8.0000000
948.0000000,1.1893466,0.0974818,2.0796856,-2.0264663,-1.8222716,-0.2997285,2.0000000
949.0000000,1.2666704,0.6284074,2.3205710,-2.0220596,-1.8182962,-0.2676148,3.0000000
950.0000000,0.5096407,0.6843713,2.4416224,-2.0202924,-1.8262311,-0.2880224,1.0000000
951.0000000,1.2972869,-0.4681948,1.7962472,-2.0336684,-1.8272340,-0.2973592,10.0000000
952.0000000,1.3787629,0.0792569,2.0438949,-2.0324541,-1.8266133,-0.2945289,12.0000000
953.0000000,0.5478521,-0.4103136,1.9263738,-2.0347185,-1.8331039,-0.2818942,18.0000000
954.0000000,1.4546985,0.6059617,2.2763086,-2.0337488,-1.8223826,-0.2990634,13.0000000
955.0000000,1.1107309,-0.4547894,1.8356920,-2.0339296,-1.8262953,-0.2895245,0.0000000
956.0000000,0.3533083,-0.3966284,1.9611484,-2.0295298,-1.8246348,-0.2818956,8.0000000
957.0000000,1.1911230,0.0948131,2.0806737,-2.0294426,-1.8270632,-0.2949395,2.0000000
958.0000000,1.2676784,0.6246867,2.3177072,-2.0217835,-1.8183371,-0.2695628,3.0000000
959.0000000,0.5111237,0.6841156,2.4464137,-2.0254369,-1.8267492,-0.2809753,1.0000000
960.0000000,1.2979461,-0.4709719,1.7923807,-2.0328036,-1.8248712,-0.2996839,10.0000000
961.0000000,0.5484797,-0.4127457,1.9249194,-2.0356410,-1.8333006,-0.2824475,18.0000000
962.0000000,1.3800856,0.0763218,2.0415002,-2.0334814,-1.8263443,-0.2969335,12.0000000
963.0000000,1.4564869,0.6030282,2.2736986,-2.0350202,-1.8222431,-0.2984230,13.0000000
964.0000000,1.1110841,-0.4572295,1.8288935,-2.0366151,-1.8274001,-0.3043706,0.0000000
965.0000000,0.3541448,-0.3990943,1.9577619,-2.0305196,-1.8244736,-0.2771541,8.0000000
966.0000000,1.1925709,0.0921506,2.0792121,-2.0293239,-1.8236999,-0.2937559,2.0000000
967.0000000,1.2685892,0.6194133,2.3091907,-2.0225554,-1.8177460,-0.2739434,3.0000000
968.0000000,0.5127265,0.6810313,2.4422962,-2.0280746,-1.8262734,-0.2831169,1.0000000
969.0000000,0.5477008,-0.4158943,1.9252542,-2.0347758,-1.8319561,-0.2822112,18.0000000
970.0000000,1.3785521,0.0727909,2.0403198,-2.0333629,-1.8259155,-0.2978081,12.0000000
971.0000000,1.2970448,-0.4742535,1.7955123,-2.0343576,-1.8263521,-0.2963439,10.0000000
972.0000000,1.4554773,0.6001269,2.2740061,-2.0364245,-1.8232572,-0.2986519,13.0000000
973.0000000,1.1103417,-0.4605014,1.8341241,-2.0393199,-1.8258883,-0.2988294,0.0000000
974.0000000,0.3527770,-0.4020728,1.9613824,-2.0350848,-1.8274853,-0.2829624,8.0000000
975.0000000,1.1917966,0.0895138,2.0816546,-2.0309334,-1.8248193,-0.2903308,2.0000000
976.0000000,1.2683884,0.6185720,2.3145832,-2.0239884,-1.8192554,-0.2720379,3.0000000
977.0000000,0.5117295,0.6789903,2.4437495,-2.0306692,-1.8251531,-0.2828470,1.0000000
978.0000000,1.2971467,-0.4782253,1.8020140,-2.0334192,-1.8264681,-0.2923776,10.0000000
979.0000000,0.5475539,-0.4202501,1.9304723,-2.0373545,-1.8340287,-0.2829591,18.0000000
980.0000000,1.3792185,0.0701531,2.0488406,-2.0354510,-1.8292958,-0.2935759,12.0000000
981.0000000,1.4555874,0.5979283,2.2797655,-2.0366353,-1.8246046,-0.2948334,13.0000000
982.0000000,1.1107327,-0.4646977,1.8431375,-2.0419105,-1.8294982,-0.2999692,0.0000000
983.0000000,0.3529604,-0.4063423,1.9644157,-2.0364886,-1.8271783,-0.2806594,8.0000000
984.0000000,1.1912100,0.0853974,2.0841709,-2.0286780,-1.8247108,-0.2924685,2.0000000
985.0000000,1.2688101,0.6175848,2.3234597,-2.0274358,-1.8234903,-0.2688992,3.0000000
986.0000000,0.5113278,0.6761325,2.4482910,-2.0280669,-1.8278991,-0.2819599,1.0000000
987.0000000,1.2967979,-0.4833416,1.8035511,-2.0333900,-1.8254624,-0.2901920,10.0000000
988.0000000,0.5473570,-0.4254611,1.9295610,-2.0366021,-1.8335495,-0.2862239,18.0000000
989.0000000,1.3792019,0.0650729,2.0496152,-2.0357719,-1.8292111,-0.2918697,12.0000000
990.0000000,1.4551983,0.5921501,2.2776557,-2.0370016,-1.8248631,-0.2937774,13.0000000
991.0000000,1.1108313,-0.4701367,1.8464437,-2.0398226,-1.8291119,-0.2859545,0.0000000
992.0000000,0.3521675,-0.4117016,1.9660379,-2.0358781,-1.8294512,-0.2821234,8.0000000
993.0000000,1.1912629,0.0804258,2.0844305,-2.0308765,-1.8247807,-0.2885212,2.0000000
994.0000000,1.2683233,0.6110424,2.3194460,-2.0266461,-1.8220990,-0.2693223,3.0000000
995.0000000,0.5118003,0.6688768,2.4416522,-2.0274608,-1.8269367,-0.2816149,1.0000000
996.0000000,1.2953780,-0.4886252,1.8074526,-2.0354375,-1.8267499,-0.2896135,10.0000000
997.0000000,0.5457080,-0.4306029,1.9334520,-2.0385562,-1.8358640,-0.2850485,18.0000000
998.0000000,1.3776485,0.0602645,2.0520381,-2.0365013,-1.8291444,-0.2903367,12.0000000
999.0000000,1.4538482,0.5881627,2.2805124,-2.0388452,-1.8262742,-0.2930820,13.0000000
1000.0000000,1.1088839,-0.4752640,1.8474904,-2.0348210,-1.8287127,-0.2788845,0.0000000
1001.0000000,0.3503196,-0.4166881,1.9703517,-2.0373517,-1.8292323,-0.2810161,8.0000000
1002.0000000,1.1899163,0.0759346,2.0882877,-2.0335309,-1.8243259,-0.2916409,2.0000000
1003.0000000,1.2666234,0.6064746,2.3203865,-2.0253119,-1.8233800,-0.2697672,3.0000000
1004.0000000,0.5097423,0.6650918,2.4440561,-2.0284701,-1.8273349,-0.2850667,1.0000000
1005.0000000,1.3777493,0.0563476,2.0576536,-2.0382657,-1.8309526,-0.2888573,12.0000000
1006.0000000,1.2953425,-0.4933412,1.8141150,-2.0343508,-1.8257673,-0.2853293,10.0000000
1007.0000000,0.5456230,-0.4351222,1.9367500,-2.0398342,-1.8363920,-0.2865941,18.0000000
1008.0000000,1.1086866,-0.4798977,1.8528078,-2.0368453,-1.8275757,-0.2851478,0.0000000
1009.0000000,0.3502580,-0.4211459,1.9724239,-2.0387926,-1.8315914,-0.2796065,8.0000000
1010.0000000,1.1895463,0.0714835,2.0908829,-2.0367147,-1.8268698,-0.2891498,2.0000000
1035.0000000,1.2660988,0.6016500,2.3205590,-2.0268740,-1.8233945,-0.2689939,3.0000000
1036.0000000,0.5095369,0.6615846,2.4467711,-2.0281385,-1.8306024,-0.2814831,1.0000000
1037.0000000,1.2951658,-0.4988478,1.8192047,-2.0357397,-1.8266393,-0.2838068,10.0000000
1038.0000000,0.5454461,-0.4406887,1.9406023,-2.0420945,-1.8380840,-0.2860867,18.0000000
1039.0000000,1.3771307,0.0506438,2.0591443,-2.0383508,-1.8309225,-0.2881739,12.0000000
1040.0000000,1.4535542,0.5796376,2.2869181,-2.0415255,-1.8273145,-0.2873923,13.0000000
1041.0000000,1.1083222,-0.4854261,1.8566049,-2.0354472,-1.8261804,-0.2820535,0.0000000
1042.0000000,0.3494254,-0.4268286,1.9793675,-2.0365424,-1.8314735,-0.2920238,8.0000000
1043.0000000,1.1894007,0.0661113,2.0944518,-2.0359440,-1.8277266,-0.2895434,2.0000000
1044.0000000,1.2665162,0.5980161,2.3263859,-2.0283858,-1.8228791,-0.2684859,3.0000000
1045.0000000,0.5089990,0.6579258,2.4514544,-2.0310985,-1.8315677,-0.2781994,1.0000000
1046.0000000,1.3764407,0.0453813,2.0601717,-2.0399411,-1.8321318,-0.2876704,12.0000000
1047.0000000,1.2945480,-0.5042862,1.8217580,-2.0324421,-1.8235139,-0.2818322,10.0000000
1048.0000000,0.5443541,-0.4457815,1.9446610,-2.0425488,-1.8378463,-0.2854491,18.0000000
1049.0000000,1.4525241,0.5740934,2.2856420,-2.0419151,-1.8281754,-0.2877082,13.0000000
1050.0000000,1.1072166,-0.4906736,1.8559338,-2.0336729,-1.8224531,-0.2772762,0.0000000
1051.0000000,0.3484084,-0.4318727,1.9832030,-2.0391529,-1.8326863,-0.2912940,8.0000000
1052.0000000,1.1885259,0.0606082,2.0938522,-2.0373466,-1.8237410,-0.2856400,2.0000000
1053.0000000,1.2649853,0.5910296,2.3210400,-2.0295811,-1.8244234,-0.2701516,3.0000000
1054.0000000,0.5087400,0.6515266,2.4471225,-2.0305215,-1.8303601,-0.2808316,1.0000000
1055.0000000,0.5429022,-0.4505790,1.9499613,-2.0461644,-1.8406063,-0.2840092,18.0000000
1056.0000000,1.2931564,-0.5093348,1.8252538,-2.0333834,-1.8240947,-0.2769791,10.0000000
1057.0000000,1.3756763,0.0411837,2.0645055,-2.0427866,-1.8341083,-0.2852833,12.0000000
1058.0000000,1.4518441,0.5703894,2.2883750,-2.0451461,-1.8286283,-0.2852505,13.0000000
1059.0000000,1.1061034,-0.4957029,1.8599148,-2.0339576,-1.8218137,-0.2812633,0.0000000
1060.0000000,0.3473728,-0.4362988,1.9859606,-2.0418437,-1.8357878,-0.2844940,8.0000000
1061.0000000,1.1870178,0.0558945,2.0945377,-2.0391589,-1.8280025,-0.2859852,2.0000000
1062.0000000,1.2643975,0.5881830,2.3259481,-2.0294835,-1.8248153,-0.2706403,3.0000000
1063.0000000,0.5076920,0.6479804,2.4479090,-2.0342078,-1.8309343,-0.2824473,1.0000000
1064.0000000,0.5418790,-0.4570394,1.9547405,-2.0470253,-1.8435004,-0.2829055,18.0000000
1065.0000000,1.2922528,-0.5150676,1.8324487,-2.0326902,-1.8247505,-0.2727541,10.0000000
1066.0000000,1.3745742,0.0365556,2.0700971,-2.0441817,-1.8360036,-0.2816027,12.0000000
1067.0000000,1.1057231,-0.5020287,1.8728313,-2.0389606,-1.8287999,-0.2793991,0.0000000
1068.0000000,0.3454102,-0.4430891,1.9949159,-2.0465866,-1.8397042,-0.2823897,8.0000000
1069.0000000,1.1862019,0.0516653,2.1027694,-2.0379040,-1.8297344,-0.2940574,2.0000000
1070.0000000,1.2647841,0.5892459,2.3423100,-2.0341594,-1.8301140,-0.2723139,3.0000000
1071.0000000,0.5023094,0.6517530,2.4730675,-2.0376329,-1.8481306,-0.2837223,1.0000000
1072.0000000,0.5413530,-0.4647399,1.9607231,-2.0482160,-1.8457221,-0.2842706,18.0000000
1073.0000000,1.2921051,-0.5223354,1.8439348,-2.0323211,-1.8273583,-0.2616804,10.0000000
1074.0000000,1.1051762,-0.5095311,1.8811514,-2.0392639,-1.8272427,-0.2828081,0.0000000
1075.0000000,0.3442630,-0.4508122,2.0023555,-2.0485041,-1.8415948,-0.2787120,8.0000000
1076.0000000,1.1858193,0.0457465,2.1128708,-2.0401554,-1.8345459,-0.2857165,2.0000000
1077.0000000,1.2633615,0.5835680,2.3475437,-2.0368449,-1.8344424,-0.2685486,3.0000000
1078.0000000,0.5027633,0.6402216,2.4634177,-2.0372370,-1.8432414,-0.2786225,1.0000000
1079.0000000,1.2908877,-0.5302593,1.8485077,-2.0317848,-1.8261054,-0.2576630,10.0000000
1080.0000000,1.1036978,-0.5173676,1.8838688,-2.0346470,-1.8264159,-0.2537182,0.0000000
1081.0000000,0.3429652,-0.4577174,2.0054138,-2.0509849,-1.8423273,-0.2791596,8.0000000
1082.0000000,1.1846633,0.0384620,2.1146539,-2.0444780,-1.8393013,-0.2730190,2.0000000
1083.0000000,1.2610864,0.5734991,2.3400255,-2.0372011,-1.8319083,-0.2587555,3.0000000
1084.0000000,0.5033102,0.6293559,2.4506900,-2.0363478,-1.8323298,-0.2737183,1.0000000
1085.0000000,0.5377889,-0.4770216,1.9682813,-2.0533799,-1.8488549,-0.2845520,18.0000000
1086.0000000,1.2890221,-0.5361266,1.8503757,-2.0342575,-1.8255775,-0.2604926,10.0000000
1087.0000000,1.3717426,0.0179165,2.0835302,-2.0512465,-1.8419522,-0.2738085,12.0000000
1088.0000000,1.4465419,0.5491183,2.2977498,-2.0519883,-1.8348226,-0.2760904,13.0000000
1089.0000000,1.1019717,-0.5231747,1.8871247,-2.0427634,-1.8312286,-0.2616385,0.0000000
1090.0000000,0.3417952,-0.4623734,2.0050529,-2.0505411,-1.8433543,-0.2812273,8.0000000
1091.0000000,1.1829260,0.0331959,2.1145352,-2.0469570,-1.8381075,-0.2766024,2.0000000
1092.0000000,1.2601164,0.5700626,2.3424582,-2.0430938,-1.8343935,-0.2578043,3.0000000
1093.0000000,0.5009209,0.6271129,2.4532713,2.6129534,2.3443822,0.3369654,1.0000000
1094.0000000,0.5355432,-0.4827252,1.9738816,-2.0562923,-1.8525805,-0.2784145,18.0000000
1095.0000000,1.2864401,-0.5411990,1.8538870,-2.0351785,-1.8277112,-0.2583093,10.0000000
1096.0000000,1.3681862,0.0131074,2.0827802,-2.0525716,-1.8439689,-0.2725436,12.0000000
1097.0000000,1.4428718,0.5452411,2.2968199,-2.0534055,-1.8377226,-0.2747599,13.0000000
1098.0000000,1.0994294,-0.5282765,1.8903786,-2.0410892,-1.8299621,-0.2699871,0.0000000
1099.0000000,0.3390391,-0.4684637,2.0123585,-2.0568473,-1.8465390,-0.2777786,8.0000000
1100.0000000,1.1797006,0.0285918,2.1152028,-2.0514038,-1.8420667,-0.2714590,2.0000000
1101.0000000,1.2555453,0.5643210,2.3370711,-2.0422248,-1.8344223,-0.2602122,3.0000000
1102.0000000,0.4976576,0.6228135,2.4524910,-2.0408673,-1.8397911,-0.2686759,1.0000000
1103.0000000,1.2856951,-0.5472917,1.8623403,-2.0356244,-1.8319870,-0.2488199,10.0000000
1104.0000000,0.5340512,-0.4892501,1.9793458,-2.0589042,-1.8557662,-0.2786971,18.0000000
1105.0000000,1.3668365,0.0087077,2.0897224,-2.0542081,-1.8480364,-0.2666988,12.0000000
1106.0000000,1.0985633,-0.5345949,1.8994960,-2.0467249,-1.8357049,-0.2603490,0.0000000
1107.0000000,0.3379103,-0.4749648,2.0154157,-2.0562761,-1.8498970,-0.2695156,8.0000000
1108.0000000,1.1778107,0.0234877,2.1198450,-2.0514591,-1.8430845,-0.2669281,2.0000000
1109.0000000,1.2531100,0.5611268,2.3409271,-2.0464376,-1.8424430,-0.2580024,3.0000000
1110.0000000,0.4950815,0.6184597,2.4537223,-2.0432202,-1.8407474,-0.2698849,1.0000000
1111.0000000,1.2837407,-0.5531547,1.8663464,-2.0361390,-1.8313198,-0.2451073,10.0000000
1112.0000000,1.3653275,0.0036417,2.0921164,-2.0578681,-1.8501532,-0.2656959,12.0000000
1113.0000000,0.5320186,-0.4942878,1.9840478,-2.0645819,-1.8590708,-0.2794570,18.0000000
1114.0000000,1.4388669,0.5372116,2.3000636,-2.0579009,-1.8435197,-0.2692952,13.0000000
1115.0000000,1.0961393,-0.5401186,1.8996373,-2.0407612,-1.8311554,-0.2570348,0.0000000
1116.0000000,0.3343842,-0.4800558,2.0253088,-2.0626337,-1.8553384,-0.2801471,8.0000000
1117.0000000,1.1760715,0.0183416,2.1202145,-2.0527413,-1.8437126,-0.2669962,2.0000000
1118.0000000,1.2519121,0.5567963,2.3410517,-2.0482382,-1.8391794,-0.2513707,3.0000000
1119.0000000,0.4937934,0.6145333,2.4513506,-2.0419378,-1.8423321,-0.2750359,1.0000000
1121.0000000,1.2836127,-0.5578894,1.8717632,-2.0374931,-1.8303840,-0.2389976,10.0000000
1122.0000000,1.3657069,0.0002381,2.0951416,-2.0610310,-1.8524839,-0.2589145,12.0000000
1123.0000000,0.5316297,-0.4988726,1.9884331,-2.0643623,-1.8616679,-0.2837501,18.0000000
1124.0000000,1.4398080,0.5357670,2.3021938,-2.0623527,-1.8451314,-0.2675917,13.0000000
1125.0000000,1.0960500,-0.5447309,1.9044856,-2.0400516,-1.8288810,-0.2470343,0.0000000
1126.0000000,0.3349754,-0.4843681,2.0264672,-2.0492868,-1.8490161,-0.2904187,8.0000000
1127.0000000,1.1768407,0.0158623,2.1273215,-2.0529718,-1.8419537,-0.2565015,2.0000000
1128.0000000,1.2521168,0.5549650,2.3422088,-2.0420490,-1.8283500,-0.2438296,3.0000000
1129.0000000,0.4953842,0.6060594,2.4340866,-2.0331121,-1.8374268,-0.2684454,1.0000000
1130.0000000,0.5289908,-0.5046134,1.9976233,-2.0706535,-1.8669731,-0.2755100,18.0000000
1132.0000000,1.2816534,-0.5625371,1.8755676,-2.0355693,-1.8312671,-0.2299685,10.0000000
1133.0000000,1.3632426,-0.0033368,2.0958155,-2.0629166,-1.8554710,-0.2553922,12.0000000
1134.0000000,1.0940036,-0.5495879,1.9080594,-2.0351318,-1.8274529,-0.2500278,0.0000000
1135.0000000,0.3326279,-0.4899342,2.0328248,-2.0640082,-1.8597961,-0.2725965,8.0000000
1138.0000000,1.1736885,0.0113444,2.1236244,-2.0502003,-1.8425993,-0.2603314,2.0000000
1139.0000000,1.2468942,0.5469599,2.3255654,-2.0390308,-1.8299503,-0.2492492,3.0000000
1144.0000000,0.4905277,0.6067866,2.4427737,-2.0457502,-1.8482931,-0.2619347,1.0000000
1146.0000000,1.2790783,-0.5675909,1.8831092,-2.0374724,-1.8343087,-0.2221252,10.0000000
1147.0000000,0.5262167,-0.5095762,2.0067021,-2.0780530,-1.8735614,-0.2692118,18.0000000
1148.0000000,1.3598798,-0.0070936,2.0995559,-2.0654409,-1.8595554,-0.2499180,12.0000000
1149.0000000,1.4323379,0.5297379,2.2994156,-2.0658718,-1.8507597,-0.2568910,13.0000000
1150.0000000,1.0916416,-0.5548656,1.9172029,-2.0393612,-1.8353431,-0.2334220,0.0000000
1151.0000000,0.3286201,-0.4949104,2.0456702,-2.0743670,-1.8662774,-0.2615034,8.0000000
1152.0000000,1.1710392,0.0081673,2.1301469,-2.0634867,-1.8577375,-0.2531335,2.0000000
1153.0000000,1.2451080,0.5496316,2.3407046,-2.0534629,-1.8519143,-0.2407546,3.0000000
1154.0000000,0.4866067,0.6067422,2.4481565,-2.0540200,-1.8527110,-0.2483340,1.0000000
1155.0000000,1.2782419,-0.5703701,1.8868185,-2.0367681,-1.8328925,-0.2163439,10.0000000
