66.0000000,0.6528907,-0.6913224,2.7390062,-0.1210891,-0.0501536,0.0383476
67.0000000,0.6613774,-0.6856166,2.7452375,-0.1182984,-0.0691403,0.0309272
68.0000000,0.6681314,-0.6810457,2.7509265,-0.1269854,-0.0809328,0.0159106
69.0000000,0.6730201,-0.6773611,2.7572889,-0.1276700,-0.0887129,0.0026921
70.0000000,0.6774781,-0.6740365,2.7585458,-0.1178720,-0.0902608,-0.0003545
71.0000000,0.6811433,-0.6726986,2.7614201,-0.1345028,-0.0947722,-0.0070388
72.0000000,0.6843894,-0.6713786,2.7646263,-0.1452747,-0.1055187,-0.0150757
73.0000000,0.6867537,-0.6709654,2.7678921,-0.1514721,-0.1082267,-0.0199769
74.0000000,0.6895702,-0.6690120,2.7680920,-0.1448784,-0.1171970,-0.0249092
75.0000000,0.6913772,-0.6682839,2.7697004,-0.1600806,-0.1149570,-0.0320864
76.0000000,0.6919587,-0.6672266,2.7714342,-0.1610731,-0.1102960,-0.0363871
77.0000000,0.6922429,-0.6652826,2.7711499,-0.1577868,-0.0985735,-0.0424151
78.0000000,0.6922641,-0.6624165,2.7696104,-0.1523767,-0.0826649,-0.0505473
79.0000000,0.6908476,-0.6603622,2.7696609,-0.1593726,-0.0688012,-0.0627166
80.0000000,0.6897395,-0.6586777,2.7703286,-0.1788891,-0.0550233,-0.0804094
81.0000000,0.6876144,-0.6574291,2.7714703,-0.1866613,-0.0462095,-0.0915467
82.0000000,0.6854928,-0.6561648,2.7725220,-0.1775327,-0.0399162,-0.0975895
83.0000000,0.6832097,-0.6546654,2.7731122,-0.1687041,-0.0262425,-0.1036270
84.0000000,0.6828687,-0.6547824,2.7741622,-0.1918521,-0.0166823,-0.1000226
85.0000000,0.6824980,-0.6534827,2.7750739,-0.1997441,-0.0070635,-0.1013335
86.0000000,0.6804225,-0.6492162,2.7751130,-0.1774548,0.0144154,-0.1178005
87.0000000,0.6799252,-0.6459821,2.7755232,-0.1656049,0.0325419,-0.1333706
88.0000000,0.6811016,-0.6456733,2.7762049,-0.1929645,0.0453341,-0.1315258
89.0000000,0.6804376,-0.6447579,2.7777441,-0.1975468,0.0561097,-0.1351340
90.0000000,0.6792758,-0.6409485,2.7752579,-0.1864019,0.0916008,-0.1607919
91.0000000,0.6786165,-0.6383789,2.7761406,-0.1640625,0.1030291,-0.1710954
92.0000000,0.6782277,-0.6369108,2.7778718,-0.1468752,0.1048819,-0.1738216
93.0000000,0.6797550,-0.6365285,2.7785579,-0.1464206,0.1085530,-0.1745865
94.0000000,0.6795154,-0.6326562,2.7806200,-0.1202077,0.1157775,-0.1952191
95.0000000,0.6802464,-0.6308200,2.7860852,-0.1180951,0.0967028,-0.2134842
96.0000000,0.6823685,-0.6297823,2.7856815,-0.1121191,0.1017610,-0.2088782
97.0000000,0.6843264,-0.6304833,2.7862870,-0.1113533,0.1092225,-0.1988260
98.0000000,0.6873565,-0.6322392,2.7869893,-0.1384440,0.1267455,-0.1945300
99.0000000,0.6899998,-0.6333600,2.7897912,-0.1573200,0.1093020,-0.1883527
100.0000000,0.6919923,-0.6368895,2.7898089,-0.1814022,0.1182106,-0.1620741
101.0000000,0.6933501,-0.6369847,2.7915491,-0.1694331,0.1130766,-0.1519807
102.0000000,0.6952837,-0.6302311,2.7910597,-0.1203473,0.1264368,-0.1835799
103.0000000,0.6971624,-0.6272122,2.7921938,-0.1036781,0.1205954,-0.1961392
104.0000000,0.6995800,-0.6261142,2.7940902,-0.1132232,0.1112329,-0.2060534
105.0000000,0.7011008,-0.6261476,2.7957007,-0.1109666,0.1114201,-0.2018932
106.0000000,0.7039871,-0.6266462,2.7933291,-0.1212735,0.1200109,-0.1968471
107.0000000,0.7063360,-0.6278254,2.7951161,-0.1304918,0.1243071,-0.1957856
108.0000000,0.7082999,-0.6309899,2.7961466,-0.1468085,0.1391390,-0.1900074
109.0000000,0.7097659,-0.6331960,2.8004289,-0.1555053,0.1290611,-0.1873498
110.0000000,0.7113569,-0.6358334,2.8043828,-0.1752275,0.1306356,-0.1842677
111.0000000,0.7117696,-0.6375016,2.8070635,-0.1852884,0.1357236,-0.1783600
112.0000000,0.7110114,-0.6387662,2.8100096,-0.1812518,0.1419736,-0.1678491
113.0000000,0.7106197,-0.6395581,2.8122880,-0.1788269,0.1479788,-0.1620083
114.0000000,0.7108128,-0.6410990,2.8148943,-0.1931649,0.1477788,-0.1543848
115.0000000,0.7083838,-0.6413972,2.8184630,-0.1754231,0.1470835,-0.1494553
116.0000000,0.7073050,-0.6405259,2.8188542,-0.1643352,0.1525572,-0.1472408
117.0000000,0.7058268,-0.6394024,2.8193153,-0.1729935,0.1765601,-0.1586893
118.0000000,0.7043693,-0.6389843,2.8209379,-0.1771677,0.1865733,-0.1646432
119.0000000,0.7025101,-0.6377279,2.8223760,-0.1738283,0.1998467,-0.1756756
120.0000000,0.7005332,-0.6369425,2.8252145,-0.1716502,0.2051111,-0.1867875
121.0000000,0.6988525,-0.6372614,2.8291421,-0.1758506,0.2089045,-0.1936081
122.0000000,0.6974008,-0.6370152,2.8336407,-0.1771653,0.2142912,-0.2062667
123.0000000,0.6963058,-0.6374928,2.8399063,-0.1745455,0.2131638,-0.2141442
124.0000000,0.6956127,-0.6384828,2.8465871,-0.1829884,0.2188082,-0.2255149
125.0000000,0.6946733,-0.6401389,2.8532271,-0.1824092,0.2159631,-0.2233840
126.0000000,0.6932991,-0.6422194,2.8603640,-0.1822024,0.2104195,-0.2162533
127.0000000,0.6910856,-0.6427284,2.8678695,-0.1681983,0.1988751,-0.2081396
128.0000000,0.6887302,-0.6426896,2.8751504,-0.1512633,0.1819357,-0.1972827
129.0000000,0.6872468,-0.6438963,2.8818378,-0.1717618,0.1809276,-0.1890829
130.0000000,0.6850183,-0.6435221,2.8902293,-0.1682328,0.1680112,-0.1880862
131.0000000,0.6842589,-0.6420588,2.8953736,-0.1696334,0.1588061,-0.1924464
132.0000000,0.6828101,-0.6415311,2.9050374,-0.1787701,0.1451161,-0.2001213
133.0000000,0.6826935,-0.6401627,2.9114383,-0.1846333,0.1325239,-0.2043905
134.0000000,0.6817956,-0.6382370,2.9213091,-0.1660588,0.1083861,-0.2027688
135.0000000,0.6814744,-0.6367419,2.9316989,-0.1611544,0.0992626,-0.2129339
136.0000000,0.6815243,-0.6384044,2.9429663,-0.1658076,0.0913907,-0.1982756
137.0000000,0.6808624,-0.6387174,2.9565006,-0.1573187,0.0793375,-0.1887902
138.0000000,0.6801739,-0.6409369,2.9721184,-0.1648078,0.0721168,-0.1882541
139.0000000,0.6806138,-0.6424251,2.9854177,-0.1694838,0.0671192,-0.1832625
140.0000000,0.6790862,-0.6434264,3.0032868,-0.1631403,0.0622662,-0.1820204
141.0000000,0.6808908,-0.6469326,3.0195199,-0.1850101,0.0507341,-0.1709224
142.0000000,0.6811552,-0.6477613,3.0352489,-0.1833165,0.0483241,-0.1740326
143.0000000,0.6824050,-0.6485336,3.0516793,-0.1926595,0.0396068,-0.1735574
144.0000000,0.6820867,-0.6471639,3.0671818,-0.1747440,0.0399555,-0.1784697
145.0000000,0.6831381,-0.6483210,3.0867218,-0.1768919,0.0317083,-0.1716190
146.0000000,0.6840162,-0.6470819,3.1045029,-0.1723194,0.0359183,-0.1784053
147.0000000,0.6854820,-0.6455270,3.1229655,-0.1571197,0.0377682,-0.1751966
148.0000000,0.6872571,-0.6448433,3.1433725,-0.1544277,0.0482131,-0.1756497
149.0000000,0.6900663,-0.6442008,3.1647226,-0.1530205,0.0636339,-0.1712031
150.0000000,0.6930921,-0.6421447,3.1846470,-0.1441799,0.0759731,-0.1685762
151.0000000,0.6952751,-0.6419467,3.2084838,-0.1381101,0.0776955,-0.1620680
152.0000000,0.6973231,-0.6401223,3.2301987,-0.1283913,0.0825413,-0.1594686
153.0000000,0.6991296,-0.6391681,3.2507408,-0.1370282,0.0918358,-0.1634922
154.0000000,0.6999574,-0.6377238,3.2705767,-0.1325031,0.0918176,-0.1658990
155.0000000,0.7025826,-0.6375647,3.2889552,-0.1678408,0.1081129,-0.1829827
156.0000000,0.7036896,-0.6396577,3.3118944,-0.1850011,0.0993170,-0.1824940
157.0000000,0.7044611,-0.6405557,3.3331065,-0.1941929,0.0918866,-0.1896972
158.0000000,0.7048876,-0.6419883,3.3519737,-0.1962178,0.0958608,-0.1881158
159.0000000,0.7041960,-0.6438525,3.3709050,-0.1748680,0.1067510,-0.1858509
160.0000000,0.7038360,-0.6486068,3.3920429,-0.1853602,0.1158852,-0.1730353
161.0000000,0.7015147,-0.6509165,3.4119382,-0.1645036,0.1175233,-0.1648785
162.0000000,0.7005541,-0.6522063,3.4303764,-0.1710407,0.1241718,-0.1672018
163.0000000,0.6963518,-0.6529305,3.4537443,-0.1300713,0.1026708,-0.1614220
164.0000000,0.6935885,-0.6532477,3.4738169,-0.1297895,0.1070260,-0.1703183
165.0000000,0.6897795,-0.6547970,3.4965523,-0.1303098,0.0962350,-0.1632710
166.0000000,0.6855023,-0.6552687,3.5178699,-0.1239161,0.0855066,-0.1607721
167.0000000,0.6809978,-0.6560066,3.5389544,-0.1137089,0.0762727,-0.1508414
168.0000000,0.6760528,-0.6554375,3.5588373,-0.1068224,0.0738893,-0.1464773
169.0000000,0.6704700,-0.6523961,3.5754889,-0.1016184,0.0838775,-0.1575937
170.0000000,0.6632040,-0.6496996,3.5933139,-0.0958426,0.0738794,-0.1582755
171.0000000,0.6560814,-0.6443658,3.6100332,-0.1063457,0.0826451,-0.1783435
172.0000000,0.6470764,-0.6405883,3.6294501,-0.1121397,0.0790841,-0.1725861
173.0000000,0.6383665,-0.6353371,3.6468066,-0.1216968,0.0704679,-0.1689376
174.0000000,0.6292493,-0.6289536,3.6623077,-0.1319995,0.0777897,-0.1684569
175.0000000,0.6188550,-0.6234437,3.6816251,-0.1314322,0.0765598,-0.1593525
176.0000000,0.6092792,-0.6174351,3.6986715,-0.1340204,0.0803248,-0.1687537
177.0000000,0.6005194,-0.6132830,3.7156607,-0.1438385,0.0891533,-0.1721946
178.0000000,0.5924814,-0.6107105,3.7332891,-0.1478370,0.0974280,-0.1729962
179.0000000,0.5851564,-0.6100055,3.7515280,-0.1561376,0.1018855,-0.1758046
180.0000000,0.5789676,-0.6105760,3.7693706,-0.1605729,0.0971556,-0.1753178
181.0000000,0.5749047,-0.6118728,3.7857724,-0.1744626,0.0968820,-0.1784914
182.0000000,0.5700793,-0.6120043,3.8048970,-0.1680527,0.0927502,-0.2006218
183.0000000,0.5656424,-0.6170866,3.8395473,-0.1461953,0.1028260,-0.2040710
184.0000000,0.5666304,-0.6235592,3.8598107,-0.1684215,0.0777831,-0.1825066
185.0000000,0.5660086,-0.6281903,3.8795350,-0.1688264,0.0739252,-0.1697590
186.0000000,0.5668380,-0.6304727,3.8991665,-0.1635427,0.0708226,-0.1706821
187.0000000,0.5680077,-0.6321188,3.9170935,-0.1582306,0.0689195,-0.1680492
188.0000000,0.5696490,-0.6340634,3.9357460,-0.1509969,0.0673405,-0.1671569
189.0000000,0.5722258,-0.6348779,3.9546691,-0.1481206,0.0681476,-0.1626924
190.0000000,0.5746219,-0.6371890,3.9737331,-0.1478182,0.0557042,-0.1529161
191.0000000,0.5794244,-0.6360580,3.9908973,-0.1442138,0.0728477,-0.1663416
192.0000000,0.5856600,-0.6354783,4.0065944,-0.1455678,0.0742606,-0.1714294
193.0000000,0.5915654,-0.6338129,4.0245944,-0.1447136,0.0763581,-0.1777087
194.0000000,0.5987892,-0.6337461,4.0396363,-0.1246111,0.0524024,-0.1502075
195.0000000,0.6047144,-0.6317351,4.0569417,-0.1180136,0.0680510,-0.1532574
196.0000000,0.6107850,-0.6299278,4.0729336,-0.1184016,0.0838171,-0.1624655
197.0000000,0.6172562,-0.6284703,4.0901065,-0.1251947,0.0910742,-0.1585404
198.0000000,0.6228240,-0.6269480,4.1085244,-0.1129539,0.0829127,-0.1485649
199.0000000,0.6286132,-0.6280903,4.1258295,-0.1327755,0.0688328,-0.1345402
200.0000000,0.6334651,-0.6275010,4.1414979,-0.1452570,0.0645954,-0.1322246
201.0000000,0.6376126,-0.6256640,4.1566419,-0.1414472,0.0566849,-0.1404361
202.0000000,0.6417589,-0.6250863,4.1679567,-0.1566312,0.0661055,-0.1522273
203.0000000,0.6444335,-0.6254359,4.1807801,-0.1544501,0.0742456,-0.1642113
204.0000000,0.6480348,-0.6254698,4.1900208,-0.1568578,0.0824395,-0.1685672
205.0000000,0.6504521,-0.6252191,4.2000234,-0.1374977,0.0759635,-0.1735989
206.0000000,0.6529844,-0.6277024,4.2118210,-0.1260662,0.0541016,-0.1681515
207.0000000,0.6553764,-0.6298883,4.2187024,-0.1447480,0.0706023,-0.1736758
208.0000000,0.6579013,-0.6310661,4.2237406,-0.1521488,0.0774563,-0.1761675
209.0000000,0.6599872,-0.6326015,4.2283682,-0.1375565,0.0720178,-0.1619989
210.0000000,0.6611302,-0.6345801,4.2326218,-0.1458480,0.0821972,-0.1710762
211.0000000,0.6618054,-0.6342252,4.2338815,-0.1324145,0.0840108,-0.1876224
212.0000000,0.6631234,-0.6348464,4.2326021,-0.1267718,0.0829439,-0.1914577
213.0000000,0.6659906,-0.6367576,4.2266960,-0.1433303,0.0916343,-0.1769334
214.0000000,0.6658545,-0.6383129,4.2234831,-0.1477531,0.0907251,-0.1728066
215.0000000,0.6659372,-0.6368839,4.2164482,-0.1448570,0.0860914,-0.1784810
216.0000000,0.6660640,-0.6350458,4.2083450,-0.1485560,0.0828374,-0.1802312
217.0000000,0.6662741,-0.6331195,4.1978497,-0.1561053,0.0744247,-0.1803856
218.0000000,0.6653779,-0.6301650,4.1853576,-0.1646618,0.0909417,-0.1878540
219.0000000,0.6637075,-0.6280884,4.1735630,-0.1791206,0.0720112,-0.1859229
220.0000000,0.6625652,-0.6258175,4.1608080,-0.1984631,0.0737637,-0.2028548
221.0000000,0.6601396,-0.6232686,4.1436600,-0.1905059,0.0693297,-0.2046219
222.0000000,0.6589754,-0.6212422,4.1245469,-0.2002897,0.0684027,-0.2014342
223.0000000,0.6554866,-0.6198617,4.1077404,-0.1948364,0.0667600,-0.1966612
224.0000000,0.6525605,-0.6191946,4.0882219,-0.1620613,0.0450177,-0.1633937
225.0000000,0.6496520,-0.6176468,4.0671079,-0.1549843,0.0433660,-0.1628774
226.0000000,0.6458519,-0.6185148,4.0474310,-0.1683591,0.0604605,-0.1731611
227.0000000,0.6423881,-0.6199993,4.0264706,-0.1630005,0.0569644,-0.1673552
228.0000000,0.6382742,-0.6216475,4.0034943,-0.1610892,0.0574132,-0.1695290
229.0000000,0.6334884,-0.6251150,3.9826242,-0.1643993,0.0577064,-0.1675195
230.0000000,0.6290667,-0.6269494,3.9592689,-0.1686588,0.0595124,-0.1765604
231.0000000,0.6247826,-0.6290437,3.9370063,-0.1675129,0.0584448,-0.1776368
232.0000000,0.6206203,-0.6319553,3.9158680,-0.1707449,0.0567783,-0.1751722
233.0000000,0.6165478,-0.6347882,3.8949485,-0.1712164,0.0532193,-0.1757731
234.0000000,0.6130805,-0.6386663,3.8750365,-0.1750731,0.0467276,-0.1650786
235.0000000,0.6089084,-0.6406659,3.8558214,-0.1573470,0.0361745,-0.1655683
236.0000000,0.6048374,-0.6436483,3.8372146,-0.1524620,0.0353202,-0.1663020
237.0000000,0.6023221,-0.6458488,3.8160115,-0.1618305,0.0507768,-0.1680153
238.0000000,0.5991609,-0.6485193,3.8010436,-0.1510415,0.0374512,-0.1545709
239.0000000,0.5973196,-0.6498604,3.7821281,-0.1680509,0.0470398,-0.1654692
240.0000000,0.5955644,-0.6516240,3.7668264,-0.1730837,0.0393228,-0.1641593
241.0000000,0.5931635,-0.6530292,3.7540643,-0.1787046,0.0354668,-0.1691657
242.0000000,0.5912957,-0.6529680,3.7397629,-0.1771141,0.0376994,-0.1801017
243.0000000,0.5906367,-0.6523738,3.7267407,-0.1602924,0.0185166,-0.1785204
244.0000000,0.5892985,-0.6517760,3.7150922,-0.1478854,0.0095205,-0.1866386
245.0000000,0.5881839,-0.6513985,3.7048179,-0.1505127,0.0047290,-0.1992965
246.0000000,0.5874302,-0.6511751,3.6947270,-0.1517723,0.0048459,-0.2035631
247.0000000,0.5871899,-0.6515085,3.6852769,-0.1555489,0.0004027,-0.1961286
248.0000000,0.5869281,-0.6513771,3.6756473,-0.1585732,-0.0066162,-0.1929315
249.0000000,0.5865009,-0.6512543,3.6660557,-0.1750951,0.0014846,-0.1874464
250.0000000,0.5857763,-0.6510029,3.6567979,-0.1861096,0.0054254,-0.1728842
251.0000000,0.5857012,-0.6526073,3.6472747,-0.2042945,0.0175810,-0.1439749
252.0000000,0.5848680,-0.6539127,3.6397275,-0.2034854,0.0232938,-0.1190552
253.0000000,0.5840220,-0.6539263,3.6325428,-0.2051790,0.0305059,-0.1151572
254.0000000,0.5847473,-0.6577952,3.6233348,-0.2346406,0.0575506,-0.0951525
255.0000000,0.5846846,-0.6612492,3.6180283,-0.2658762,0.0691368,-0.0835070
256.0000000,0.5853851,-0.6636159,3.6115788,-0.2695932,0.0874856,-0.0689422
257.0000000,0.5850861,-0.6679846,3.6078237,-0.2823634,0.1000614,-0.0433051
258.0000000,0.5846303,-0.6730137,3.6052012,-0.2976078,0.0978429,-0.0044044
259.0000000,0.5834219,-0.6777481,3.6039600,-0.3117704,0.0940252,0.0235863
260.0000000,0.5835979,-0.6824983,3.5981807,-0.3210874,0.0923635,0.0633724
261.0000000,0.5831666,-0.6874094,3.5958118,-0.3492490,0.0810205,0.0914669
262.0000000,0.5798576,-0.6972672,3.5885981,-0.3986593,0.1220500,0.1614233
263.0000000,0.5777416,-0.7019469,3.5869755,-0.4285055,0.1132867,0.1900886
264.0000000,0.5748081,-0.7074372,3.5846063,-0.4646289,0.1120618,0.2307859
265.0000000,0.5736208,-0.7108490,3.5835236,-0.4708590,0.0986180,0.2618128
266.0000000,0.5725434,-0.7136110,3.5823541,-0.4907913,0.0795812,0.2793848
267.0000000,0.5705781,-0.7174208,3.5830338,-0.5099268,0.0696543,0.3029277
268.0000000,0.5698133,-0.7189745,3.5796928,-0.5230557,0.0660615,0.3242620
269.0000000,0.5675077,-0.7219367,3.5777025,-0.5506227,0.0710226,0.3483771
270.0000000,0.5652504,-0.7267356,3.5784559,-0.5877898,0.0611786,0.3766213
271.0000000,0.5640981,-0.7298987,3.5744818,-0.6228563,0.0626502,0.4089534
272.0000000,0.5641894,-0.7311978,3.5741684,-0.6324058,0.0604373,0.4228696
273.0000000,0.5668254,-0.7288849,3.5703442,-0.6425897,0.0596942,0.4158112
274.0000000,0.5675337,-0.7294406,3.5689447,-0.6692338,0.0440715,0.4259339
275.0000000,0.5690079,-0.7288421,3.5673177,-0.6941560,0.0271452,0.4328488
276.0000000,0.5718515,-0.7279048,3.5683160,-0.7041138,-0.0106506,0.4479436
277.0000000,0.5740499,-0.7266897,3.5680428,-0.7222138,-0.0339873,0.4616895
278.0000000,0.5759993,-0.7256044,3.5681877,-0.7401657,-0.0554181,0.4793673
279.0000000,0.5790246,-0.7224364,3.5640589,-0.7565391,-0.0520298,0.4871081
280.0000000,0.5812135,-0.7218882,3.5671059,-0.7630899,-0.0801784,0.5081896
281.0000000,0.5846934,-0.7193938,3.5658537,-0.7665029,-0.1001884,0.5222657
282.0000000,0.5866301,-0.7182149,3.5662465,-0.7758127,-0.1107845,0.5343190
283.0000000,0.5892262,-0.7164712,3.5652150,-0.7874416,-0.1168733,0.5347555
284.0000000,0.5905247,-0.7163121,3.5669814,-0.7964284,-0.1303832,0.5446418
285.0000000,0.5930824,-0.7143507,3.5649238,-0.8043713,-0.1236290,0.5522198
286.0000000,0.5939217,-0.7139354,3.5661048,-0.8134310,-0.1328541,0.5559057
287.0000000,0.5956094,-0.7128695,3.5645452,-0.8212900,-0.1411623,0.5598188
288.0000000,0.5970695,-0.7115656,3.5630201,-0.8295044,-0.1388831,0.5602226
289.0000000,0.5983694,-0.7100805,3.5608416,-0.8491263,-0.1435588,0.5541886
290.0000000,0.5997255,-0.7084153,3.5591978,-0.8691147,-0.1558038,0.5505593
291.0000000,0.5998142,-0.7067680,3.5590105,-0.8870862,-0.1655419,0.5517323
292.0000000,0.5997119,-0.7054285,3.5576501,-0.8966450,-0.1657985,0.5637063
293.0000000,0.5999699,-0.7038146,3.5556149,-0.9055811,-0.1702823,0.5750283
294.0000000,0.5991418,-0.7030207,3.5568926,-0.9164543,-0.1750196,0.5826257
295.0000000,0.5989966,-0.7023706,3.5545168,-0.9268460,-0.1750335,0.5958308
296.0000000,0.5987887,-0.7020329,3.5531289,-0.9439503,-0.1835463,0.6001865
297.0000000,0.5985141,-0.7018019,3.5521057,-0.9634611,-0.1969239,0.6064634
298.0000000,0.5971549,-0.7021127,3.5515562,-0.9754152,-0.1984440,0.6234341
299.0000000,0.5954814,-0.7027799,3.5518998,-0.9825953,-0.1952062,0.6470245
300.0000000,0.5939260,-0.7026893,3.5527372,-0.9934687,-0.1918534,0.6637868
301.0000000,0.5918067,-0.7032181,3.5547692,-1.0021333,-0.1892312,0.6772451
302.0000000,0.5911384,-0.7026644,3.5536250,-1.0088481,-0.1854477,0.6910387
303.0000000,0.5903208,-0.7019466,3.5547199,-1.0157368,-0.1826657,0.7018935
304.0000000,0.5890141,-0.7015462,3.5557411,-1.0228818,-0.1777645,0.7186773
305.0000000,0.5882773,-0.7013804,3.5574571,-1.0253820,-0.1789168,0.7343710
306.0000000,0.5868957,-0.7014388,3.5607949,-1.0260699,-0.1782698,0.7446268
307.0000000,0.5868149,-0.7012185,3.5613534,-1.0233764,-0.1738642,0.7478549
308.0000000,0.5882559,-0.7002654,3.5600137,-1.0169771,-0.1647904,0.7416819
309.0000000,0.5893357,-0.7000760,3.5605884,-1.0100993,-0.1517372,0.7307663
310.0000000,0.5906734,-0.7005370,3.5624089,-1.0033355,-0.1400010,0.7177763
311.0000000,0.5928698,-0.7004296,3.5614012,-1.0003434,-0.1314550,0.7016006
312.0000000,0.5945315,-0.7008721,3.5604517,-1.0025471,-0.1224374,0.6911204
313.0000000,0.5973620,-0.7009369,3.5601103,-0.9950181,-0.1178936,0.6869609
314.0000000,0.5993221,-0.7011489,3.5608540,-0.9912152,-0.1127232,0.6850909
315.0000000,0.6017203,-0.7009823,3.5608465,-0.9875779,-0.1116475,0.6801551
316.0000000,0.6029539,-0.7016933,3.5635279,-0.9827632,-0.1137319,0.6799247
317.0000000,0.6050940,-0.7016346,3.5625795,-0.9771159,-0.1137855,0.6801576
318.0000000,0.6071754,-0.7022340,3.5639018,-0.9672134,-0.1132809,0.6739255
319.0000000,0.6083376,-0.7033546,3.5662188,-0.9586261,-0.1086004,0.6683924
320.0000000,0.6098046,-0.7046939,3.5663638,-0.9537920,-0.1103120,0.6634848
321.0000000,0.6118333,-0.7058257,3.5665381,-0.9486041,-0.1118864,0.6521469
322.0000000,0.6137426,-0.7071271,3.5669166,-0.9405526,-0.1065478,0.6420761
323.0000000,0.6159976,-0.7075481,3.5650617,-0.9353693,-0.1009503,0.6308213
324.0000000,0.6166935,-0.7086172,3.5663767,-0.9328476,-0.1039846,0.6236865
325.0000000,0.6169090,-0.7089528,3.5651050,-0.9459247,-0.1284821,0.6281635
326.0000000,0.6165724,-0.7089242,3.5663580,-0.9543770,-0.1336049,0.6292150
327.0000000,0.6164861,-0.7084532,3.5664425,-0.9576269,-0.1251793,0.6416573
328.0000000,0.6155396,-0.7080956,3.5663104,-0.9699915,-0.1334325,0.6588667
329.0000000,0.6141889,-0.7076353,3.5645533,-0.9864801,-0.1475885,0.6811618
330.0000000,0.6114442,-0.7082547,3.5664604,-1.0004168,-0.1566683,0.7011117
331.0000000,0.6093624,-0.7086525,3.5665445,-1.0115409,-0.1609824,0.7179380
332.0000000,0.6076121,-0.7089047,3.5653937,-1.0235821,-0.1741471,0.7365141
333.0000000,0.6069009,-0.7083639,3.5629703,-1.0360796,-0.1883533,0.7515476
334.0000000,0.6053152,-0.7083439,3.5638558,-1.0485180,-0.2000186,0.7665973
335.0000000,0.6044466,-0.7073144,3.5627979,-1.0618794,-0.2091786,0.7777170
336.0000000,0.6037552,-0.7062334,3.5620829,-1.0712200,-0.2163315,0.7881064
337.0000000,0.6031625,-0.7053627,3.5607237,-1.0802281,-0.2183543,0.8002742
338.0000000,0.6025147,-0.7045994,3.5598301,-1.0848024,-0.2266501,0.8116085
339.0000000,0.6016254,-0.7037463,3.5597674,-1.0880758,-0.2295578,0.8274858
340.0000000,0.6014087,-0.7018729,3.5581302,-1.0957272,-0.2431890,0.8442470
341.0000000,0.6018660,-0.7004937,3.5585411,-1.1008055,-0.2662385,0.8545448
342.0000000,0.6033223,-0.6986953,3.5558566,-1.1025924,-0.2729344,0.8665983
343.0000000,0.6038094,-0.6974725,3.5556040,-1.1073569,-0.2825107,0.8733622
344.0000000,0.6041231,-0.6968831,3.5569352,-1.1126838,-0.2941707,0.8790373
345.0000000,0.6046641,-0.6957895,3.5552093,-1.1198299,-0.3050142,0.8847717
346.0000000,0.6053567,-0.6946536,3.5537170,-1.1258467,-0.3160607,0.8876519
347.0000000,0.6056683,-0.6933017,3.5510237,-1.1372019,-0.3197899,0.8927278
348.0000000,0.6065698,-0.6915820,3.5478953,-1.1477377,-0.3205682,0.8934844
349.0000000,0.6062284,-0.6913770,3.5482827,-1.1561054,-0.3246269,0.8948444
350.0000000,0.6057019,-0.6908976,3.5478864,-1.1696824,-0.3315493,0.8950997
351.0000000,0.6059425,-0.6899695,3.5458241,-1.1846966,-0.3442851,0.8886772
352.0000000,0.6064103,-0.6894690,3.5454262,-1.1958157,-0.3498492,0.8790613
353.0000000,0.6064398,-0.6891667,3.5461933,-1.2015413,-0.3620895,0.8778397
354.0000000,0.6066298,-0.6886529,3.5460894,-1.1975723,-0.3460257,0.8837806
355.0000000,0.6080384,-0.6872330,3.5444655,-1.1917936,-0.3276707,0.8897281
356.0000000,0.6085124,-0.6847517,3.5428569,-1.1980177,-0.3329432,0.9006183
357.0000000,0.6090946,-0.6833220,3.5410154,-1.2038522,-0.3534889,0.9207076
358.0000000,0.6096053,-0.6815774,3.5405207,-1.2193564,-0.3866453,0.9268254
359.0000000,0.6119661,-0.6793107,3.5374486,-1.2294009,-0.4307733,0.9358319
360.0000000,0.6132555,-0.6782048,3.5370830,-1.2249833,-0.4527015,0.9584410
361.0000000,0.6121802,-0.6759973,3.5366570,-1.2389521,-0.4656302,0.9823557
362.0000000,0.6110728,-0.6736996,3.5355789,-1.2549455,-0.4863364,1.0022589
363.0000000,0.6092317,-0.6722127,3.5357563,-1.2671541,-0.4889649,1.0170428
364.0000000,0.6073608,-0.6700671,3.5333120,-1.2742884,-0.5025570,1.0410660
365.0000000,0.6044645,-0.6692145,3.5352595,-1.2760546,-0.5211017,1.0615676
366.0000000,0.6027765,-0.6680466,3.5334877,-1.2754698,-0.5275694,1.0794944
367.0000000,0.5999992,-0.6675671,3.5339185,-1.2737849,-0.5306274,1.1033187
368.0000000,0.5958903,-0.6677637,3.5358676,-1.2710638,-0.5264071,1.1335087
369.0000000,0.5925698,-0.6669927,3.5353913,-1.2725605,-0.5325293,1.1598688
370.0000000,0.5890026,-0.6657164,3.5346439,-1.2765706,-0.5308760,1.1868013
371.0000000,0.5853648,-0.6645871,3.5349174,-1.2811174,-0.5271108,1.2112999
372.0000000,0.5822787,-0.6635705,3.5349353,-1.2911006,-0.5301739,1.2304573
373.0000000,0.5807979,-0.6631021,3.5349509,-1.3070824,-0.5395775,1.2297410
374.0000000,0.5770295,-0.6612673,3.5348704,-1.3371785,-0.5562674,1.2401937
375.0000000,0.5753188,-0.6602341,3.5347362,-1.3576958,-0.5633841,1.2377096
376.0000000,0.5714233,-0.6580594,3.5343629,-1.3831130,-0.5739751,1.2474551
377.0000000,0.5701399,-0.6579163,3.5344455,-1.3898853,-0.5670989,1.2379279
378.0000000,0.5666111,-0.6567605,3.5357404,-1.4050990,-0.5546398,1.2428841
379.0000000,0.5642762,-0.6556652,3.5372053,-1.4142485,-0.5422912,1.2387066
380.0000000,0.5618691,-0.6558924,3.5396440,-1.4152260,-0.5390280,1.2454645
381.0000000,0.5626934,-0.6559197,3.5384119,-1.4094569,-0.5311223,1.2509223
382.0000000,0.5610397,-0.6535161,3.5402833,-1.4316763,-0.5170234,1.2584262
383.0000000,0.5601397,-0.6528329,3.5413562,-1.4524338,-0.4937508,1.2552921
384.0000000,0.5612710,-0.6520385,3.5404309,-1.4486545,-0.4842413,1.2551813
385.0000000,0.5606565,-0.6514286,3.5431320,-1.4573811,-0.4727551,1.2566035
386.0000000,0.5616314,-0.6510049,3.5422570,-1.4561157,-0.4662152,1.2538045
387.0000000,0.5619678,-0.6507961,3.5434335,-1.4560634,-0.4606390,1.2550602
388.0000000,0.5625131,-0.6504484,3.5447658,-1.4535513,-0.4567919,1.2592200
389.0000000,0.5633030,-0.6498122,3.5455453,-1.4439883,-0.4526868,1.2679201
390.0000000,0.5649447,-0.6492041,3.5464953,-1.4340299,-0.4451500,1.2675298
391.0000000,0.5668035,-0.6485953,3.5466456,-1.4269664,-0.4364268,1.2680389
392.0000000,0.5685441,-0.6476839,3.5470951,-1.4232384,-0.4367137,1.2704059
393.0000000,0.5697720,-0.6467643,3.5477785,-1.4257177,-0.4376145,1.2767338
394.0000000,0.5710635,-0.6464348,3.5477735,-1.4294819,-0.4371135,1.2789513
395.0000000,0.5718546,-0.6466581,3.5488989,-1.4341428,-0.4408441,1.2780682
396.0000000,0.5740335,-0.6460453,3.5462979,-1.4354659,-0.4517854,1.2788905
397.0000000,0.5761349,-0.6455694,3.5455144,-1.4386824,-0.4672388,1.2698257
398.0000000,0.5782700,-0.6457253,3.5450557,-1.4401701,-0.4795994,1.2614997
399.0000000,0.5806701,-0.6458043,3.5441628,-1.4385711,-0.4874759,1.2582687
400.0000000,0.5837052,-0.6455835,3.5430888,-1.4339845,-0.4916469,1.2493724
401.0000000,0.5882237,-0.6462300,3.5420577,-1.4220558,-0.4914952,1.2369533
402.0000000,0.5914700,-0.6458310,3.5401971,-1.4151360,-0.5009796,1.2283341
403.0000000,0.5978529,-0.6482404,3.5393718,-1.3896098,-0.4598131,1.1978127
404.0000000,0.6035573,-0.6514338,3.5398545,-1.3719382,-0.4369979,1.1493858
405.0000000,0.6033256,-0.6522927,3.5374408,-1.3757463,-0.4184755,1.1472361
406.0000000,0.6091123,-0.6551549,3.5388371,-1.3436269,-0.4146193,1.1004545
407.0000000,0.6135750,-0.6571531,3.5366877,-1.3210703,-0.3922598,1.0728458
408.0000000,0.6170726,-0.6594591,3.5376477,-1.3018792,-0.3740690,1.0399592
409.0000000,0.6212325,-0.6604637,3.5351574,-1.2831385,-0.3525041,1.0092681
410.0000000,0.6256530,-0.6616962,3.5339020,-1.2553278,-0.3244433,0.9809430
411.0000000,0.6299634,-0.6614227,3.5313669,-1.2398650,-0.3020760,0.9457023
412.0000000,0.6345093,-0.6609817,3.5286771,-1.2188797,-0.2844747,0.9138614
413.0000000,0.6394582,-0.6607209,3.5268105,-1.1919645,-0.2734228,0.8824419
414.0000000,0.6448112,-0.6600225,3.5250980,-1.1660226,-0.2726935,0.8496876
415.0000000,0.6481993,-0.6594489,3.5237024,-1.1481793,-0.2641413,0.8257736
416.0000000,0.6503654,-0.6584084,3.5219282,-1.1429635,-0.2535381,0.8030032
417.0000000,0.6534350,-0.6579971,3.5219620,-1.1239088,-0.2473920,0.7734757
418.0000000,0.6566050,-0.6562717,3.5187294,-1.1007220,-0.2318502,0.7465307
419.0000000,0.6592021,-0.6551356,3.5176932,-1.0820391,-0.2233590,0.7225979
420.0000000,0.6613176,-0.6549141,3.5191892,-1.0590274,-0.2195834,0.6981595
421.0000000,0.6646750,-0.6535528,3.5172370,-1.0314377,-0.2083793,0.6724926
422.0000000,0.6681759,-0.6523947,3.5175694,-1.0068822,-0.2116686,0.6398835
423.0000000,0.6709759,-0.6508729,3.5170107,-0.9838378,-0.2096066,0.6039760
424.0000000,0.6729987,-0.6496946,3.5182807,-0.9500064,-0.1932402,0.5734120
425.0000000,0.6739616,-0.6491810,3.5189175,-0.9261897,-0.1761129,0.5425655
426.0000000,0.6736844,-0.6493669,3.5204114,-0.8993671,-0.1507982,0.5127173
427.0000000,0.6739149,-0.6487490,3.5187309,-0.8808528,-0.1297183,0.4787623
428.0000000,0.6727381,-0.6495777,3.5184323,-0.8646924,-0.1098376,0.4528709
429.0000000,0.6725602,-0.6495035,3.5180904,-0.8356468,-0.0857188,0.4244777
430.0000000,0.6708121,-0.6494589,3.5189694,-0.8110491,-0.0583492,0.3894266
431.0000000,0.6692266,-0.6490034,3.5172290,-0.7797004,-0.0219952,0.3570428
432.0000000,0.6673975,-0.6496023,3.5147875,-0.7612575,0.0008219,0.3346234
433.0000000,0.6653044,-0.6496410,3.5146212,-0.7318265,0.0195982,0.3092397
434.0000000,0.6629632,-0.6493536,3.5147739,-0.7047104,0.0379933,0.2853972
435.0000000,0.6599159,-0.6515838,3.5156136,-0.6865625,0.0432285,0.2752920
436.0000000,0.6569324,-0.6534888,3.5163748,-0.6652933,0.0593175,0.2591751
437.0000000,0.6534750,-0.6560156,3.5178382,-0.6463801,0.0783576,0.2422256
438.0000000,0.6512611,-0.6572969,3.5175714,-0.6263307,0.0903876,0.2195456
439.0000000,0.6480234,-0.6605309,3.5185238,-0.6155974,0.1116535,0.2057191
440.0000000,0.6455479,-0.6614745,3.5198072,-0.5934835,0.1301845,0.1791027
441.0000000,0.6425180,-0.6643996,3.5228148,-0.5717060,0.1439074,0.1712306
442.0000000,0.6399267,-0.6652527,3.5233364,-0.5436495,0.1677383,0.1547424
443.0000000,0.6376779,-0.6670505,3.5225133,-0.5343174,0.1883703,0.1408754
444.0000000,0.6353500,-0.6673605,3.5227720,-0.5146999,0.2094059,0.1187281
445.0000000,0.6332333,-0.6686257,3.5246153,-0.4983977,0.2170477,0.1045574
446.0000000,0.6318271,-0.6685345,3.5233046,-0.4774504,0.2289370,0.0863200
447.0000000,0.6300883,-0.6693708,3.5256280,-0.4564675,0.2289419,0.0719270
448.0000000,0.6297226,-0.6684976,3.5266501,-0.4349082,0.2233102,0.0468073
449.0000000,0.6285183,-0.6696802,3.5293764,-0.4219742,0.2227221,0.0397602
450.0000000,0.6281879,-0.6695064,3.5293390,-0.4028626,0.2233271,0.0247208
451.0000000,0.6282258,-0.6704949,3.5308614,-0.3909465,0.2203311,0.0183571
452.0000000,0.6275487,-0.6709313,3.5342664,-0.3616582,0.2121906,0.0125595
453.0000000,0.6281524,-0.6702476,3.5336007,-0.3506304,0.2115102,-0.0127983
454.0000000,0.6287639,-0.6705129,3.5348333,-0.3343694,0.2048636,-0.0230219
455.0000000,0.6285672,-0.6713884,3.5372868,-0.2989215,0.1902372,-0.0171109
456.0000000,0.6295347,-0.6714247,3.5360673,-0.2800669,0.1867726,-0.0243538
457.0000000,0.6296759,-0.6721753,3.5395321,-0.2808063,0.1739275,-0.0481820
458.0000000,0.6309934,-0.6718485,3.5395586,-0.2536042,0.1611651,-0.0607150
459.0000000,0.6315620,-0.6716077,3.5402746,-0.2402593,0.1604791,-0.0857940
460.0000000,0.6318963,-0.6719971,3.5405651,-0.2255727,0.1615457,-0.1048129
461.0000000,0.6324573,-0.6722153,3.5413308,-0.1986035,0.1538048,-0.1178295
462.0000000,0.6338558,-0.6746382,3.5411316,-0.1954621,0.1600038,-0.1236601
463.0000000,0.6341341,-0.6750715,3.5419315,-0.1689782,0.1548561,-0.1326189
464.0000000,0.6343732,-0.6751990,3.5430419,-0.1440449,0.1493041,-0.1417325
465.0000000,0.6350043,-0.6753770,3.5438646,-0.1218409,0.1417749,-0.1503807
466.0000000,0.6349537,-0.6743678,3.5448324,-0.0963016,0.1306358,-0.1689604
467.0000000,0.6347828,-0.6733571,3.5451487,-0.0819047,0.1286994,-0.1896373
468.0000000,0.6345294,-0.6718377,3.5451738,-0.0606675,0.1264838,-0.2096393
469.0000000,0.6343045,-0.6701025,3.5450378,-0.0442957,0.1293810,-0.2324229
470.0000000,0.6341095,-0.6681081,3.5455344,-0.0249883,0.1208830,-0.2525480
471.0000000,0.6334603,-0.6653253,3.5463070,-0.0004141,0.1066827,-0.2745120
472.0000000,0.6323805,-0.6614721,3.5458481,0.0304065,0.1022421,-0.3026761
473.0000000,0.6315677,-0.6580902,3.5460084,0.0478076,0.1013931,-0.3347625
474.0000000,0.6299679,-0.6558596,3.5475364,0.0723797,0.0902078,-0.3584967
475.0000000,0.6295428,-0.6529052,3.5457327,0.0860846,0.0927083,-0.3804260
476.0000000,0.6278055,-0.6507305,3.5472974,0.1001022,0.1015696,-0.4028757
477.0000000,0.6269898,-0.6479648,3.5457660,0.1196996,0.1068970,-0.4179200
478.0000000,0.6256485,-0.6461107,3.5465295,0.1397935,0.1236500,-0.4308288
479.0000000,0.6247203,-0.6436002,3.5453619,0.1641869,0.1306963,-0.4397856
480.0000000,0.6235852,-0.6422409,3.5467369,0.1651452,0.1609554,-0.4557698
481.0000000,0.6229951,-0.6400037,3.5453887,0.1738650,0.1731642,-0.4693357
482.0000000,0.6209676,-0.6381129,3.5463482,0.1953347,0.1623733,-0.4825713
483.0000000,0.6197190,-0.6355139,3.5445796,0.2179265,0.1467940,-0.4915666
484.0000000,0.6184111,-0.6343384,3.5450911,0.2328826,0.1503685,-0.5060533
485.0000000,0.6180623,-0.6323456,3.5433170,0.2499699,0.1501790,-0.5219999
486.0000000,0.6173761,-0.6308098,3.5424200,0.2645091,0.1477423,-0.5376949
487.0000000,0.6167552,-0.6300974,3.5440097,0.2827170,0.1330428,-0.5508237
488.0000000,0.6170490,-0.6283221,3.5438966,0.3020263,0.1161588,-0.5654938
489.0000000,0.6172011,-0.6269556,3.5452778,0.3220304,0.0983574,-0.5778500
490.0000000,0.6176498,-0.6256456,3.5462398,0.3393429,0.0889061,-0.5924611
491.0000000,0.6169600,-0.6236465,3.5472689,0.3586425,0.0863649,-0.6151257
492.0000000,0.6165242,-0.6222446,3.5475677,0.3729356,0.0795478,-0.6332791
493.0000000,0.6165571,-0.6216871,3.5480825,0.3865467,0.0677302,-0.6436310
494.0000000,0.6176844,-0.6218425,3.5479617,0.3965050,0.0655254,-0.6473209
495.0000000,0.6174512,-0.6220009,3.5502669,0.4086991,0.0473891,-0.6599280
496.0000000,0.6178300,-0.6216327,3.5502524,0.4168650,0.0449266,-0.6688368
497.0000000,0.6184497,-0.6210787,3.5477252,0.4265300,0.0739578,-0.6728109
498.0000000,0.6191304,-0.6211498,3.5482081,0.4359254,0.0509367,-0.6805689
499.0000000,0.6199119,-0.6218382,3.5485255,0.4451744,0.0404331,-0.6813173
500.0000000,0.6210666,-0.6226456,3.5474547,0.4485686,0.0403727,-0.6820732
501.0000000,0.6220663,-0.6233854,3.5465868,0.4572374,0.0436778,-0.6794089
502.0000000,0.6228034,-0.6234013,3.5478834,0.4623928,0.0083089,-0.6871921
503.0000000,0.6235874,-0.6233960,3.5493529,0.4621411,-0.0026698,-0.6918708
504.0000000,0.6235266,-0.6237439,3.5502600,0.4695453,-0.0097399,-0.6911231
505.0000000,0.6239960,-0.6231308,3.5478874,0.4796212,-0.0138315,-0.6894651
506.0000000,0.6242452,-0.6227936,3.5471632,0.4866242,-0.0209825,-0.6906464
507.0000000,0.6244006,-0.6222458,3.5473618,0.4902211,-0.0258005,-0.6956976
508.0000000,0.6246834,-0.6216395,3.5475908,0.4906789,-0.0257728,-0.7032216
509.0000000,0.6246374,-0.6209610,3.5476921,0.4954479,-0.0237132,-0.7117052
510.0000000,0.6249852,-0.6203701,3.5472878,0.4992021,-0.0236730,-0.7165844
511.0000000,0.6244667,-0.6200799,3.5467079,0.5152704,-0.0305606,-0.7180831
512.0000000,0.6237423,-0.6206027,3.5475025,0.5272623,-0.0387576,-0.7194012
513.0000000,0.6235971,-0.6205893,3.5471481,0.5335974,-0.0439520,-0.7209263
514.0000000,0.6238861,-0.6198852,3.5450884,0.5384141,-0.0450824,-0.7253730
515.0000000,0.6234336,-0.6198593,3.5458314,0.5442549,-0.0498638,-0.7293460
516.0000000,0.6226201,-0.6196758,3.5480286,0.5493447,-0.0536732,-0.7343969
517.0000000,0.6224566,-0.6191196,3.5480471,0.5551131,-0.0572989,-0.7377623
518.0000000,0.6229882,-0.6181659,3.5464624,0.5594062,-0.0565606,-0.7401150
519.0000000,0.6227651,-0.6178204,3.5463558,0.5654696,-0.0625484,-0.7448244
520.0000000,0.6225421,-0.6175334,3.5460629,0.5730772,-0.0655673,-0.7485641
521.0000000,0.6221228,-0.6174269,3.5474796,0.5781881,-0.0614840,-0.7512046
522.0000000,0.6224713,-0.6161642,3.5459063,0.5843643,-0.0636450,-0.7577528
523.0000000,0.6220460,-0.6155359,3.5481713,0.5916984,-0.0722346,-0.7635491
524.0000000,0.6228225,-0.6134611,3.5478773,0.5938516,-0.0798053,-0.7701790
525.0000000,0.6216855,-0.6118305,3.5487829,0.6093511,-0.0975435,-0.7854817
526.0000000,0.6208456,-0.6099739,3.5501584,0.6211001,-0.1080748,-0.7993820
527.0000000,0.6179264,-0.6077988,3.5517355,0.6475756,-0.1284477,-0.8238070
528.0000000,0.6194725,-0.6058466,3.5516164,0.6514576,-0.1330963,-0.8116886
529.0000000,0.6187706,-0.6049923,3.5519714,0.6623461,-0.1442125,-0.8117759
530.0000000,0.6166842,-0.6045011,3.5525281,0.6771676,-0.1551124,-0.8211684
531.0000000,0.6150596,-0.6043309,3.5519140,0.6908051,-0.1609744,-0.8199391
532.0000000,0.6129596,-0.6041137,3.5520654,0.6986654,-0.1651145,-0.8261597
533.0000000,0.6113443,-0.6034690,3.5528832,0.7046315,-0.1682540,-0.8323194
534.0000000,0.6099844,-0.6023344,3.5534616,0.7062823,-0.1654194,-0.8397997
535.0000000,0.6079361,-0.6010934,3.5547000,0.7090427,-0.1683866,-0.8537974
536.0000000,0.6052103,-0.5997354,3.5548041,0.7249218,-0.1749790,-0.8639662
537.0000000,0.6022620,-0.5986366,3.5548236,0.7406931,-0.1818359,-0.8745748
538.0000000,0.5996678,-0.5980045,3.5551935,0.7533829,-0.1889878,-0.8835907
539.0000000,0.5978172,-0.5976349,3.5557339,0.7615040,-0.1908560,-0.8907660
540.0000000,0.5950534,-0.5973556,3.5568678,0.7726907,-0.1928118,-0.9005573
541.0000000,0.5931232,-0.5960943,3.5555959,0.7853662,-0.2000270,-0.9114370
542.0000000,0.5901937,-0.5957184,3.5574204,0.8006022,-0.2109338,-0.9218953
543.0000000,0.5883799,-0.5945538,3.5560777,0.8119300,-0.2177793,-0.9315540
544.0000000,0.5862219,-0.5935398,3.5563558,0.8205618,-0.2242954,-0.9398045
545.0000000,0.5835693,-0.5929064,3.5585879,0.8338320,-0.2235177,-0.9417445
546.0000000,0.5822556,-0.5911543,3.5570607,0.8424497,-0.2244565,-0.9469928
547.0000000,0.5801189,-0.5899453,3.5570422,0.8528828,-0.2322904,-0.9564994
548.0000000,0.5777283,-0.5889305,3.5592614,0.8607315,-0.2452018,-0.9672242
549.0000000,0.5761235,-0.5870898,3.5582213,0.8673113,-0.2558980,-0.9801364
550.0000000,0.5745580,-0.5858809,3.5584276,0.8766670,-0.2692759,-0.9919680
551.0000000,0.5723579,-0.5846401,3.5602469,0.8908770,-0.2868351,-1.0037321
552.0000000,0.5718153,-0.5827451,3.5586191,0.9017137,-0.2989757,-1.0143842
553.0000000,0.5706100,-0.5814699,3.5591278,0.9148353,-0.3065383,-1.0229952
554.0000000,0.5682781,-0.5806516,3.5609183,0.9340683,-0.3270514,-1.0361255
555.0000000,0.5678794,-0.5785819,3.5590267,0.9459596,-0.3317597,-1.0512175
556.0000000,0.5671279,-0.5775044,3.5592197,0.9594187,-0.3482035,-1.0611649
557.0000000,0.5650678,-0.5770105,3.5602203,0.9811940,-0.3699417,-1.0789423
558.0000000,0.5633476,-0.5767785,3.5602262,1.0026597,-0.3886518,-1.0946766
559.0000000,0.5622063,-0.5769647,3.5608708,1.0186641,-0.4039840,-1.1056843
560.0000000,0.5621614,-0.5774499,3.5596208,1.0382855,-0.4250450,-1.0984234
561.0000000,0.5656400,-0.5772806,3.5546009,1.0482862,-0.4523251,-1.0566041
562.0000000,0.5668783,-0.5774671,3.5529621,1.0564487,-0.4730810,-1.0431116
563.0000000,0.5644844,-0.5776657,3.5548785,1.0661763,-0.4786505,-1.0737310
564.0000000,0.5638664,-0.5769047,3.5580468,1.0641096,-0.4724762,-1.0983276
565.0000000,0.5640745,-0.5763876,3.5622956,1.0526820,-0.4820617,-1.1124053
566.0000000,0.5629165,-0.5754700,3.5623733,1.0600183,-0.4909109,-1.1241333
567.0000000,0.5626936,-0.5744277,3.5612244,1.0658991,-0.4960656,-1.1326497
568.0000000,0.5619977,-0.5736334,3.5621613,1.0724670,-0.4899396,-1.1375935
569.0000000,0.5643301,-0.5711958,3.5628099,1.0532222,-0.4718058,-1.1451449
570.0000000,0.5590475,-0.5714982,3.5613074,1.0840597,-0.5221706,-1.1676686
571.0000000,0.5578780,-0.5705961,3.5599515,1.0961776,-0.5526613,-1.1710139
572.0000000,0.5573714,-0.5697850,3.5599099,1.1041152,-0.5611721,-1.1767835
573.0000000,0.5571406,-0.5696251,3.5592689,1.1156882,-0.5700096,-1.1818571
574.0000000,0.5567713,-0.5696381,3.5595269,1.1232420,-0.5721537,-1.1916827
575.0000000,0.5562260,-0.5699406,3.5605741,1.1293704,-0.5740023,-1.2016929
576.0000000,0.5551667,-0.5703396,3.5606294,1.1372111,-0.5863369,-1.2108123
577.0000000,0.5530148,-0.5709913,3.5620344,1.1470325,-0.6035617,-1.2212802
578.0000000,0.5522330,-0.5707426,3.5599530,1.1548794,-0.6191665,-1.2331002
579.0000000,0.5513005,-0.5708770,3.5598928,1.1627384,-0.6310591,-1.2398387
580.0000000,0.5513132,-0.5706233,3.5596601,1.1703208,-0.6390709,-1.2412150
581.0000000,0.5510805,-0.5703053,3.5598001,1.1767864,-0.6511619,-1.2481424
582.0000000,0.5512598,-0.5700235,3.5598253,1.1833393,-0.6554262,-1.2552815
583.0000000,0.5502114,-0.5705791,3.5625486,1.1927355,-0.6608560,-1.2685714
584.0000000,0.5502198,-0.5706140,3.5603350,1.1969738,-0.6816576,-1.2816557
585.0000000,0.5495152,-0.5708145,3.5605692,1.2021667,-0.6944584,-1.2929506
586.0000000,0.5471020,-0.5718042,3.5644907,1.2132636,-0.6780391,-1.3294919
587.0000000,0.5438471,-0.5739670,3.5700264,1.2317890,-0.6477119,-1.3801045
588.0000000,0.5426683,-0.5749346,3.5713077,1.2390744,-0.6392566,-1.3936891
589.0000000,0.5431981,-0.5751765,3.5715199,1.2458953,-0.6428201,-1.3934524
590.0000000,0.5447061,-0.5752099,3.5702567,1.2487450,-0.6526212,-1.3831213
591.0000000,0.5463815,-0.5752658,3.5658089,1.2545389,-0.6779912,-1.3602822
592.0000000,0.5465710,-0.5765123,3.5646752,1.2653578,-0.7113127,-1.3560681
593.0000000,0.5453117,-0.5785359,3.5657542,1.2824284,-0.7126906,-1.3780375
594.0000000,0.5444024,-0.5794395,3.5662018,1.2946959,-0.7126950,-1.4010831
595.0000000,0.5438733,-0.5798573,3.5662374,1.3008888,-0.7328400,-1.4155710
596.0000000,0.5426071,-0.5809128,3.5676122,1.3085473,-0.7457472,-1.4288810
597.0000000,0.5421836,-0.5810229,3.5663973,1.3105799,-0.7560707,-1.4462877
598.0000000,0.5406899,-0.5823669,3.5683481,1.3196738,-0.7547856,-1.4661846
599.0000000,0.5404918,-0.5830405,3.5689986,1.3215109,-0.7496049,-1.4730677
600.0000000,0.5398269,-0.5846938,3.5687784,1.3268289,-0.7729031,-1.4726998
601.0000000,0.5412083,-0.5854050,3.5656682,1.3306096,-0.7939041,-1.4698863
602.0000000,0.5428538,-0.5852090,3.5647640,1.3318819,-0.8007480,-1.4620221
603.0000000,0.5429525,-0.5863632,3.5661521,1.3476800,-0.8047314,-1.4709169
604.0000000,0.5438213,-0.5867875,3.5660187,1.3449504,-0.8085932,-1.4778155
605.0000000,0.5436101,-0.5872339,3.5670952,1.3543121,-0.8111004,-1.4836429
606.0000000,0.5441706,-0.5881516,3.5676310,1.3578201,-0.8216351,-1.4940301
607.0000000,0.5450556,-0.5890136,3.5682350,1.3595452,-0.8328190,-1.5013776
608.0000000,0.5442522,-0.5897036,3.5697388,1.3560540,-0.8615192,-1.5161516
609.0000000,0.5468459,-0.5908034,3.5701023,1.3620033,-0.8628355,-1.5239876
610.0000000,0.5478332,-0.5920838,3.5686631,1.3655732,-0.8884563,-1.5254898
611.0000000,0.5492692,-0.5923101,3.5673647,1.3629301,-0.9118277,-1.5232341
612.0000000,0.5502095,-0.5924070,3.5679029,1.3589105,-0.9275054,-1.5170507
613.0000000,0.5515461,-0.5921409,3.5650440,1.3607004,-0.9364302,-1.5174140
614.0000000,0.5517843,-0.5923669,3.5648934,1.3676276,-0.9447075,-1.5187484
615.0000000,0.5509567,-0.5926659,3.5669117,1.3764289,-0.9505216,-1.5253629
616.0000000,0.5504472,-0.5930659,3.5677915,1.3847276,-0.9568658,-1.5400064
617.0000000,0.5507607,-0.5927682,3.5675668,1.3875359,-0.9557088,-1.5538023
618.0000000,0.5505917,-0.5930951,3.5689382,1.3953860,-0.9568714,-1.5606585
619.0000000,0.5508745,-0.5928042,3.5702174,1.3941572,-0.9571451,-1.5715817
620.0000000,0.5507760,-0.5930499,3.5711003,1.3933436,-0.9652285,-1.5829797
621.0000000,0.5508592,-0.5927762,3.5712750,1.3914420,-0.9738083,-1.5896984
622.0000000,0.5511458,-0.5925792,3.5719693,1.3897002,-0.9864230,-1.5937176
623.0000000,0.5520885,-0.5925460,3.5716635,1.3902605,-1.0001146,-1.5961158
624.0000000,0.5532002,-0.5928179,3.5706940,1.3918423,-1.0207295,-1.5964358
625.0000000,0.5540066,-0.5933449,3.5695928,1.4017854,-1.0350264,-1.5926577
626.0000000,0.5543149,-0.5935684,3.5694499,1.4072208,-1.0423562,-1.5952721
627.0000000,0.5542405,-0.5937802,3.5697736,1.4104623,-1.0433603,-1.6009311
628.0000000,0.5534911,-0.5937226,3.5713900,1.4098751,-1.0343753,-1.6072634
629.0000000,0.5530424,-0.5939116,3.5699857,1.4141856,-1.0406847,-1.6124186
630.0000000,0.5531731,-0.5936924,3.5675623,1.4181251,-1.0494306,-1.6155472
631.0000000,0.5529342,-0.5937812,3.5672255,1.4253486,-1.0540428,-1.6145989
632.0000000,0.5532713,-0.5935950,3.5666303,1.4310118,-1.0635933,-1.6100542
633.0000000,0.5537124,-0.5936270,3.5658078,1.4365508,-1.0690033,-1.6087883
634.0000000,0.5534043,-0.5940415,3.5667560,1.4425870,-1.0727430,-1.6062861
635.0000000,0.5533104,-0.5940087,3.5660307,1.4456785,-1.0764896,-1.6055404
636.0000000,0.5535214,-0.5936313,3.5649078,1.4501395,-1.0656348,-1.6047694
637.0000000,0.5533547,-0.5937468,3.5645277,1.4504571,-1.0626394,-1.6088287
638.0000000,0.5525901,-0.5944071,3.5664530,1.4533726,-1.0647659,-1.6088595
639.0000000,0.5521135,-0.5945641,3.5667877,1.4543544,-1.0649981,-1.6093655
640.0000000,0.5523448,-0.5943022,3.5648162,1.4574705,-1.0692238,-1.6056269
641.0000000,0.5521855,-0.5944295,3.5637522,1.4649556,-1.0719273,-1.5979292
642.0000000,0.5520074,-0.5943078,3.5639508,1.4664834,-1.0612640,-1.5950228
643.0000000,0.5519273,-0.5945330,3.5641199,1.4674002,-1.0562866,-1.5905870
644.0000000,0.5520022,-0.5951912,3.5635364,1.4719042,-1.0512199,-1.5788087
645.0000000,0.5517721,-0.5954608,3.5634016,1.4742065,-1.0417692,-1.5737674
646.0000000,0.5516336,-0.5934561,3.5639392,1.4578660,-1.0265220,-1.5678210
647.0000000,0.5513172,-0.5934817,3.5637405,1.4531022,-1.0267701,-1.5664063
648.0000000,0.5502043,-0.5943215,3.5661095,1.4537032,-1.0212608,-1.5678766
649.0000000,0.5509880,-0.5937446,3.5648361,1.4492560,-1.0096762,-1.5653252
650.0000000,0.5511825,-0.5942476,3.5645792,1.4491517,-1.0025279,-1.5600295
651.0000000,0.5513766,-0.5942290,3.5659579,1.4485466,-0.9809413,-1.5509140
652.0000000,0.5511401,-0.5952153,3.5686869,1.4535965,-0.9535522,-1.5518386
653.0000000,0.5513132,-0.5950835,3.5707330,1.4482287,-0.9222409,-1.5405465
654.0000000,0.5523818,-0.5946519,3.5692554,1.4408749,-0.9011422,-1.5340412
655.0000000,0.5529964,-0.5947443,3.5704769,1.4326215,-0.8791638,-1.5266838
656.0000000,0.5546198,-0.5925474,3.5710731,1.4098882,-0.8417103,-1.5101812
657.0000000,0.5557694,-0.5904179,3.5703491,1.3931489,-0.8140317,-1.4907581
658.0000000,0.5560236,-0.5898197,3.5707414,1.3776920,-0.7936582,-1.4797180
659.0000000,0.5563345,-0.5872880,3.5716319,1.3590226,-0.7644392,-1.4661414
660.0000000,0.5576594,-0.5849319,3.5680622,1.3445424,-0.7497496,-1.4464171
661.0000000,0.5582061,-0.5828435,3.5679064,1.3297299,-0.7323712,-1.4281415
662.0000000,0.5564194,-0.5840743,3.5734223,1.3399428,-0.6979911,-1.4409382
663.0000000,0.5579967,-0.5820440,3.5725397,1.3196057,-0.6804531,-1.4319399
664.0000000,0.5594206,-0.5823394,3.5716384,1.3093008,-0.6811949,-1.4128847
665.0000000,0.5609012,-0.5822005,3.5709524,1.3008258,-0.6489644,-1.4144625
666.0000000,0.5616724,-0.5825223,3.5732102,1.2877071,-0.6185793,-1.4206495
667.0000000,0.5631309,-0.5824134,3.5740853,1.2693769,-0.6056576,-1.4144884
668.0000000,0.5643053,-0.5825001,3.5765518,1.2560091,-0.5891345,-1.4076954
669.0000000,0.5679202,-0.5805345,3.5751942,1.2343012,-0.5676646,-1.3833148
670.0000000,0.5719402,-0.5784677,3.5708257,1.2122111,-0.5671380,-1.3513783
671.0000000,0.5744736,-0.5769960,3.5717360,1.1943848,-0.5594519,-1.3284443
672.0000000,0.5769861,-0.5759146,3.5711368,1.1773199,-0.5484929,-1.3119198
673.0000000,0.5787613,-0.5754572,3.5715055,1.1615899,-0.5273763,-1.3193161
674.0000000,0.5812006,-0.5742307,3.5712179,1.1508907,-0.5114351,-1.2944836
675.0000000,0.5828764,-0.5734499,3.5725088,1.1371747,-0.4877198,-1.2995234
676.0000000,0.5865643,-0.5715966,3.5707994,1.1176289,-0.4800564,-1.2841029
677.0000000,0.5909390,-0.5703850,3.5679013,1.1022675,-0.4821057,-1.2546389
678.0000000,0.5969713,-0.5710707,3.5603021,1.1032147,-0.5221100,-1.1999377
679.0000000,0.6026881,-0.5695841,3.5565702,1.0894262,-0.5258799,-1.1429724
680.0000000,0.6049857,-0.5687377,3.5612845,1.0657453,-0.4979872,-1.1585777
681.0000000,0.6076000,-0.5692050,3.5623662,1.0547492,-0.4899963,-1.1576039
682.0000000,0.6106260,-0.5697320,3.5644343,1.0385327,-0.4714463,-1.1588225
683.0000000,0.6132007,-0.5705827,3.5681718,1.0192110,-0.4454609,-1.1726176
684.0000000,0.6149294,-0.5716798,3.5720220,1.0017414,-0.4163728,-1.1911610
685.0000000,0.6171880,-0.5724652,3.5728198,0.9907372,-0.4067502,-1.1862984
686.0000000,0.6184435,-0.5740741,3.5745412,0.9872985,-0.3990060,-1.1764986
687.0000000,0.6204023,-0.5748646,3.5739936,0.9801469,-0.3888457,-1.1655431
688.0000000,0.6227098,-0.5749761,3.5724881,0.9703055,-0.3801033,-1.1544616
689.0000000,0.6240735,-0.5751140,3.5717156,0.9630480,-0.3709500,-1.1455383
690.0000000,0.6249170,-0.5755831,3.5715272,0.9615706,-0.3491998,-1.1414918
691.0000000,0.6257312,-0.5758353,3.5704104,0.9605959,-0.3445701,-1.1299469
692.0000000,0.6257813,-0.5756556,3.5703086,0.9556684,-0.3392934,-1.1238671
693.0000000,0.6258960,-0.5759686,3.5691121,0.9545222,-0.3304534,-1.1148841
694.0000000,0.6260707,-0.5761865,3.5691274,0.9503069,-0.3254736,-1.1089964
695.0000000,0.6257732,-0.5766056,3.5705611,0.9427448,-0.3141643,-1.1034395
696.0000000,0.6267321,-0.5764464,3.5682002,0.9352547,-0.2981092,-1.0956608
697.0000000,0.6267624,-0.5764892,3.5680760,0.9296902,-0.2861636,-1.0874107
698.0000000,0.6265521,-0.5770949,3.5694386,0.9207782,-0.2759658,-1.0784355
699.0000000,0.6272888,-0.5771325,3.5688850,0.9049756,-0.2637797,-1.0722407
700.0000000,0.6280916,-0.5769651,3.5687625,0.8927833,-0.2508488,-1.0643460
701.0000000,0.6295209,-0.5764983,3.5677948,0.8816047,-0.2364745,-1.0540818
702.0000000,0.6300826,-0.5770756,3.5694664,0.8693053,-0.2251340,-1.0441415
703.0000000,0.6314936,-0.5766603,3.5687765,0.8551641,-0.2087243,-1.0340176
704.0000000,0.6323900,-0.5766367,3.5690495,0.8462040,-0.1944062,-1.0225548
705.0000000,0.6324224,-0.5774522,3.5708488,0.8377925,-0.1840127,-1.0125137
706.0000000,0.6335499,-0.5772297,3.5695885,0.8273097,-0.1713598,-1.0038317
707.0000000,0.6347678,-0.5769329,3.5711280,0.8131805,-0.1484077,-0.9899597
708.0000000,0.6354308,-0.5772489,3.5728849,0.8028572,-0.1303032,-0.9778172
709.0000000,0.6367908,-0.5771623,3.5716555,0.7917619,-0.1219281,-0.9672708
710.0000000,0.6363463,-0.5781794,3.5729032,0.7863022,-0.1461627,-0.9645014
711.0000000,0.6382418,-0.5778688,3.5717299,0.7690388,-0.1371353,-0.9569918
712.0000000,0.6398785,-0.5783378,3.5719430,0.7535480,-0.1306554,-0.9467526
713.0000000,0.6417251,-0.5791661,3.5724151,0.7380329,-0.1258806,-0.9351105
714.0000000,0.6435933,-0.5801127,3.5731199,0.7222640,-0.1192770,-0.9236280
715.0000000,0.6460330,-0.5813102,3.5727400,0.7071763,-0.1129423,-0.9073162
716.0000000,0.6481111,-0.5827612,3.5719925,0.6960244,-0.1052716,-0.8889466
717.0000000,0.6504753,-0.5841693,3.5713435,0.6795124,-0.1044807,-0.8707989
718.0000000,0.6533408,-0.5860502,3.5709116,0.6606166,-0.1003082,-0.8508278
719.0000000,0.6545327,-0.5873486,3.5721872,0.6443999,-0.1009780,-0.8525800
720.0000000,0.6554716,-0.5891764,3.5731633,0.6381273,-0.0978564,-0.8521587
721.0000000,0.6582694,-0.5909668,3.5739777,0.6211701,-0.0986748,-0.8378944
722.0000000,0.6626787,-0.5923990,3.5747134,0.5913304,-0.1093369,-0.8128430
723.0000000,0.6648989,-0.5937400,3.5749347,0.5769433,-0.1096915,-0.8034045
724.0000000,0.6663978,-0.5953211,3.5764612,0.5622613,-0.1042248,-0.7917766
725.0000000,0.6690080,-0.5960940,3.5746464,0.5433185,-0.0957681,-0.7805983
726.0000000,0.6708357,-0.5980903,3.5766464,0.5210532,-0.0998408,-0.7616430
727.0000000,0.6730561,-0.5987654,3.5754169,0.5017334,-0.0932888,-0.7461816
728.0000000,0.6751390,-0.5999299,3.5745911,0.4825418,-0.0943030,-0.7243197
729.0000000,0.6769254,-0.6007949,3.5742462,0.4620415,-0.0899860,-0.7033996
730.0000000,0.6779141,-0.6010506,3.5742875,0.4436061,-0.0728161,-0.6857776
731.0000000,0.6783366,-0.6010630,3.5741916,0.4286940,-0.0598761,-0.6773016
732.0000000,0.6780832,-0.6008967,3.5741621,0.4183405,-0.0536270,-0.6715649
733.0000000,0.6780059,-0.6007012,3.5737006,0.4019944,-0.0438672,-0.6631362
734.0000000,0.6778836,-0.6007105,3.5732191,0.3834921,-0.0277948,-0.6529167
735.0000000,0.6780372,-0.6005464,3.5730201,0.3661791,-0.0201079,-0.6428567
736.0000000,0.6778450,-0.6003077,3.5731272,0.3532912,-0.0166975,-0.6322735
737.0000000,0.6776466,-0.5999861,3.5731455,0.3425834,-0.0135980,-0.6236031
738.0000000,0.6773729,-0.5998704,3.5734478,0.3317164,-0.0102679,-0.6170654
739.0000000,0.6765621,-0.6003869,3.5753528,0.3215966,-0.0105984,-0.6102365
740.0000000,0.6772892,-0.6000969,3.5731374,0.3058650,-0.0047461,-0.6029086
741.0000000,0.6776662,-0.6004176,3.5731423,0.2882804,-0.0000132,-0.5945499
742.0000000,0.6768739,-0.6009897,3.5746837,0.2752308,-0.0022535,-0.5903017
743.0000000,0.6772428,-0.6006725,3.5724809,0.2624378,0.0058110,-0.5882147
744.0000000,0.6773307,-0.6007383,3.5719168,0.2464005,0.0183546,-0.5827439
745.0000000,0.6774318,-0.6007059,3.5710992,0.2312752,0.0307440,-0.5756124
746.0000000,0.6767964,-0.6011107,3.5719463,0.2224766,0.0315482,-0.5634850
747.0000000,0.6771097,-0.6006032,3.5705371,0.2101302,0.0395982,-0.5527258
748.0000000,0.6767473,-0.6008701,3.5700462,0.1987601,0.0464789,-0.5388256
749.0000000,0.6766424,-0.6012312,3.5695663,0.1900155,0.0467873,-0.5205038
750.0000000,0.6764331,-0.6014717,3.5699121,0.1768610,0.0509724,-0.5102456
751.0000000,0.6753409,-0.6021903,3.5715765,0.1626591,0.0532071,-0.4981772
752.0000000,0.6750162,-0.6024874,3.5692489,0.1466797,0.0460758,-0.4829187
753.0000000,0.6742649,-0.6032169,3.5692129,0.1301146,0.0401590,-0.4709650
754.0000000,0.6731546,-0.6039679,3.5690761,0.1098192,0.0480256,-0.4627831
755.0000000,0.6721249,-0.6048956,3.5690584,0.0956433,0.0529988,-0.4534989
756.0000000,0.6709089,-0.6061122,3.5689747,0.0938157,0.0424269,-0.4299971
757.0000000,0.6696177,-0.6071895,3.5691174,0.0879634,0.0428086,-0.4181048
758.0000000,0.6677179,-0.6085765,3.5704517,0.0881514,0.0366943,-0.4042188
759.0000000,0.6671586,-0.6096367,3.5677421,0.0728602,0.0479765,-0.3887658
760.0000000,0.6657252,-0.6107659,3.5674137,0.0595228,0.0565648,-0.3748380
761.0000000,0.6632953,-0.6123115,3.5684127,0.0502068,0.0535437,-0.3574414
762.0000000,0.6616015,-0.6129305,3.5655381,0.0468057,0.0413144,-0.3366215
763.0000000,0.6599224,-0.6143095,3.5637047,0.0275922,0.0485077,-0.3191517
764.0000000,0.6572289,-0.6154205,3.5624830,0.0267977,0.0371891,-0.2953431
765.0000000,0.6549687,-0.6169865,3.5607989,0.0044925,0.0344325,-0.2794338
766.0000000,0.6532311,-0.6195533,3.5606145,-0.0509748,0.0409531,-0.2653150
767.0000000,0.6507313,-0.6210271,3.5575129,-0.0737701,0.0439719,-0.2520310
768.0000000,0.6476357,-0.6214516,3.5545447,-0.0913250,0.0564202,-0.2505007
769.0000000,0.6444209,-0.6211407,3.5509521,-0.0810225,0.0594888,-0.2401944
770.0000000,0.6409128,-0.6220537,3.5483757,-0.0754210,0.0691563,-0.2280156
771.0000000,0.6371591,-0.6226081,3.5457745,-0.0832485,0.0821396,-0.2275848
772.0000000,0.6338863,-0.6228907,3.5451868,-0.0948388,0.0836180,-0.2291155
773.0000000,0.6299970,-0.6207460,3.5449132,-0.0778661,0.0760477,-0.2333227
774.0000000,0.6276445,-0.6208434,3.5435016,-0.0846283,0.0726615,-0.2248113
775.0000000,0.6237681,-0.6223303,3.5428343,-0.0863940,0.0784565,-0.2146254
776.0000000,0.6210299,-0.6228005,3.5389042,-0.0847844,0.0836318,-0.2066760
777.0000000,0.6177094,-0.6243222,3.5386265,-0.0951297,0.0903922,-0.2028316
778.0000000,0.6151996,-0.6238513,3.5338320,-0.0840393,0.0975960,-0.1962781
779.0000000,0.6109083,-0.6236211,3.5331020,-0.0863252,0.1159952,-0.2011489
780.0000000,0.6081607,-0.6225146,3.5283831,-0.1027462,0.1334426,-0.2035629
781.0000000,0.6046836,-0.6229196,3.5274587,-0.1299091,0.1437128,-0.2047186
782.0000000,0.6013777,-0.6221991,3.5255848,-0.1390644,0.1397790,-0.2006197
783.0000000,0.5993803,-0.6219572,3.5236959,-0.1673388,0.1386075,-0.2075955
784.0000000,0.5963397,-0.6211152,3.5228261,-0.1649499,0.1280247,-0.2068284
785.0000000,0.5937548,-0.6213926,3.5224918,-0.1815292,0.1213684,-0.2073365
786.0000000,0.5912292,-0.6214470,3.5224470,-0.1913544,0.1212483,-0.2102461
787.0000000,0.5890532,-0.6219373,3.5226811,-0.2044414,0.1186468,-0.2097285
788.0000000,0.5867984,-0.6222773,3.5229942,-0.2133127,0.1144674,-0.2090776
789.0000000,0.5847275,-0.6222723,3.5223681,-0.2077926,0.1033824,-0.2044259
790.0000000,0.5831287,-0.6226501,3.5221380,-0.2112206,0.1008628,-0.2017314
791.0000000,0.5818157,-0.6233940,3.5225043,-0.2147713,0.0936453,-0.1944708
792.0000000,0.5803180,-0.6235194,3.5231166,-0.2157501,0.0897117,-0.1912248
793.0000000,0.5786057,-0.6233555,3.5235073,-0.2052840,0.0875734,-0.1885507
794.0000000,0.5773315,-0.6238437,3.5235763,-0.2074280,0.0892550,-0.1862570
795.0000000,0.5760114,-0.6243505,3.5241176,-0.2081786,0.0871044,-0.1831678
796.0000000,0.5748315,-0.6247164,3.5245941,-0.2075914,0.0858955,-0.1806870
797.0000000,0.5738688,-0.6249182,3.5250447,-0.2057137,0.0840519,-0.1783778
798.0000000,0.5730081,-0.6251075,3.5250862,-0.2084400,0.0843866,-0.1801442
799.0000000,0.5722971,-0.6253836,3.5253072,-0.2177959,0.0883169,-0.1854151
800.0000000,0.5716758,-0.6252118,3.5246453,-0.2234505,0.0909601,-0.1895775
801.0000000,0.5710075,-0.6252201,3.5249138,-0.2273761,0.0893293,-0.1908061
802.0000000,0.5702841,-0.6249899,3.5248120,-0.2297733,0.0883611,-0.1923762
803.0000000,0.5697439,-0.6248399,3.5247140,-0.2324870,0.0872330,-0.1915692
804.0000000,0.5689588,-0.6247311,3.5249608,-0.2382903,0.0876608,-0.1906624
805.0000000,0.5680225,-0.6240909,3.5252119,-0.2384327,0.0843761,-0.1892235
806.0000000,0.5666382,-0.6238935,3.5274554,-0.2233130,0.0640517,-0.1748690
807.0000000,0.5664937,-0.6235961,3.5252206,-0.2190864,0.0516299,-0.1569457
808.0000000,0.5657966,-0.6234739,3.5258096,-0.2235686,0.0372551,-0.1478707
809.0000000,0.5649326,-0.6238118,3.5268701,-0.2462582,0.0333741,-0.1425727
810.0000000,0.5647573,-0.6249893,3.5275774,-0.2525722,0.0206787,-0.1145696
811.0000000,0.5645394,-0.6253175,3.5273085,-0.2491079,0.0176517,-0.1013481
812.0000000,0.5656683,-0.6275378,3.5284752,-0.2665309,0.0017894,-0.0809510
813.0000000,0.5650742,-0.6276248,3.5296938,-0.2607156,-0.0000093,-0.0830487
814.0000000,0.5660548,-0.6284693,3.5279849,-0.2617013,-0.0005163,-0.0757323
815.0000000,0.5658760,-0.6279396,3.5275249,-0.2542258,0.0008156,-0.0848529
816.0000000,0.5662282,-0.6285124,3.5282342,-0.2558017,-0.0033086,-0.0898136
817.0000000,0.5658360,-0.6290011,3.5274893,-0.2347798,0.0127679,-0.0949015
818.0000000,0.5662217,-0.6306682,3.5272583,-0.2225737,0.0159753,-0.0839370
819.0000000,0.5663679,-0.6319045,3.5265546,-0.2179040,0.0239539,-0.0776523
820.0000000,0.5673642,-0.6327358,3.5263789,-0.2190995,0.0304209,-0.0733671
821.0000000,0.5677528,-0.6333599,3.5256698,-0.2145127,0.0543911,-0.0896886
822.0000000,0.5670488,-0.6328748,3.5252200,-0.2031921,0.0775133,-0.1063246
823.0000000,0.5672431,-0.6338581,3.5260200,-0.2157082,0.0751291,-0.1052267
824.0000000,0.5670471,-0.6339762,3.5256070,-0.2253043,0.0806456,-0.1121475
825.0000000,0.5668182,-0.6340721,3.5255828,-0.2284094,0.0800003,-0.1103910
826.0000000,0.5670371,-0.6347281,3.5240147,-0.2311901,0.0745179,-0.1019041
827.0000000,0.5667069,-0.6357212,3.5240656,-0.2319507,0.0681018,-0.0935952
828.0000000,0.5655932,-0.6365482,3.5241595,-0.2343691,0.0608902,-0.0868466
829.0000000,0.5642300,-0.6363232,3.5239978,-0.2437702,0.0523506,-0.0868825
830.0000000,0.5626905,-0.6371439,3.5256351,-0.2535231,0.0377640,-0.0733172
831.0000000,0.5608022,-0.6365907,3.5254787,-0.2461313,0.0373933,-0.0549129
832.0000000,0.5595102,-0.6350501,3.5233874,-0.2254317,0.0183443,-0.0373365
833.0000000,0.5579991,-0.6339999,3.5227901,-0.2255342,0.0208676,-0.0453712
834.0000000,0.5571570,-0.6348625,3.5220309,-0.2405760,0.0192269,-0.0386515
835.0000000,0.5557363,-0.6351134,3.5214496,-0.2293633,0.0319829,-0.0296791
836.0000000,0.5549660,-0.6357008,3.5202396,-0.2257429,0.0390403,-0.0189601
837.0000000,0.5538785,-0.6386708,3.5251859,-0.2368165,0.0091569,0.0065765
838.0000000,0.5527928,-0.6400917,3.5246366,-0.2430018,-0.0047388,0.0236689
839.0000000,0.5510752,-0.6438916,3.5240716,-0.2655061,-0.0175424,0.0501806
840.0000000,0.5498927,-0.6467073,3.5219920,-0.3028507,-0.0195965,0.0546239
841.0000000,0.5487008,-0.6464365,3.5220547,-0.3040573,-0.0286528,0.0483748
842.0000000,0.5441732,-0.6473399,3.5237728,-0.2667552,-0.0253225,0.0525443
843.0000000,0.5379984,-0.6497300,3.5230893,-0.2425829,-0.0411478,0.0632048
844.0000000,0.5286689,-0.6568955,3.5191816,-0.2575711,-0.0516358,0.0962578
845.0000000,0.5147157,-0.6685069,3.5182315,-0.2811274,-0.0672164,0.1416457
846.0000000,0.4980326,-0.6808455,3.5125813,-0.3016548,-0.0636471,0.1948008
847.0000000,0.4773536,-0.6940191,3.5072524,-0.3270868,-0.0461172,0.2442757
848.0000000,0.4535732,-0.7080108,3.5024551,-0.3559368,-0.0283423,0.2914469
849.0000000,0.4252782,-0.7236198,3.4969094,-0.3984368,0.0198092,0.3526304
850.0000000,0.3939209,-0.7398154,3.4968088,-0.4422543,0.0325252,0.4295017
851.0000000,0.3604503,-0.7513486,3.4959793,-0.4728993,0.0503147,0.4837374
852.0000000,0.3215532,-0.7658429,3.4973761,-0.5381999,0.0747749,0.5754180
853.0000000,0.2818246,-0.7756786,3.5028526,-0.5990661,0.0533343,0.6669920
854.0000000,0.2415867,-0.7816213,3.5075800,-0.6520983,0.0506040,0.7473153
855.0000000,0.1985359,-0.7840270,3.5136113,-0.7338355,0.0564332,0.8290810
856.0000000,0.1579185,-0.7823666,3.5201225,-0.8053292,0.0551972,0.9006623
857.0000000,0.1226473,-0.7770997,3.5273644,-0.8625178,0.0368925,0.9339254
858.0000000,0.0888352,-0.7702483,3.5312519,-0.9291242,0.0491817,0.9966777
859.0000000,0.0576820,-0.7618883,3.5378122,-0.9983717,0.0268433,1.0589883
860.0000000,0.0351486,-0.7542027,3.5438349,-1.0327764,0.0275482,1.1114159
861.0000000,0.0184288,-0.7475176,3.5461521,-1.0669041,0.0094228,1.1385422
862.0000000,0.0069885,-0.7405105,3.5482537,-1.0841803,-0.0297669,1.1797681
863.0000000,0.0067382,-0.7356288,3.5492986,-1.0465493,-0.0775543,1.1964643
864.0000000,0.0067258,-0.7327952,3.5451949,-1.0595523,-0.1079863,1.2114111
865.0000000,0.0074959,-0.7305950,3.5407135,-1.0959312,-0.1293163,1.2458674
866.0000000,0.0205989,-0.7321780,3.5287823,-1.0954459,-0.1318276,1.2111668
867.0000000,0.0397401,-0.7331958,3.5163462,-1.0786805,-0.1304261,1.1682351
868.0000000,0.0572519,-0.7335142,3.5060635,-1.0799475,-0.1410497,1.1609205
869.0000000,0.0942588,-0.7340178,3.4918290,-0.9776224,-0.1400986,1.0485373
870.0000000,0.1209664,-0.7334110,3.4807382,-0.9537204,-0.1617852,1.0037594
871.0000000,0.1499052,-0.7319573,3.4690101,-0.9233586,-0.1607030,0.9629677
872.0000000,0.1804895,-0.7304419,3.4554025,-0.9040983,-0.1620563,0.9124788
873.0000000,0.2096548,-0.7260299,3.4456234,-0.8801947,-0.1878873,0.8821500
874.0000000,0.2414098,-0.7208656,3.4306810,-0.8657855,-0.2014110,0.8333098
875.0000000,0.2741756,-0.7145764,3.4181013,-0.8500594,-0.2151713,0.7848868
876.0000000,0.3081770,-0.7066363,3.4059668,-0.8272901,-0.2268948,0.7303983
877.0000000,0.3386068,-0.6993681,3.3907468,-0.8440052,-0.2122525,0.6924595
878.0000000,0.3713737,-0.6893314,3.3801939,-0.8296530,-0.2198881,0.6506215
879.0000000,0.4119897,-0.6729398,3.3730219,-0.7585744,-0.2246373,0.5486179
880.0000000,0.4432459,-0.6611809,3.3621534,-0.7428188,-0.2005410,0.5000664
881.0000000,0.4755802,-0.6473141,3.3524319,-0.7078524,-0.1594616,0.4346706
882.0000000,0.5053658,-0.6349849,3.3427142,-0.6708273,-0.1429078,0.3951108
883.0000000,0.5333591,-0.6244389,3.3338359,-0.6376891,-0.1239589,0.3643268
884.0000000,0.5595477,-0.6137987,3.3247718,-0.6068704,-0.1060623,0.3266518
885.0000000,0.5848970,-0.6030338,3.3125424,-0.5899094,-0.0760685,0.2771318
886.0000000,0.6080542,-0.5940821,3.3034149,-0.5709095,-0.0756390,0.2313683
887.0000000,0.6318517,-0.5859575,3.2904112,-0.5551789,-0.0679826,0.1969072
888.0000000,0.6543865,-0.5778304,3.2797321,-0.5293943,-0.0599817,0.1600771
889.0000000,0.6774707,-0.5702841,3.2709389,-0.5000910,-0.0517394,0.1127115
890.0000000,0.7005472,-0.5612816,3.2594415,-0.4732018,-0.0457065,0.0564814
891.0000000,0.7224441,-0.5532361,3.2508641,-0.4740141,-0.0381199,-0.0034969
892.0000000,0.7451658,-0.5465269,3.2408827,-0.4280021,-0.0481423,-0.0116151
893.0000000,0.7661107,-0.5378381,3.2333833,-0.3882440,-0.0474796,-0.0442038
894.0000000,0.7864726,-0.5292146,3.2257817,-0.3602506,-0.0460728,-0.0736705
895.0000000,0.8057399,-0.5208504,3.2184947,-0.3467573,-0.0478069,-0.1162640
896.0000000,0.8215296,-0.5136191,3.2100949,-0.3192481,-0.0481701,-0.1396148
897.0000000,0.8357201,-0.5089469,3.1993333,-0.3153962,-0.0366101,-0.1633221
898.0000000,0.8484635,-0.5059211,3.1875367,-0.3182842,-0.0281313,-0.1768774
899.0000000,0.8596256,-0.5030559,3.1772590,-0.3248875,-0.0324706,-0.1879687
900.0000000,0.8692024,-0.5001911,3.1619247,-0.3189009,0.0191892,-0.2048571
901.0000000,0.8787627,-0.4953074,3.1450816,-0.3050370,0.0628252,-0.2280735
902.0000000,0.8878157,-0.4904466,3.1284938,-0.2896425,0.1152515,-0.2590921
903.0000000,0.8966165,-0.4854541,3.1119999,-0.2761741,0.1616807,-0.3103703
904.0000000,0.9034753,-0.4825583,3.0965836,-0.2584099,0.2062748,-0.3549735
905.0000000,0.9107485,-0.4843295,3.0827537,-0.2445166,0.2365144,-0.3660169
906.0000000,0.9189100,-0.4846568,3.0664061,-0.2286586,0.2574697,-0.3826028
907.0000000,0.9267852,-0.4862328,3.0509715,-0.2152407,0.2848721,-0.3930922
908.0000000,0.9361405,-0.4869504,3.0356953,-0.1979858,0.2902453,-0.3968044
909.0000000,0.9459486,-0.4880540,3.0206110,-0.1618386,0.2625227,-0.3707399
910.0000000,0.9567397,-0.4875476,3.0024252,-0.1486187,0.2732995,-0.3723016
