-0.7276331,0.4451665,-2.6285460,1.9285128,-1.5949369,0.0991979
-1.7623481,0.1769178,-2.5469577,-0.8807167,0.9631911,-1.0961346
-0.5623570,0.5616569,-2.6288273,-0.7006841,-2.8203487,-1.1934317
-0.4913108,0.6215601,-2.7393114,1.6411639,-0.6136408,-1.9413969
-1.6594935,0.3427871,-2.6959143,-0.7161914,0.9176777,-1.2044657
-0.9217988,0.1954575,-2.6768893,0.2355551,-0.9987000,2.8768961
-0.4333932,0.6772197,-2.7273100,1.8629858,-0.9907412,-1.4281772
-1.5306443,0.4345339,-2.5489910,1.6377617,-1.0109266,-1.3762605
-0.3796058,0.7281829,-2.8056961,2.0464610,1.3303425,0.5627883
-0.8883581,0.2467834,-2.7222399,-1.3577285,0.8698311,0.9231386
-1.5044254,0.4977763,-2.6069484,-1.1959555,-0.3775125,-0.1317101
-0.2662648,0.2309259,-2.9491188,1.3625194,-1.6636273,1.4782316
-0.8855521,0.4671038,-2.7079973,0.1468300,1.0642839,0.3735865
-0.3685408,0.9422557,-2.7929396,1.2334792,1.9529609,0.6804293
-1.5012309,0.7274420,-2.6098836,-0.6656237,0.2764243,0.0512438
-0.3370987,0.7612211,-2.8315660,1.8795556,-1.5818582,-0.0833563
-0.8591944,0.2823126,-2.7623508,-0.8057859,1.0830800,-0.9964641
-1.4845605,0.5469503,-2.6664698,-1.2096154,0.6561276,1.1256223
-1.4717772,0.7636417,-2.6227157,-1.1404596,1.2135817,-0.5553056
-0.3042360,0.7818820,-2.8414113,-0.1343173,-2.9923598,-0.9472834
-0.8328879,0.3090236,-2.7603236,-0.7541300,1.0605346,-1.0495873
-1.4540595,0.5808645,-2.6696316,-1.1349683,0.5506941,1.1824728
-1.4458614,0.7956095,-2.6291469,-1.2490628,0.7297711,0.9963366
-0.8350763,0.5201439,-2.7202044,-1.3076382,1.1900047,-0.0548618
-0.2790259,0.8041624,-2.8422410,1.6278494,-1.6993724,0.8474580
-0.8109445,0.3361777,-2.7650819,0.1153094,1.1041881,0.3528991
-1.4286433,0.6141465,-2.6751022,-1.8242428,-1.6459005,-0.6338109
-1.4194500,0.8314885,-2.6325496,-1.6939082,-1.3124061,-0.5269412
-0.2540991,0.8327972,-2.8348601,-0.9208470,-1.9053306,-0.6234753
-0.7871951,0.3692932,-2.7650238,0.4945406,1.4613225,0.4517084
-1.3891487,0.6493433,-2.6447550,1.7524442,-1.3105143,-0.6716240
-1.3926371,0.8626810,-2.6367614,0.1136215,1.0634891,0.3407890
-0.7863455,0.5799258,-2.7270160,-0.6442704,1.0418058,-1.1036126
-0.1813763,0.3248497,-2.9888320,1.0686250,-1.5479991,1.9416779
-1.2820360,0.1326305,-2.7057865,-1.1639094,0.5929438,1.1271236
-0.2537306,1.0393735,-2.8040935,-0.7986996,-2.5442089,-0.7581747
-0.2250982,0.8626478,-2.8845238,1.1876642,-1.6154407,1.7667778
-0.7633639,0.3978820,-2.7565432,-0.3178071,0.8115671,-1.3436333
-1.3833217,0.6822405,-2.7003866,0.6581199,1.5187067,0.5212494
-1.3679123,0.8909116,-2.6388044,0.1072798,0.4818737,-1.4913091
-0.7643660,0.6045786,-2.7263276,-1.4542733,-0.9128874,-0.4551289
-0.1626172,0.3464673,-3.0004713,2.6240992,-1.6854188,-0.3782477
-0.2304219,1.0612440,-2.8101011,1.6220394,-0.9092944,-1.6113917
-1.2651683,0.1614466,-2.7185373,1.0293671,1.7605000,0.6472740
-0.2026110,0.8844852,-2.8863879,-0.3793249,-2.9887022,-0.8907167
-0.7429371,0.4235624,-2.7667800,0.9966793,1.7252145,0.6374361
-1.3664275,0.7120169,-2.7249005,-1.8399242,-1.6491821,-0.6432313
-1.3472002,0.9194949,-2.6408336,-1.7800372,-1.4991696,-0.6250624
-0.1467927,0.3680446,-3.0066221,0.3912108,0.5807332,-2.9612747
-0.7452749,0.6291372,-2.7260265,-1.4173271,-0.8542322,-0.4404905
-0.2108471,1.0835396,-2.8168490,1.7101489,-1.1044052,-1.2440822
-1.2500779,0.1895947,-2.7266597,0.8646502,1.6419849,0.5981072
-0.1857253,0.9044372,-2.8736721,1.1972572,1.1338726,0.3540121
-0.7280111,0.4468415,-2.7962403,-0.6805825,1.0551099,-1.0845100
-1.3382238,0.7395089,-2.7016893,-1.8395463,-1.6480047,-0.6847068
-1.3311070,0.9460285,-2.6424272,-0.8445558,1.1316002,-0.9368339
-0.1721878,0.9249343,-2.8716001,1.0142177,1.1519118,0.3434792
-0.7131755,0.4713183,-2.7846317,-1.0185082,1.2064533,-0.6602822
-1.3268067,0.7673992,-2.7168693,0.3797931,1.2996000,0.4230608
-1.3205181,0.9709493,-2.6405063,-0.7676497,1.0978500,-1.0127766
-0.1881026,1.1250962,-2.8236866,-0.9219436,-1.3633904,-0.3665162
-0.7235073,0.6752114,-2.7318943,0.7808693,1.5227039,0.5826707
-0.1624991,0.9483442,-2.8917990,1.6585130,-1.6079107,0.6371506
-0.7042867,0.4956366,-2.7637254,-0.4601770,0.7674625,-1.3692883
-1.3140849,0.7917913,-2.7058635,-1.1866574,0.6439631,1.0558195
-1.3137368,0.9948618,-2.6326906,-1.8075785,-1.5546696,-0.6740431
-0.7209915,0.6968533,-2.7344279,-1.4530571,-0.9070033,-0.4732556
-0.1840540,1.1444660,-2.8285728,1.6835603,-1.1129771,-1.2163670
-0.1612022,0.9656296,-2.8814317,1.7421629,-1.5488286,0.1514936
-0.1176915,0.2394994,-3.1857300,1.2026150,-0.2833829,-2.4303298
-0.6995105,0.5156562,-2.7322014,-0.8886931,1.1880459,-0.7829617
-1.3022403,0.8146542,-2.6784826,-1.0417358,1.2221180,-0.5970802
-1.3175466,1.0211478,-2.6359121,-1.4604234,-0.8598583,-0.4206066
-0.7263573,0.7195875,-2.7425511,-1.4526171,-0.8911335,-0.4625628
-0.1871327,1.1639580,-2.8297020,1.3629839,1.1451048,0.3065432
-0.1658351,0.9842805,-2.8740732,-0.9148058,-1.5510094,-0.4213037
-0.1183363,0.2543527,-3.2206842,1.7888898,-1.2478830,-1.0367997
-0.7071457,0.5377125,-2.7547318,-0.7897882,0.0721656,1.4012290
-1.2084740,0.1166783,-2.7286162,-1.4067012,-0.8707127,-0.4658206
-1.3073335,0.8408891,-2.6842438,-0.6587488,1.0760134,-1.0678162
-0.1755334,1.0036331,-2.8736935,1.1083296,1.1215558,0.3124903
-0.1296573,0.2720117,-3.2091563,1.6203826,-0.8814816,-1.7224708
-0.7178844,0.5595005,-2.6935910,-0.6372666,1.1145130,-1.0200660
-1.2221807,0.1421682,-2.7152880,-1.1551750,0.5741972,1.0860985
-1.3026722,0.8582972,-2.6309015,1.1148236,-1.8592760,1.6723568
-0.7577934,0.7608184,-2.7444410,-1.0545074,1.2283945,-0.5965829
-1.2773796,0.3367849,-2.7470806,-1.5510823,-1.0199136,-0.4764869
-1.3360486,1.0635122,-2.5983784,-0.2071767,-0.4336202,1.4955110
-0.1902357,1.0221030,-2.8821226,-0.9314467,-1.6285620,-0.4535804
-0.1497492,0.2900648,-3.1664359,2.0015739,1.1866743,0.4409936
-0.7412595,0.5790540,-2.7495404,-0.5482032,1.0481233,-1.1232764
-1.2597440,0.1548760,-2.7745958,-0.7967499,0.1249352,1.4128482
-1.3337107,0.8869126,-2.6677602,-1.0781551,-2.0315483,-0.7665542
-0.2119952,1.0366324,-2.8688532,1.8823346,1.1738405,0.3814866
-0.1736864,0.3080526,-3.1342821,1.4157786,-1.6682258,1.2564740
-0.7745257,0.6014769,-2.8256334,-1.4169474,1.1035897,0.5454687
-1.3484044,0.9051769,-2.6394965,-0.6358610,1.0757439,-1.0779818
-1.2862856,0.1774775,-2.7724267,-1.1676007,0.6159433,1.0841827
-0.2372059,1.0504059,-2.8470482,0.7186752,-1.3489713,2.3620981
-0.1978010,0.3227969,-3.1222201,-0.0485406,-3.0327680,-0.8182706
-0.7988970,0.6205235,-2.7882689,0.5681544,1.6078170,0.4024832
-1.3702507,0.9259432,-2.6229634,-1.1652205,0.6263265,1.0529801
-1.3186894,0.1986028,-2.7733456,-0.6370051,1.0434058,-1.1142786
-1.4056495,1.1271078,-2.5692921,0.8859030,1.6080558,0.5832243
-0.8398378,0.8202570,-2.7578364,1.8928053,-1.5181565,-0.5764391
-0.2792266,1.2460404,-2.7982423,2.6071145,-1.7205183,-0.3352236
-1.3691966,0.4006448,-2.7518025,-1.2147076,0.7148546,1.0118613
-0.2628606,1.0697340,-2.8598296,-0.9654058,-1.2817842,-0.4047620
-0.2271273,0.3386877,-3.1079292,2.1031280,1.1916604,0.4928073
-0.8311319,0.6386809,-2.7981517,-0.6178644,1.0681048,-1.0949111
-1.3969839,0.9465717,-2.6124917,2.1121633,1.2572012,0.7088727
-1.3471166,0.2213349,-2.7589101,0.7489623,1.5049627,0.5606799
-0.2935919,1.0839764,-2.8384406,-1.8285873,-1.4644635,-0.5058760
-0.2581182,0.3541873,-3.1041712,-0.9874538,-1.6317781,-0.5341193
-0.8590378,0.6592872,-2.7741696,-0.0753668,0.4516653,-1.5073959
-1.4175084,0.9647915,-2.5787760,-1.0102933,-1.2654863,-0.5559206
-1.3526452,0.2536026,-2.6656854,1.7967321,-0.9116704,-1.7466751
-0.9028694,0.8606376,-2.7468384,1.0054321,-1.6680874,1.8872241
-0.3347662,1.2812952,-2.7876359,1.4286147,-1.6575235,1.2195144
-0.3228243,1.1020711,-2.8401769,-1.1613534,1.2527897,-0.5261652
-0.2962248,0.3747121,-3.0288453,1.0178979,-1.6703532,1.8904443
-0.8911895,0.6766335,-2.7512850,-0.6297562,1.0936365,-1.0618842
-1.4391456,0.9833336,-2.5390369,1.3345398,1.0947726,0.5743890
-1.3969307,0.2719693,-2.6835016,1.0092784,-1.7540359,1.8450899
-1.4861937,1.1918909,-2.5066694,1.3017163,1.0964819,0.4914562
-0.3659527,1.2951480,-2.7753811,1.1191236,1.1027146,0.3623851
-0.9383774,0.8816203,-2.7468150,1.8284948,-1.6358228,-0.1607556
-0.3556779,1.1240951,-2.8638929,-1.3438840,1.0683039,0.4717986
-0.3355929,0.3911691,-3.0162432,-1.0337109,-2.0177307,-0.7034681
-1.4743629,1.0090986,-2.5324377,1.4826659,-0.8427443,-1.7523606
-0.9235810,0.6959271,-2.7328720,1.7766527,-0.8877961,-1.7860267
-1.4378361,0.2942091,-2.6797668,0.3490369,-1.4165236,2.5333178
-1.5203476,1.2151584,-2.4929428,1.4419187,1.1207347,0.5083757
-0.4009399,1.3102820,-2.7725141,1.6459805,-0.9399035,-1.6708518
-0.3938593,1.1357068,-2.8447499,-1.1588652,0.6426255,1.0738959
-1.4903659,1.0232225,-2.4762888,2.7237272,-1.5228277,-0.3631949
-0.3767082,0.4051293,-3.0409635,2.1268289,1.2204765,0.6088908
-0.9624125,0.7153310,-2.7166839,-1.0177363,-1.0937796,-0.4912241
-1.4632291,0.3197933,-2.6268060,0.9958258,-1.7363050,1.8440558
-0.4349404,1.1457074,-2.8206638,-0.5845805,1.0392289,-1.1671508
-1.5320836,1.0453651,-2.4724454,1.7635764,-0.8294695,-1.9105216
-0.4249620,0.4200390,-3.0170304,0.9887420,-1.7604899,1.8527603
-1.0015002,0.7315237,-2.7044133,-1.1732344,-2.2152811,-0.8568725
-1.5046193,0.3400564,-2.6070100,-1.1075882,-2.2271663,-0.7850702
-0.4775284,1.1483122,-2.7819811,-1.1437981,0.6876601,1.0842189
-1.5693148,1.0625777,-2.4487755,1.3802422,-1.8810359,1.1855532
-1.5472611,0.3564348,-2.5849128,1.7115817,-0.8651541,-1.8441339
-0.4747766,0.4316142,-2.9772815,1.5091736,-1.8638197,0.9863244
-1.0461771,0.7458369,-2.7005220,1.0815750,1.0504907,0.4998370
-1.0985607,0.9455799,-2.6984318,-0.2294830,-3.0310880,-0.7933773
-0.5162922,1.3401488,-2.7431953,1.3831478,1.1066333,0.4499267
-1.6209053,1.2675915,-2.4135919,1.7326840,-2.5923310,-0.3837068
-1.6177550,1.0849120,-2.4481533,-1.0974423,-2.1609309,-0.7426441
-0.5186701,1.1589379,-2.7872067,0.6420558,0.6792005,-2.9533848
-1.6194937,0.3701540,-2.6273225,-1.3436165,0.9524512,1.1091986
-1.1005085,0.7637573,-2.7407217,1.6900398,-0.8420649,-1.8737432
-0.5247430,0.4417876,-2.9803382,1.6833323,-1.7976730,0.4990198
-1.1395090,0.9592844,-2.6883695,1.8005924,-1.6602522,-0.1282086
-1.6536928,1.2833195,-2.3929752,-1.0752203,-2.0833376,-0.6895395
-0.5555941,1.3490663,-2.7403565,1.7522266,-1.0646837,-1.5328889
-1.6721086,0.5640371,-2.5869798,-0.2172793,-3.0306025,-0.7986505
-0.5711280,0.6372688,-2.9301575,1.7069434,-0.9001103,-1.7951300
-1.6733178,1.1111281,-2.4683789,-0.7512292,-2.9332761,-0.8373473
-0.5595318,1.1641212,-2.7702845,1.7520412,-0.9042914,-1.7814669
-1.6863872,0.3828610,-2.6563102,-1.0138860,-1.1452167,-0.4280241
-1.1489869,0.7798766,-2.7499937,-1.0685994,-2.0316307,-0.6784557
-0.5757813,0.4518781,-2.9994204,0.3384530,-1.3331471,2.5563412
-1.1795027,0.9696311,-2.6776194,1.7052376,-0.9843754,-1.6846355
-0.5937698,1.3542897,-2.7311647,2.1232718,1.1829933,0.5966109
-0.6178108,0.6446234,-2.9311876,1.0754952,-1.7139758,1.7357439
-1.6847465,1.2954287,-2.3712829,-0.4584417,-0.7639878,2.9999469
-1.7132782,0.5775116,-2.5709053,1.1186248,1.0704040,0.4234289
-1.7050898,1.1228761,-2.4444352,2.2134538,1.1790749,0.6437181
-0.6019759,1.1776806,-2.7968936,2.0668786,1.1947690,0.6395965
-1.7251322,0.3966052,-2.6301892,1.6642098,-1.7714906,0.4848302
-1.1929540,0.7910209,-2.7454723,2.8056332,1.2217574,0.7108697
-0.6251236,0.4581493,-3.0159489,-1.0499674,-1.8807558,-0.6166350
-1.2137913,0.9765434,-2.6643684,0.4944722,0.6591253,-3.0129764
-0.6264503,1.3561621,-2.7197517,1.2634192,-0.2195149,-2.5265954
-0.6580717,0.6483948,-2.9280441,2.9945147,0.7046911,0.6371002
-1.7128470,1.3054461,-2.3516413,1.7417094,-1.0167838,-1.6649636
-1.7487376,0.5876772,-2.5528616,2.1167891,1.1677366,0.5866358
-1.7378621,1.1337776,-2.4286535,1.3095869,1.0774727,0.4485248
-0.6373778,1.1821272,-2.7931872,1.0700652,1.0775951,0.4283225
-1.7770868,0.4046256,-2.6396701,1.7917625,-1.6235405,-0.1890875
-1.2303798,0.7975757,-2.7341783,1.6837853,-0.8940194,-1.8347626
-0.6672799,0.4631850,-3.0021148,1.2223948,1.0698960,0.4433869
-1.2427455,0.9844134,-2.6585990,1.1384561,1.0645298,0.4148412
-1.7362066,1.3158066,-2.3411480,0.9901001,-1.6876602,1.8242595
-0.6536993,1.3602634,-2.7193336,1.7037058,-0.9466034,-1.7387986
-1.7789924,0.5988700,-2.5435407,2.0553263,1.1577031,0.5750849
-0.6925087,0.6540017,-2.9315851,1.6595015,-0.8588716,-1.8717679
-1.7613390,1.1440064,-2.4158231,1.7263936,-1.0154259,-1.6675782
-0.6661152,1.1838157,-2.7813336,2.0506932,1.1742454,0.5917926
-1.8028329,0.4175912,-2.6184924,1.6691790,-0.9363651,-1.7475127
-1.2624396,0.8065912,-2.7381046,-1.0355840,-2.2214452,-0.6628174
-0.7037343,0.4691115,-3.0048069,0.2905354,-1.2888544,2.5940810
-1.2687902,0.9921276,-2.6563283,0.9928567,-1.6363464,1.8523954
-1.8051232,0.6085499,-2.5357369,1.6627012,-0.9159523,-1.7934226
-0.6774020,1.3636635,-2.7152626,2.0840858,1.1700538,0.6037389
-1.7584438,1.3263194,-2.3361058,0.9655716,-1.6727476,1.8559376
-0.7219724,0.6587269,-2.9312149,2.1395724,1.1621879,0.6093397
-1.7762045,1.1492536,-2.3946675,0.8572117,-1.6376573,1.9889343
-0.6935566,1.1945052,-2.8062369,1.8375649,-1.5973002,-0.4135047
-1.8304375,0.4269666,-2.6101701,1.6032167,-1.7480293,0.6466206
-1.2928751,0.8156350,-2.7419627,-0.2032980,-0.3245804,1.5234545
-0.7348160,0.4734691,-3.0100204,1.8450945,-1.5202045,-0.6376256
-0.7425987,0.6614232,-2.9277873,1.6214362,-1.7806166,0.5787922
-1.7721906,1.3335386,-2.3259627,1.7962913,-1.6654842,-0.2053726
-1.2863587,0.9972486,-2.6498966,1.0936472,1.0739524,0.3973873
-0.6935752,1.3662584,-2.7102758,2.1625753,1.1713741,0.6179490
-1.8224592,0.6155242,-2.5248750,2.2255133,1.1554956,0.5971373
-1.7913060,1.1568041,-2.3841730,1.1609065,1.0467717,0.4500866
-0.7105557,1.1922447,-2.7774528,0.5615923,1.2276914,0.4067518
-1.8510359,0.4335984,-2.6035559,-1.0237738,-2.0603748,-0.6119078
-1.3060637,0.8181420,-2.7176873,1.6369586,1.1130188,0.4831483
-0.7556318,0.4767234,-2.9903627,1.5859698,-0.7515232,-2.0187461
-1.2990755,1.0018070,-2.6495193,1.8425489,1.1269867,0.5282131
-0.7043651,1.3678413,-2.7099976,0.7293321,-1.5457682,2.1730900
-1.8370647,0.6223923,-2.5246962,2.0448950,1.1443439,0.5658585
-0.7575889,0.6641675,-2.9300380,2.2901792,1.1622822,0.6342510
-1.7820553,1.3399679,-2.3239104,0.2381094,-1.2507866,2.6141850
-1.8056935,1.1663746,-2.3898709,1.6704957,-1.5324437,0.1993258
-0.7229447,1.1983222,-2.7981170,-1.0807022,-2.1474021,-0.6986233
-1.8635580,0.4415595,-2.5967679,1.6956159,-1.0076728,-1.6711637
-1.3218686,0.8238782,-2.7222056,1.0521751,-1.6596896,1.7584416
-0.7724652,0.4788532,-3.0026815,2.1162537,1.1570775,0.5949635
-1.3070207,1.0080701,-2.6519358,1.1744938,-1.6973975,1.5645712
-0.7106693,1.3725465,-2.7148607,2.0231273,1.1584092,0.6012891
-0.7667088,0.6684989,-2.9300330,1.2303106,-1.7489375,1.4602357
-1.7872443,1.3472707,-2.3253749,2.4607281,1.1632139,0.6825542
-1.8470338,0.6304683,-2.5285178,1.1871524,-1.7109734,1.5481014
-1.8168760,1.1751022,-2.3990072,-1.0125840,-2.3778775,-0.6628120
-0.7292868,1.2010819,-2.7961427,-1.0186586,-1.1398879,-0.4449401
-1.8730652,0.4490467,-2.5976059,1.9059654,1.1363556,0.5189530
-1.3304707,0.8316671,-2.7278544,-1.0005929,0.5239249,1.2824113
-0.7814211,0.4840490,-2.9973795,1.2956045,1.0690297,0.4493610
-1.3102210,1.0123656,-2.6541688,1.8514685,1.1209446,0.5093195
-1.7865901,1.3517763,-2.3234649,2.2198121,1.1458997,0.6481440
-0.7125132,1.3745928,-2.7131568,2.9984467,0.6799664,0.6454204
-1.8538520,0.6371608,-2.5383580,0.2888820,-1.2444688,2.6049108
-0.7730993,0.6723442,-2.9368011,2.4186208,1.1672328,0.6610383
-1.8175460,1.1796400,-2.3981562,1.6443591,-0.8758527,-1.8846455
-0.7312654,1.2007587,-2.7831737,1.7092873,-0.9849439,-1.6994967
-1.8918641,0.4551452,-2.6281331,-0.9911341,-2.3473853,-0.6540615
-1.3359681,0.8364539,-2.7315925,-1.2652985,1.3025692,-0.4360597
-0.7917823,0.4881760,-3.0328235,-1.0335292,-2.3936394,-0.6948622
-0.7096602,1.3750964,-2.7077188,2.0963344,1.1574463,0.6057070
-1.3078834,1.0147617,-2.6501452,0.8911405,-1.5691734,1.9901183
-1.7842733,1.3559096,-2.3197702,-1.0384993,-1.3828240,-0.4886023
-0.7697718,0.6725835,-2.9298361,1.6991886,-0.9897115,-1.7088845
-1.8500208,0.6400374,-2.5279302,-0.3563016,-3.0337127,-0.7343303
-1.8074904,1.1807327,-2.3809112,1.8112870,-1.6471882,-0.3358548
-1.8618989,0.4598270,-2.5706909,1.6511929,-0.9388148,-1.7743132
-0.7284101,1.2022396,-2.7810792,1.4179596,1.0927265,0.4989246
-1.3236284,0.8342985,-2.6971486,1.1657893,-1.7242182,1.5547638
-0.7875949,0.4870536,-3.0144437,1.0766113,-1.6788659,1.7213043
-0.7663512,0.6751373,-2.9295338,0.1840834,-1.2014500,2.6655645
-1.8459828,0.6453678,-2.5263431,1.5941622,-0.8084510,-1.9587342
-0.7045572,1.3785022,-2.7120582,1.3965573,1.0847953,0.4779583
-1.7810453,1.3614039,-2.3223260,2.3980985,1.1508460,0.6723019
-1.3036875,1.0186967,-2.6503944,1.6321461,-0.9192367,-1.8114872
-1.8051234,1.1864550,-2.3841434,0.5308604,0.6482094,-3.0238716
-0.7231737,1.2038323,-2.7788077,0.9893925,-1.6892964,1.8234073
-1.8809596,0.4638883,-2.6091193,1.6153349,-1.7538454,0.5653248
-1.3237351,0.8393700,-2.7100096,1.7572667,-1.6072778,-0.2150404
-0.7846831,0.4907216,-3.0082700,2.8212752,1.1706659,0.7345420
-1.3006521,1.0259898,-2.6573496,1.7401088,-1.1537550,-1.4470691
-0.7632628,0.6810164,-2.9337077,1.9343598,1.1358189,0.5774761
-0.7007711,1.3858390,-2.7270988,1.2178111,1.0578902,0.4492529
-1.8453462,0.6543295,-2.5348136,-1.0420112,-1.1066029,-0.4037325
-1.8037234,1.1961774,-2.3974932,0.4734951,-1.3960199,2.4088505
-1.8635498,0.4738549,-2.5850769,2.3663459,1.1142656,0.5711467
-0.7203754,1.2114102,-2.7942013,1.8494158,-1.4979271,-0.7326472
-1.3190777,0.8461731,-2.7099443,1.1376579,-1.6461824,1.6386207
-0.7787935,0.4968344,-2.9856702,-1.0873546,-2.3091553,-0.7225264
-1.7685051,1.3712550,-2.3283806,1.7321335,-1.0658061,-1.6232657
-1.2925522,1.0255618,-2.6528001,3.0931090,0.2075039,0.5091399
-0.7565054,0.6790917,-2.9265649,1.7562026,-1.1240727,-1.5075736
-0.6918524,1.3833756,-2.7176995,-1.0711607,-2.1502506,-0.6698222
-1.8397200,0.6558640,-2.5360041,1.7472260,-1.6940007,0.0139098
-1.8070253,1.2026528,-2.4132580,-1.0606248,-1.8581229,-0.5754317
-0.7109994,1.2081866,-2.7826557,3.0886842,0.1186824,0.5617371
-1.8667711,0.4749669,-2.6036877,1.6355320,-1.7548251,0.4819290
-1.3085378,0.8449231,-2.6973978,1.5886613,-0.8720351,-1.8779406
-0.7759501,0.4943312,-3.0079444,-0.5359769,-3.0010864,-0.7588237
-0.7500575,0.6803389,-2.9281000,1.6709415,-0.9259470,-1.8109578
-1.7614128,1.3738490,-2.3306651,1.1181724,1.0494113,0.4311644
-1.2861481,1.0278066,-2.6551991,-1.0301553,-2.2554955,-0.6356880
-0.6849728,1.3851755,-2.7214729,1.1246789,1.0568086,0.4302728
-1.8348577,0.6590651,-2.5409100,-1.0483733,-2.4393314,-0.7009320
-1.7924743,1.2025626,-2.4031874,1.2686067,1.0539224,0.4486268
-0.7054909,1.2139627,-2.8004685,-1.0198308,-1.2180551,-0.4597660
-1.8576475,0.4780639,-2.6004582,1.8184152,-1.4673506,-0.7583111
-1.3112359,0.8502788,-2.7262755,1.7059131,-1.1555273,-1.4221005
-0.7678502,0.4959919,-2.9977965,1.0648704,1.0789336,0.4153708
-1.2795557,1.0291001,-2.6568219,-1.0160606,-1.3072650,-0.4337007
-1.8267843,0.6601549,-2.5399109,1.1312671,1.0590425,0.4129088
-0.6782729,1.3867987,-2.7227285,1.6922075,-0.9508375,-1.7666426
-0.7431269,0.6816111,-2.9303171,1.7853877,-1.6750909,-0.1637704
-1.7559414,1.3754866,-2.3331342,2.8210472,1.1507739,0.7661699
-1.7867354,1.2040315,-2.4073261,1.4987336,-1.5864887,0.9285129
-0.6964869,1.2093606,-2.7784528,1.5839888,-1.7991191,0.6746617
-1.8618409,0.4791862,-2.6223609,0.4755523,-1.3259867,2.4642532
-1.3038113,0.8508237,-2.7256880,-1.0422802,-1.9071083,-0.5655823
-0.7621617,0.4983494,-2.9994952,-1.1133655,1.2877217,-0.6154320
-1.7687205,1.1976886,-2.3835551,-1.1779337,-2.2934040,-0.7406434
-0.6934805,1.2151633,-2.7880600,1.0579474,-1.6899605,1.7376090
-1.8453623,0.4800759,-2.6007850,1.9082871,1.1322178,0.5567522
-1.2972920,0.8522046,-2.7190539,-1.0271503,-1.2774620,-0.4658979
-0.7588949,0.5002376,-3.0209950,1.6992436,-0.8914066,-1.8669302
-0.7392828,0.6864640,-2.9355020,1.7017776,-0.9909231,-1.7131237
-1.2760052,1.0314858,-2.6566489,-1.0697318,-2.8499869,-0.7764361
-1.7755677,1.1986736,-2.3851867,-1.1134791,-2.1477155,-0.6788638
-0.6944204,1.2164832,-2.7861909,-1.0404371,-1.0794227,-0.4783487
-1.8440481,0.4785243,-2.5984643,1.1487560,-0.2104729,-2.5936307
-1.2921577,0.8508739,-2.7039878,-0.8028172,1.0873685,-1.0991575
-0.7559352,0.5017849,-3.0094803,3.0727657,0.2788936,0.5915518
-0.7439593,0.6909666,-2.9481211,1.6516597,-0.8795164,-1.8667017
-1.2798421,1.0325741,-2.6602384,1.0587702,-1.6652280,1.7385204
-1.7809188,1.1990609,-2.3900766,2.3496470,1.0849570,0.4261266
-0.6981599,1.2122020,-2.7593428,1.3684504,1.7933067,0.6733839
-1.8659819,0.4778254,-2.6373999,-1.7687341,-1.0714792,-0.2050627
-1.2970768,0.8521535,-2.7123173,-1.0479478,-1.8489834,-0.5569748
-0.7600490,0.5068586,-3.0104721,1.6768652,-0.9128676,-1.8259617
-0.7489602,0.6935727,-2.9491668,1.5808699,-0.7485409,-2.0300457
-1.2850415,1.0311727,-2.6579185,1.2179077,1.0608615,0.4183747
-1.8249003,0.6535854,-2.5316261,1.7937380,-2.5609052,-0.3063869
-0.6916364,1.3954320,-2.7235435,1.6486448,-0.8659419,-1.8669515
-1.7895348,1.1959944,-2.3929178,1.5899388,-0.9872310,-1.6267930
-0.7071116,1.2180702,-2.7781207,1.8386721,-1.6411176,-0.3360607
-1.8595098,0.4727839,-2.6204750,2.6702187,1.1588132,0.6063601
-1.2974288,0.8500091,-2.6988989,2.5772726,-1.7964450,-0.0074679
-0.7635939,0.5096121,-2.9990461,1.1029021,1.0627452,0.4155186
-1.2959857,1.0316296,-2.6596393,1.0524691,-1.6586020,1.7595711
-0.7599929,0.6981522,-2.9584825,2.0815608,1.1515307,0.5911931
-1.8282597,0.6498592,-2.5220997,1.1957021,-1.7236272,1.5343039
-0.7048715,1.3989679,-2.7272000,2.4216992,1.1845091,0.6478402
-1.8013416,1.1932035,-2.3926702,0.9441772,-0.1519062,-2.6307348
-0.7222882,1.2279055,-2.8073696,1.7338301,-0.9059796,-1.8233708
-1.8498734,0.4703172,-2.5861511,2.2572408,1.1542553,0.6002388
-1.3091370,0.8502362,-2.7012779,1.7667942,-1.7159826,-0.0213906
-0.7780136,0.5127707,-3.0632849,1.6888109,-1.7470777,0.3074677
-1.3053874,1.0265988,-2.6489562,-0.0997121,-3.0582424,-0.7119097
-0.7700591,0.6980524,-2.9590159,2.1059230,1.1537443,0.5854754
-1.8375618,0.6412917,-2.5164271,2.2232754,1.1575916,0.5939323
-0.7192287,1.3983857,-2.7200563,1.1962287,1.0677416,0.4341467
-1.7913967,1.3592250,-2.3179237,1.2299659,-1.7508658,1.4574889
-1.8127790,1.1836502,-2.3817478,1.2209075,1.0553782,0.4485709
-1.8719208,0.4613321,-2.6068447,2.1288248,1.1412753,0.5105398
-0.7444610,1.2476507,-2.8785758,0.6717633,1.3952948,0.4561303
-1.3276569,0.8497939,-2.7247166,0.7116089,-1.4698604,2.2248272
-0.7835571,0.5137646,-3.0304998,2.0658648,1.1486369,0.5778436
-0.7871876,0.6994267,-2.9660889,-0.3568136,-0.7834040,2.9954020
-1.3240756,1.0236234,-2.6575394,1.5957837,-0.8084381,-1.9417266
-1.8297867,1.1761760,-2.3863458,0.5418450,0.2709291,-2.9086028
-1.8846751,0.4530361,-2.6075174,2.3515224,1.1544720,0.5810855
-0.7667056,1.2532241,-2.9045732,2.1839139,1.1676483,0.6765364
-1.3329538,0.8419220,-2.6967322,-0.9955097,-1.3991187,-0.4299603
-0.8024634,0.5142761,-3.0582182,1.2080806,-1.7283617,1.5237867
-1.3341587,1.0190065,-2.6546188,1.6435034,-0.9054180,-1.8008978
-0.7539215,1.3987007,-2.7293210,1.2258670,-0.1839170,-2.5568731
-0.7959411,0.6987595,-2.9658142,-1.0318821,-2.1107478,-0.6488230
-1.8224999,1.3433061,-2.3199839,1.5185626,1.1064396,0.4869337
-1.8614118,0.6254785,-2.5201995,0.9725402,-1.6129458,1.9081705
-1.8312872,1.1637318,-2.3663783,1.0982700,1.0590791,0.4366172
-1.8966365,0.4437684,-2.6149513,-0.9656255,-2.2695949,-0.6484460
-0.7684828,1.2257889,-2.7979907,-1.3983510,-0.7556779,-0.5469626
-1.3515448,0.8411280,-2.7228113,1.6155023,-0.8853918,-1.8273851
-0.8079892,0.5131148,-3.0439703,-1.0092454,-2.1523682,-0.6343681
-1.3503204,1.0125880,-2.6562909,2.2319549,1.1579397,0.5733778
-0.8102534,0.6955098,-2.9679596,1.7047425,-1.0069277,-1.6389134
-0.7731761,1.3966056,-2.7356431,1.6507630,1.1415215,0.5163380
-1.8420927,1.3345314,-2.3239797,1.1438433,1.0676363,0.4148202
-1.8748228,0.6147984,-2.5189235,1.6937189,-1.0002070,-1.6417300
-1.8540736,1.1567291,-2.3765558,1.2098264,-1.7299201,1.5120541
-1.8977652,0.4335279,-2.5923760,-0.9962068,-1.2117841,-0.4113527
-1.3607066,0.8325873,-2.7066878,0.0727736,1.0823702,0.2590948
-0.7859034,1.2210368,-2.7929724,-0.4436285,-0.2885832,1.4790994
-0.8236828,0.5096466,-3.0583122,-1.0066255,-2.3427350,-0.6767713
-0.7910008,1.3928979,-2.7342251,2.8467079,1.1466752,0.6715612
-1.3664284,1.0068081,-2.6567046,1.0740764,-1.6507432,1.7649332
-1.8883591,0.6056409,-2.5174755,1.6192952,-0.8550054,-1.8503496
-0.8251555,0.6923595,-2.9661697,1.0984673,-1.6691251,1.7297279
-1.8571097,1.3250369,-2.3204765,-0.4491093,-3.0087323,-0.7844967
-1.8768718,1.1510019,-2.3862575,-1.0083924,-2.2396879,-0.6679342
-1.9059919,0.4245491,-2.5833068,-1.0030438,-1.9481653,-0.5995907
-0.8061064,1.2239885,-2.8183821,-0.5475686,1.0935188,-1.1152225
-1.3749155,0.8262351,-2.7016968,-1.0119039,-2.3311329,-0.6881075
-0.8379354,0.5059538,-3.0564137,1.7257688,-1.0935233,-1.4921442
-0.8105098,1.3921000,-2.7399206,2.2514239,1.1957657,0.6027062
-1.3819929,1.0013803,-2.6537130,-1.0147452,-2.0408166,-0.6203837
-0.8412317,0.6901457,-2.9678856,-1.0183404,-1.9625955,-0.6100067
-1.8752902,1.3185907,-2.3213313,-0.2863761,-0.8230264,2.9811826
-1.9015390,0.5978868,-2.5139650,-0.9914480,-2.3178154,-0.6878515
-1.8949833,1.1437235,-2.3878269,-1.0413044,-1.7932391,-0.5894133
-1.9130357,0.4168300,-2.5708738,1.7518681,-1.6766083,0.0978587
-0.8226624,1.2209141,-2.8200754,2.5112927,1.2246703,0.6629642
-1.3958734,0.8218953,-2.7166154,1.5541466,-1.7364953,0.8123976
-0.8520065,0.5039465,-3.0486843,1.9894702,1.1653609,0.5510212
-1.3967359,0.9960981,-2.6475422,1.7432695,-1.6856493,0.1353455
-0.8270917,1.3878036,-2.7320285,1.0367125,-1.6519118,1.8381057
-1.8808390,1.1259358,-2.3343402,1.1980367,1.1264446,0.2494264
-1.8511069,0.4156146,-2.4401438,1.1081073,-1.7325894,1.6705146
-1.3913420,0.8118092,-2.6600325,1.3064293,-1.8068558,1.3373327
-0.8467302,1.2289928,-2.8592308,1.7407428,-0.9036204,-1.8045051
-0.8624537,0.5028061,-3.0125125,-0.3350214,0.7942150,0.1385487
-1.8920162,1.1203735,-2.3201846,1.2076901,-1.4066225,1.7624463
-1.9013581,0.4088720,-2.4911476,0.9509334,-1.6609861,1.9200634
-1.4004310,0.8063036,-2.6374974,-1.1306855,-2.2585661,-0.7744651
-0.8624206,1.2253176,-2.8468345,-1.9168583,-1.6312219,-0.6543243
-0.8811227,0.5019320,-3.0372316,-0.7122312,0.9968743,-1.2003754
-0.8634104,1.3881005,-2.7289535,1.7912844,-1.2040379,-1.2701297
-1.4261430,0.9914936,-2.6255235,-1.2131519,0.7785900,1.0376860
-1.8982024,1.1141889,-2.2944202,2.7691929,1.2022622,0.8693334
-1.9073342,0.4080675,-2.4646969,1.7148712,-0.9042397,-1.7959526
-1.4227497,0.8079811,-2.6453670,1.7409946,-0.9100163,-1.8104598
-0.8781955,1.2197559,-2.8197738,-0.2998615,-0.7191290,3.0331222
-0.9031229,0.5012132,-3.0494056,-1.1812952,1.2666036,-0.3432683
-0.9128132,0.6869463,-2.9664335,-0.9940615,-1.2117130,-0.4104911
-0.8805578,1.3852251,-2.7133617,-0.9936811,-2.1098070,-0.6466653
-1.4427106,0.9901161,-2.6135802,-1.0093797,-2.0393472,-0.6193711
-1.9541368,0.5829153,-2.4630231,1.0456583,-1.6296962,1.8312469
-1.9267441,1.1190740,-2.2988668,1.6985363,-0.8630456,-1.8783443
-1.9746404,0.4020057,-2.5367357,-0.9997704,-2.2056491,-0.6794445
-1.4503960,0.8090455,-2.6627389,1.2973011,1.0793268,0.4700869
-0.8927906,1.2131469,-2.7869134,-1.3648168,-0.7761469,-0.5761936
-0.9257480,0.4997410,-3.0625858,-0.6300506,-2.9668221,-0.8189062
-1.9866200,1.1301722,-2.3341333,1.3822028,1.0964086,0.4522290
-2.0185377,0.4011276,-2.5442471,3.0919796,0.3487920,0.4331406
-1.4910718,0.8115275,-2.6758419,1.6289548,-0.9361718,-1.7345015
-0.9331669,1.2228741,-2.8277673,-1.0059155,-1.9565378,-0.5981586
-0.9628381,0.5030174,-3.0437446,0.7109517,1.5809937,0.4543377
-0.9881091,0.6900945,-2.9667908,2.9620803,-1.0432697,0.0852825
-1.5111574,0.9953776,-2.6113224,1.1142042,-1.6567966,1.7109845
-0.9471273,1.3875609,-2.7132430,1.5437004,-0.7211270,-2.0108671
-2.0082837,1.1335870,-2.3159307,2.0271182,1.1612738,0.4734187
-2.0591348,0.4062798,-2.5489304,1.6922860,-1.0897850,-1.4232328
-1.5254162,0.8166319,-2.6739262,-0.9859854,-1.4955109,-0.4383730
-0.9637961,1.2186940,-2.8022979,0.9170922,-1.5631581,2.0163508
-0.9958974,0.5050767,-3.0140024,1.6378750,-0.9440699,-1.7229716
-1.0203592,0.6897943,-2.9632334,1.6662702,1.1312426,0.4606546
-1.5406209,0.9978560,-2.6094024,1.6147754,-0.9394127,-1.7189617
-0.9742684,1.3879031,-2.7113156,-0.9991149,-1.9444580,-0.5923528
-2.0496018,0.5931668,-2.4435292,-0.9862434,-2.5846707,-0.7441583
-2.0164325,1.3151954,-2.2559882,-1.1753333,1.2760832,-0.4660802
-2.0441669,1.1418811,-2.3240331,0.4999056,0.5695122,-2.9903534
-2.0766101,0.4122940,-2.5210559,3.0593715,0.5482341,0.4574821
-1.5611561,0.8199441,-2.6804245,-1.3713260,1.2729789,-0.0838812
-0.9934195,1.2208256,-2.8074012,1.8372509,1.1499539,0.4900546
-1.0299047,0.5049198,-3.0162769,-1.0101519,-1.1535939,-0.4079213
-1.0387585,0.6928904,-2.9743172,2.5951264,1.1746275,0.5832896
-1.5560769,1.0033606,-2.6181780,-0.9401050,-2.4251536,-0.6570575
-2.0672170,0.6011480,-2.4515057,-1.0061408,-2.0350881,-0.6092634
-0.9878923,1.3904166,-2.7207894,2.5896764,1.1914941,0.5875105
-2.0280929,1.3223108,-2.2615757,-2.0034912,-1.8833266,-0.7075996
-2.0477528,1.1457016,-2.3166222,1.8233689,1.1405688,0.5129746
-2.0971787,0.4199891,-2.5328080,1.1501405,-0.1923262,-2.5629950
-1.5798346,0.8261424,-2.6925940,-1.6682913,-1.0318891,-0.3780560
-1.0052600,1.2202989,-2.8009806,1.6623581,-0.9207056,-1.7542912
-1.0507995,0.5080882,-3.0337389,3.0673308,0.4947560,0.4650833
-1.0497085,0.6945453,-2.9743936,2.5499723,-1.8309604,-0.1217761
-1.5635998,1.0075296,-2.6139699,2.3774842,-2.0438054,-0.2000820
-0.9965913,1.3935494,-2.7271187,1.6585257,-0.9558494,-1.7004803
-2.0777532,0.6083084,-2.4482892,1.5713320,-1.7425951,0.7494399
-2.0372972,1.3308991,-2.2647185,-0.2413796,-0.3183299,1.5195042
-2.0636619,1.1567449,-2.3265577,-0.1201052,-3.0524075,-0.7334765
-2.1130721,0.4265615,-2.5337375,0.3703533,-1.2591755,2.5811420
-1.5878996,0.8294321,-2.6885246,1.6885774,-1.0890065,-1.4891880
-1.0165109,1.2249488,-2.8143894,1.3290649,1.0905354,0.4385439
-1.0652166,0.5100118,-3.0466946,0.9903176,-1.5837208,1.9020598
-1.0594912,0.6946565,-2.9766306,1.1899567,1.0741034,0.3913457
-1.5726850,1.0110714,-2.6196513,1.7445147,-1.2520392,-1.1660301
-1.0027349,1.3935927,-2.7305739,1.7833406,-1.6055281,-0.1866703
-2.0419324,1.3357239,-2.2649903,0.5400460,1.4270535,0.4037372
-2.0883716,0.6136143,-2.4514400,2.4572051,1.1583417,0.5762636
-2.0608622,1.1587897,-2.3154728,1.8013889,-1.5788821,-0.3621259
-2.1154587,0.4317423,-2.5228725,1.6766294,-0.9784219,-1.6771537
-1.6012307,0.8339028,-2.7020290,1.6997974,-1.0907936,-1.4815239
-1.0237457,1.2252815,-2.8190008,-1.0147283,-1.9788536,-0.5976634
-1.0724014,0.5108354,-3.0265275,0.8522819,1.6643646,0.4985781
-1.5799685,1.0144849,-2.6241789,1.1931270,1.0749565,0.3753736
-1.0082190,1.3944889,-2.7366977,1.0718154,-1.6289797,1.7786769
-2.0721749,1.1654908,-2.3267523,-1.0404236,-1.9866556,-0.6087786
-2.1204882,0.4382324,-2.5195834,1.6189586,-0.8505138,-1.8725417
-1.6099327,0.8373644,-2.7073071,1.0254211,-1.6051684,1.8318386
-1.0319416,1.2273048,-2.8322544,1.7024505,-1.0447888,-1.5811650
-1.0921213,0.5106506,-3.0763820,-0.7792419,1.0755627,-1.0953546
-1.5860407,1.0195784,-2.6342948,2.5203042,1.1170656,0.5256634
-1.0743446,0.6977573,-2.9841418,2.8405384,1.1875839,0.6249723
-1.0121632,1.3976796,-2.7475192,1.2966641,1.0818146,0.4174606
-2.0697072,1.1700594,-2.3262475,-1.0616518,-2.0714331,-0.6287648
-2.1410872,0.4445587,-2.5463532,2.0902655,1.1462902,0.5394339
-1.6185834,0.8434340,-2.7204334,2.0595380,1.1378481,0.5441991
-1.0418963,1.2376516,-2.8694951,-0.9933784,-2.6154034,-0.7250823
-1.1004521,0.5136027,-3.0867983,-1.0394349,0.5746034,1.2609392
-1.5869804,1.0250089,-2.6402796,0.3465376,-1.1838812,2.6191697
-1.0116183,1.4010707,-2.7541007,-0.3417031,-0.7494365,3.0145351
-1.0758202,0.7009726,-2.9876717,1.2596284,1.0726199,0.4047146
-2.0512546,1.3557766,-2.2883253,-0.5383038,0.4863409,0.0352729
-2.1109005,0.6344055,-2.4759446,2.3593082,1.1413503,0.5675917
-2.0764893,1.1803052,-2.3418242,0.9649926,-1.5868743,1.9116117
-2.1472806,0.4528257,-2.5576130,1.9921149,1.1376750,0.4901763
-1.6112915,0.8463485,-2.7057709,1.5725748,1.1006155,0.4433213
-1.0393423,1.2371547,-2.8609069,-1.0321476,-2.7293101,-0.7645122
-1.0897971,0.5154804,-3.0356989,0.9876187,-1.5809598,1.8840322
-1.0709063,0.7031403,-2.9873903,-1.0044444,-1.3311149,-0.4302503
-1.5823004,1.0300631,-2.6443960,-0.9385177,-2.4313201,-0.6288839
-1.0032867,1.4024375,-2.7497429,1.5701246,-1.7463804,0.7305775
-2.0467067,1.1777294,-2.3141300,-0.9250223,1.1947871,-0.8932138
-2.1575618,0.4589253,-2.5818362,1.7208767,1.1257507,0.4313081
-1.5830754,0.8450579,-2.6558765,1.6495505,-1.6520438,0.3853312
-1.0217291,1.2281972,-2.8142001,-1.0407680,-2.0388603,-0.6320584
-1.0851880,0.5184477,-3.0362041,-1.0171529,-1.9987032,-0.5802878
-1.0628948,0.7043072,-2.9902016,1.7074552,-1.0899436,-1.5267302
-1.5745529,1.0336704,-2.6522271,1.6757819,-1.1217454,-1.4399340
-0.9922064,1.4029366,-2.7511093,1.6393526,-0.9121489,-1.7941643
-2.0563468,1.1911155,-2.3467800,2.3240927,1.1228554,0.5684679
-2.1341595,0.4668578,-2.5678723,2.2392407,1.1182258,0.4585548
-1.5916049,0.8524011,-2.6978129,2.2066993,-2.2247919,-0.2244628
-1.0257957,1.2438468,-2.8752793,-0.2986999,-0.3123619,1.5101736
-1.0815568,0.5197102,-3.0550727,1.6286449,-0.9553480,-1.7441355
-1.5662558,1.0403875,-2.6678906,2.8463306,-1.3288786,0.0456971
-1.0527080,0.7083359,-2.9997324,1.5576970,-1.7507219,0.7309260
-0.9800880,1.4067563,-2.7614216,1.1916642,-1.6977930,1.5546494
-2.0901315,0.6568630,-2.5019459,1.0910708,-1.6497539,1.7158338
-2.0271911,1.3770500,-2.3146972,-2.0745265,-2.0513989,-0.7573034
-2.0658978,1.2059439,-2.3870898,1.6319402,-0.9438723,-1.7627507
-2.1247879,0.4764481,-2.5787160,2.0316081,1.1225596,0.5134285
-0.9964087,1.2255345,-2.7953133,-0.4408338,-0.2035724,1.4955343
-1.6049054,0.8655762,-2.7619174,1.6611019,-1.0732211,-1.5355897
-1.0781561,0.5246647,-3.0880998,-1.3572378,1.2710174,0.0573884
-2.0859664,0.6665548,-2.5158027,1.0293237,-1.6234374,1.8071150
-2.0642202,1.2186618,-2.4078996,2.6134024,1.1269855,0.5493540
-2.1042902,0.4869952,-2.5666045,0.9119335,-1.5657927,1.9654492
-1.5751123,0.8660938,-2.7202200,2.3857113,1.1444888,0.6475854
-0.9959099,1.2433239,-2.8543438,1.7530933,-1.1261133,-1.4787080
-1.0611929,0.5306441,-3.0451155,-1.7691326,-1.1641146,-0.4244860
-1.5445963,1.0554890,-2.6900456,2.9837663,0.8283372,0.5297176
-1.0271213,0.7189571,-3.0053919,0.8321326,-1.5462960,2.0633454
-0.9529100,1.4185462,-2.7764282,1.0792064,-1.6741337,1.7226507
-2.0456623,1.2256448,-2.4180438,1.7933242,1.1172089,0.4741169
-2.0857325,0.4964498,-2.5741176,1.9429154,1.1181183,0.5296612
-1.5647822,0.8751469,-2.7395171,1.6661436,-0.9849189,-1.7260868
-0.9748195,1.2459090,-2.8474921,2.1409007,1.1541266,0.6091083
-1.0436997,0.5351848,-3.0522117,-1.0527664,-2.6428184,-0.7360200
-0.9318245,1.4223305,-2.7833101,2.0794202,1.1452847,0.5769572
-1.5256085,1.0612815,-2.7024894,1.6484613,-1.6843477,0.3738010
-1.0054852,0.7234408,-3.0110245,1.6396846,-1.7544500,0.4695320
-1.9887042,1.4024552,-2.3580390,1.7146974,-1.0803061,-1.5735582
-2.0586796,0.6842342,-2.5553260,1.7173817,-1.6993695,0.1389867
-2.0154785,1.2275755,-2.4174488,3.0354657,0.7711473,0.2467476
-2.0653501,0.5045702,-2.5885256,1.0005224,-1.6454047,1.8107740
-0.9549752,1.2515805,-2.8610059,1.6741810,-0.8334325,-1.9311003
-1.5439621,0.8806916,-2.7492651,1.6895806,-1.7617758,0.2817455
-1.0264781,0.5398140,-3.0800724,1.5366438,-1.7951500,0.7788746
-0.9224926,1.4275775,-2.7954530,1.6911511,-0.9755653,-1.7211072
-0.9967801,0.7297067,-3.0267698,0.9376519,-1.6120435,1.9155297
-1.5195950,1.0685053,-2.7217641,1.0566066,1.1013191,0.3717942
-1.9922884,1.2276477,-2.4120949,0.7749778,-1.1950147,2.3736534
-2.0541082,0.5130380,-2.6013427,-1.0683698,-2.0787786,-0.6205511
-0.9502803,1.2624943,-2.8944781,1.7045527,-0.8893333,-1.8655397
-1.5428046,0.8892335,-2.7789440,1.2044863,-1.7548099,1.4742861
-1.0173552,0.5471032,-3.0913777,-1.0294172,0.6017430,1.2725515
-0.9146341,1.4334929,-2.8082208,1.5687598,-1.7887262,0.7238123
-1.5125275,1.0743779,-2.7359295,1.1893511,1.0665102,0.3776382
-0.9877442,0.7349163,-3.0341117,-1.0323876,-1.1228686,-0.4094857
-1.9930006,1.2361975,-2.4416218,1.6403439,-1.2160144,-1.0396188
-2.0522153,0.5196054,-2.6266324,1.6244920,-0.8684624,-1.9042997
-0.9403648,1.2659256,-2.8959506,-1.0525827,-1.3884675,-0.5277904
-1.5405163,0.8971913,-2.8064151,2.5103218,1.1658236,0.7098936
-1.0344349,0.5519326,-3.2473862,-1.1550167,1.2920500,-0.4972415
-1.5088568,1.0804150,-2.7583068,0.9520282,-1.5633622,1.9260457
-0.9810322,0.7406112,-3.0527809,1.3577385,1.0738425,0.4515426
-0.9091991,1.4391427,-2.8262191,2.4704133,1.1780863,0.6686422
-1.9803644,1.2377490,-2.4503163,1.2944842,-1.4645390,1.5106367
-2.0484957,0.5266559,-2.6507621,1.6104138,-1.3167624,-0.2513760
-0.9336555,1.2704845,-2.9111997,1.6728710,-1.7499755,0.3708929
-1.5522741,0.9087746,-2.8680363,2.0076401,1.1146856,0.4904948
-1.0040797,0.5578991,-3.1386338,1.7231961,-1.6992106,0.1181867
-1.4901355,1.0872005,-2.7789313,1.5595088,-0.8292339,-1.9293842
-0.8901150,1.4459566,-2.8440503,1.7221015,-1.0131155,-1.6668175
-0.9592660,0.7470679,-3.0688985,2.3467770,1.1466526,0.6267756
-2.0300023,0.7117932,-2.6510146,1.1661473,1.0614932,0.4067727
-1.9582004,1.4268768,-2.4416576,1.5004138,-1.7876246,0.8691956
-1.9851837,1.2522251,-2.5051240,0.4515819,-1.4020609,2.4166232
-0.9144861,1.2784836,-2.9332614,1.6075078,-0.7732750,-1.9995012
-2.0711094,0.5316200,-2.7408658,1.0268626,-1.6178122,1.8140119
-1.5257997,0.9138258,-2.8717524,-0.5881518,0.9665242,-1.2454905
-0.9803598,0.5633575,-3.1453186,2.8825609,1.0679246,0.6480618
-1.4841043,1.0900146,-2.7934328,1.3036377,-0.4198129,-2.4000835
-0.8841754,1.4498317,-2.8579379,2.1813741,1.1617610,0.6280219
-0.9521729,0.7500490,-3.0828100,1.7569349,-1.6935555,-0.0141914
-1.9516870,1.4285785,-2.4548244,1.6123950,-1.7849694,0.5527108
-2.0258748,0.7143691,-2.6708662,0.9296017,-1.5946487,1.9409542
-1.9809781,1.2555927,-2.5237625,-1.0515290,-2.3387305,-0.6748980
-0.9064835,1.2803048,-2.9400129,1.6923819,-0.9316824,-1.7933330
-2.0572686,0.5339145,-2.7461891,1.4460299,1.0871168,0.4261784
-1.5143893,0.9146285,-2.8746980,-0.9981364,0.5144939,1.2734898
-0.9722231,0.5668063,-3.1579671,1.6420699,-0.8816100,-1.8606479
-0.9341019,0.7530105,-3.1001169,2.0865901,1.1409907,0.5890094
-0.8677159,1.4517976,-2.8738177,1.6138107,-0.7775468,-1.9867563
-1.4676749,1.0922703,-2.8138413,1.6635693,-1.0175260,-1.6520099
-1.9381076,1.4306371,-2.4795318,1.8897717,1.1259183,0.5706915
-2.0123775,0.7174302,-2.6998480,1.8003576,-1.5799929,-0.4037802
-1.9714273,1.2594046,-2.5555449,0.9130023,-1.6580705,1.9041720
-2.0367806,0.5374834,-2.7636495,1.5545369,-1.7479896,0.7530999
-0.8994388,1.2994360,-3.0211125,1.3576286,1.0693541,0.5087393
-1.4946499,0.9159542,-2.8881832,1.0344026,-1.6430518,1.7783137
-0.9559920,0.5698641,-3.1876572,1.7961812,-1.6192361,-0.2930904
-0.8512868,1.4567997,-2.8933169,1.5176383,1.1054210,0.5106830
-1.4521593,1.0974999,-2.8371454,1.6073503,1.1041296,0.4693169
-0.9162180,0.7580001,-3.1214951,1.7159696,-1.0297357,-1.6485722
-1.9976774,0.7226782,-2.7261533,1.7855418,1.1255041,0.5186391
-1.9243414,1.4351140,-2.5043108,1.6598886,-0.9011440,-1.8534188
-1.9553650,1.2636140,-2.5780595,1.6970733,-0.9809992,-1.7402369
-0.8750362,1.2897619,-2.9881508,1.2353477,-1.7956901,1.4359696
-2.0287908,0.5418037,-2.8019587,-1.0384734,-1.1109552,-0.3991553
-1.4776373,0.9210530,-2.9085473,1.6707894,-1.6570308,0.2750009
-0.9201939,0.5745314,-3.1059747,1.3739329,1.0756532,0.4797669
-0.8326007,1.4600416,-2.9088066,1.6991836,-0.9322008,-1.7835681
-0.8964199,0.7603115,-3.1338141,1.7571666,-1.1251285,-1.4960526
-1.4337006,1.1000061,-2.8539076,0.9521481,-1.5872089,1.9162226
-1.9048093,1.4363556,-2.5199267,1.7623636,-1.7232520,-0.0213080
-1.9830733,0.7263242,-2.7527955,-1.0435657,-2.0360976,-0.6158762
-1.9469211,1.2708380,-2.6125911,-1.0592111,-2.2587813,-0.6653055
-0.8547692,1.2904956,-2.9907333,-1.0353561,-1.1012195,-0.4425591
-2.0146422,0.5463098,-2.8303101,1.0905319,1.0860374,0.3692938
-1.4621577,0.9248094,-2.9353170,2.7353367,1.1664723,0.6219028
-0.9167452,0.5764297,-3.2156230,2.9828794,-0.9528714,0.2531223
-0.8159751,1.4616308,-2.9251437,-0.3851584,-3.0180906,-0.7825512
-1.4184188,1.1024571,-2.8755078,2.0245340,-2.3913156,-0.2290768
-0.8784919,0.7621867,-3.1479701,1.7156601,-1.0107524,-1.6784971
-1.8905174,1.4383858,-2.5439931,1.6954741,-0.9349891,-1.8146875
-1.9724041,0.7300015,-2.7855885,0.9639594,-1.6209626,1.8905058
-1.9266628,1.2714535,-2.6315643,-1.1036706,-2.0600072,-0.6619796
-0.8406846,1.2998888,-3.0346074,0.8627046,-1.6477930,1.9778310
-1.9958056,0.5493830,-2.8509819,-0.3161799,-3.0415686,-0.7200661
-1.4499258,0.9284512,-2.9668841,1.6116030,-0.8569514,-1.8954340
-0.8982698,0.5789243,-3.2306638,3.0714690,0.2987412,0.5885886
-0.8616418,0.7679601,-3.1692829,1.6924191,-0.9434123,-1.7777639
-1.4037403,1.1087332,-2.8992947,-1.0453299,-1.9945309,-0.5988923
-0.8000836,1.4675871,-2.9458947,0.9653102,-1.6833372,1.8622977
-1.9585708,0.7368169,-2.8126349,2.0608278,1.1422649,0.5705717
-1.8783056,1.4446745,-2.5716458,0.9935403,-1.7046816,1.7901975
-1.9138669,1.2763164,-2.6567880,1.1686473,1.0404147,0.4581867
-0.8225319,1.3004984,-3.0389899,1.9744774,1.1593097,0.6336751
-1.9613237,0.5556160,-2.8414422,1.8921826,1.1278126,0.5542823
-1.4335892,0.9346529,-2.9872270,1.1976421,-1.7224322,1.5116776
-0.8796887,0.5856624,-3.2449722,1.6980898,-0.9891216,-1.7132984
